citySlug,topicSlug,title,question,headline_answer,unit,qualifier,detail_rows,source,verified_date,status,cluster,county,tier,views
fort-lauderdale,seawall-height-requirement,Fort Lauderdale Seawall Height Requirement,How high does a seawall have to be in Fort Lauderdale?,5.0,"ft NAVD88, capped at BFE or 6.0","Fort Lauderdale sets both ends. The minimum is 5 ft NAVD88 and the maximum is your base flood elevation or 6 ft NAVD88, whichever is lower - and where those two rules collide, the minimum wins. The city also runs a waiver nobody mentions, which expires the day you sell. The barrier is designed against tidal flooding through the year 2070.","Minimum :: 5 ft NAVD88 for a new or modified tidal flood barrier. ULDR 47-19.13.D(1). | Maximum :: The base flood elevation on the FEMA FIRM, or 6 ft NAVD88, whichever is lower. In an X zone the cap is the natural ground elevation. Where the maximum would conflict with the 5 ft minimum, the minimum governs. ULDR 47-19.13.D(12). | The 2035 route :: An application before 1 January 2035 may be permitted at 4 ft NAVD88, provided the barrier is designed to accommodate 5 ft NAVD88 by 1 January 2050. ULDR 47-19.13.D(1). | The waiver most people never hear about :: If the principal structure has a habitable finished floor below 4.0 ft NAVD88, the city engineer may waive the minimum. It runs three years at most, it becomes void the moment the property changes hands, and the city can rescind it on fifteen days' notice if the wall is overtopped or fails to perform. The request fee is $186. | The 3.9 figure is dead :: Before 23 March 2023 the minimum was 3.9 ft NAVD88 for properties with a base flood elevation of 4.0 ft, with a 5.0 ft maximum. Ordinance C-23-05 deleted it. Many existing walls were built to it, so an older wall that met code when it went in can now sit below the current minimum. | What counts as substantial :: Either test triggers it - work along more than 50% of the shoreline length, or work exceeding 50% of the fair market replacement cost of the existing structure. Note it is replacement cost of the structure, not property value. ULDR 47-19.13.C(12). | The trap in that definition :: Docks, finger piers, piles and ancillary footers are excluded from the calculation - but a concrete dock poured monolithically with the seawall cap is counted in. | The whole shoreline :: A barrier undergoing substantial repair must be built along the property's entire shoreline. ULDR 47-19.13.D(7). To the extent practicable it must also adjoin the neighbours' barriers to close gaps. D(6). | The clock, and it is a citable offence :: 60 days to show progress after a citation, 365 days to complete. Letting tidal water trespass onto a neighbour or the right-of-way is declared a public nuisance. A wall built to the standard that is simply overtopped is not. ULDR 47-19.13.D(2) and (3). | What it costs to ignore :: Up to $500 per violation, and each day a violation continues is a separate offence. Code of Ordinances Sec. 1-6(c). The city may also repair a seawall itself and place a lien for the cost. Sec. 2-155(2). | Riprap on new walls :: A vertical seawall built in marine waters where none existed before must carry natural limerock riprap, or approved habitat enhancement, at the waterward face. ULDR 47-19.13.D(8). Riprap on its own does not count as a barrier. C(13). | Caps :: A cap added to an existing wall must be at least as wide as the existing cap. D(5). | Your dock follows the wall :: On a new or reconstructed barrier a dock may sit up to 12 inches above the maximum elevation allowed. On an existing structure, up to 12 inches above that structure's top. ULDR 47-19.3(f). | Disclosure when you sell :: Contracts executed after 23 March 2023 for property in a tidally influenced area must carry a tidal flood barrier disclosure in capitalised bold-faced type of at least 14 point. ULDR 47-19.13.E. | Where it does not apply :: Oceanfront beaches and shorelines seaward of the Coastal Construction Control Line. ULDR 47-19.13.B. | Permits :: Development Services, through the LauderBuild portal. Signed and sealed plans for the seawall and piles by a Florida licensed engineer or architect, a special inspector form for pile installation, and dredge approval from Broward County and/or FDEP. The single-family engineering permit fee is $244, adjusted annually for CPI without a hearing. Code Sec. 9-54.","City of Fort Lauderdale ULDR Sec. 47-19.13, Resiliency Standards for Tidal Flood Protection (Ord. C-23-05, 23 March 2023) and Sec. 47-19.3(f); Code of Ordinances Secs. 1-6, 2-155 and 9-54; Broward County Code Ch. 39, Art. XXV, Sec. 39-407",2026-10,verified,Compliance,Broward,1,0
fort-lauderdale,seawall-permit,Seawall Permits in Fort Lauderdale,Do I need a permit to repair a seawall in Fort Lauderdale?,"Yes, plus county license",city permit + county license,"Yes. Fort Lauderdale requires a permit from its Development Services Department before work on mooring structures, a term its code defines to include seawalls. A substantial repair (more than half the shoreline, or over half the wall's fair market replacement cost) must meet the city's tidal flood barrier height, which is also capped at the FEMA base flood elevation or 6 ft NAVD88. Broward County also requires its own Environmental Resource License, often a general license for a repair in the same place.","City :: A permit from the Development Services Department is required before construction of mooring structures, defined to include a seawall; on navigable waters every regulating authority must also approve, and the applicant certifies ownership of the abutting land or produces the owner's written consent - Code Sec. 8-91(a)(2), (b). The city's Permitting Services FAQ lists seawalls among permits filed with a copy of a current survey and a completed Zoning Affidavit, and a permit renewed before it expires costs 50% of the original fee (100% after expiry). Substantial repair = work along more than 50% of the property's shoreline or over 50% of the wall's fair market replacement cost; docks, finger piers and piles are not counted - ULDR Sec. 47-19.13.C.12. Such walls need 5.0 ft NAVD88 (4.0 ft for applications before 1 Jan 2035 if designed to reach 5.0 ft by 2050), must run along the entire shoreline, and may not top the FEMA base flood elevation or 6 ft NAVD88, whichever is lower - Sec. 47-19.13.D.1, D.7, D.12. The city engineer may grant a waiver of up to 3 years where the home's habitable floor is below 4.0 ft NAVD88 - Sec. 47-19.13.D.1 (Ord. C-23-05) | Broward County :: Construction in regulated aquatic resources needs a county Environmental Resource License (ERL) - Broward County Code Sec. 27-333(a)(1). Repairing an existing functional seawall no more than 1 ft waterward of its authorized location, or a new wall within 1 ft of the old wet face with the old wall left in place, qualifies for a general license (Sec. 27-336(a)(1)b.), as do refacing, crack filling, seepage holes and other minor repairs (n.) and raising the cap in the same footprint (o.); the code says a general license is issued within 10 days of a complete application - Sec. 27-336(a)(1) | State :: Restoring a seawall at its previous location, upland of it, or within 18 inches waterward is exempt from a state environmental resource permit; the exemption does not replace permission to use state-owned submerged land or county and city requirements, and does not cover chapter 161 coastal permits - s. 403.813(1), (1)(e), F.S. | Federal :: A U.S. Army Corps of Engineers (Department of the Army) authorization is required for structures or work in or affecting navigable waters, unless exempt or covered by a nationwide or regional general permit - 33 CFR 322.3(a) (Rivers and Harbors Act s. 10)","Fort Lauderdale Code Sec. 8-91; ULDR Sec. 47-19.13 (Supp. 58); Permitting Services page; Broward County Code Ch. 27 Art. XI Secs. 27-333, 27-336 (Supp. 72); s. 403.813(1)(e), F.S. (2026); 33 CFR 322.3(a)",2026-10,verified,Compliance,Broward,1,0
fort-lauderdale,flood-zone,Fort Lauderdale Flood Zone & Elevation Rules,"What flood zone is Fort Lauderdale in, and what does it require?",BFE +1 ft (state code),lowest floor above base flood elevation; no extra city freeboard,"Fort Lauderdale's floodplain chapter adds no freeboard number of its own for ordinary buildings, so the Florida Building Code's BFE + 1 ft applies. What the city does add is a two-year look-back: improvements are added up over two years when testing the 50% substantial-improvement line.","City freeboard :: None set for ordinary buildings in Code Ch. 14; critical facilities must be at BFE + 3 ft or the 500-year flood elevation, whichever is higher - Sec. 14-11. | Substantial improvement :: Any combination of work taking place during a two-year period whose cumulative cost equals or exceeds 50% of the building's market value - Sec. 14-1. | City lookup tool :: The city's flood-insurance page sends owners to its GIS Application (gis.fortlauderdale.gov/FemaFloodZones) to read the FIRM zone for a parcel; the same page still quotes 2014 maps and a 20% discount, which FEMA's current records supersede. | FEMA flood map :: FEMA's Community Status Book (report dated 3 Oct 2026) lists Fort Lauderdale as NFIP community 125105 with a current effective FIRM dated 31 Jul 2024. Zones are set parcel by parcel, so no single zone covers the whole city - check your own address. | NFIP history :: FEMA record: first flood hazard boundary map 3 Nov 1972; first FIRM 3 Nov 1972; regular NFIP program since 3 Nov 1972; entered CRS 1 Oct 1992. | Flood insurance discount :: CRS class 7 - 15% off NFIP premiums for policies in the Special Flood Hazard Area (class in effect 1 Oct 2020). | State minimum :: 2023 Florida Building Code, Residential R322.2.1 and R322.3.2 - lowest floor (A zones) or bottom of the lowest horizontal structural member (V and Coastal A zones) at BFE + 1 ft or the design flood elevation, whichever is higher. | Look up your zone :: City GIS Application (gis.fortlauderdale.gov/FemaFloodZones) or FEMA's Flood Map Service Center (msc.fema.gov), the official public source for FIRMs.","Fort Lauderdale Code of Ordinances Ch. 14 Secs. 14-1, 14-11; City of Fort Lauderdale Flood - Flood Insurance page; FEMA Community Status Book, Florida (www.fema.gov/cis/FL.html, report 10/03/2026); 2023 Florida Building Code, Residential R322.2.1, R322.3.2; 44 CFR 59.1; FEMA Flood Map Service Center",2026-10,verified,Compliance,Broward,1,0
fort-lauderdale,dock-permit-size,Dock Permits & Size Limits in Fort Lauderdale,How big a dock can I build in Fort Lauderdale?,25% of waterway width or 25 ft,"whichever is less, from the property line","Fort Lauderdale caps a dock at 25% of the waterway's width or 25 ft from the property line, whichever is less. Mooring piles may reach 30% or 25 ft, and the boat itself must stay inside the house's side setback lines extended into the water. Only the City Commission can go further, and never past 30% of the width.","Dock projection :: Docks, slips, davits, hoists and similar mooring structures may not extend into the waterway more than 25% of its width or 25 ft, whichever is less, measured from the property line. A principal building must already exist on the lot - ULDR 47-19.3(c) | Mooring and dolphin piles :: No more than 30% of the waterway width or 25 ft beyond the property line, whichever is less - 47-19.3(d) | Commission waiver :: The City Commission may waive (c) and (d) in extraordinary circumstances after a public hearing with notice to owners within 300 ft, but never beyond 30% of the waterway width; no Board of Adjustment variance can go past 30%. Piles beyond (d) need 5-inch marine reflector tape in international orange or iridescent silver within 18 inches of the top - 47-19.3(e) | Deck height :: A dock installed after 23 March 2023 may not sit higher than the maximum tidal flood barrier elevation at that spot; up to 12 inches higher if attached to a new or rebuilt barrier, not poured monolithically with the cap and not blocking water flow over it - 47-19.3(f) | Boat position :: No watercraft docked beside residential property may extend beyond the side setback lines required for the principal building, extended into the waterway. Isle of Venice and Hendricks Isle owners are excepted under Resolution 85-270 - 47-19.3(h),(i) | Lifts and davits :: One mooring device per first 100 ft of lot width (a second on 100-200 ft lots needs Site Plan Level II review) plus one PWC lift; cross-section no more than 1 sq ft, height no more than 6.5 ft above lot grade; a hoisted boat's lowest point no more than 1 ft above the seawall cap - 47-19.3(b) | No boathouses :: No boathouse or boat cover in the required setback or over a public waterway - 47-19.3(g) | Melrose Park and Riverland Road :: In these annexed areas docks may project only 5 ft beyond the property line or bulkhead line and must stay 10 ft from the neighbour's plot line, except in RS-6.85B and RD-12.22 where 47-19.3 applies - ULDR 47-39.A.1.b(12)(a),(i) | Permit :: A permit from the development services department, plus approval of every agency regulating navigable waters; the applicant must own the upland or have the owner's written consent - Code Sec. 8-91(b) | Moored boats :: Code Sec. 8-91(e) separately limits moored boats to 30% of the canal or waterway width from the recorded property line | Broward County license :: Work in the county's regulated aquatic resources, which include canals and tidal waters, needs a Broward County Environmental Resource License - County Code 27-332, 27-333(a)(1). A new dock, floating dock or other over-water structure of 500 sq ft or less, measured from the seawall's wet face at mean high water, with no dredging or filling beyond the pilings, qualifies for a general license issued within 10 days of a complete application - 27-336(a)(1)e. A county ordinance that sets minimum environmental-protection standards prevails over city ordinances - Broward County Charter Sec. 11.01 | State exemption :: A private, non-commercial dock on pilings with 1,000 sq ft or less of over-water surface (500 sq ft in Outstanding Florida Waters), and the only exempt dock along 65 ft of shoreline (or one per lot if the lot is narrower), needs no state environmental permit - Fla. Stat. 403.813(1)(b). The exemption does not grant permission to use state-owned submerged lands and does not override city or county rules - 403.813(1) | Federal :: Structures in navigable waters need a Department of the Army permit, general or individual - 33 CFR 322.3(a)","Fort Lauderdale ULDR Sec. 47-19.3 (through Ord. C-26-03, 1-20-26) and 47-39.A.1.b(12); Code of Ordinances Sec. 8-91 (through Ord. C-23-13); Broward County Code Secs. 27-332, 27-333, 27-336 (through Ord. 2026-16); Broward County Charter Sec. 11.01; Fla. Stat. 403.813(1)(b) (2026); 33 CFR 322.3(a)",2026-10,verified,Dock,Broward,1,0
fort-lauderdale,boat-lift-rules,Boat Lift Rules in Fort Lauderdale,What are the boat lift rules in Fort Lauderdale?,"Allowed, one per 100 ft of lot width",mooring device + 1 PWC lift; 6.5 ft max height,"Fort Lauderdale lets you put davits, hoists and boat lifts on a seawall or dock, but counts them: one mooring device for each 100 feet of lot width, plus one lift used only for a personal watercraft. The device itself is capped at 6.5 feet above lot grade with a one-square-foot cross section, and a raised boat's lowest point may sit no more than one foot above the seawall cap. A permit from Development Services comes first.","Allowed where :: Boat davits, hoists and similar mooring devices may be erected on a seawall or dock - ULDR Sec. 47-19.3(b). Mooring devices are defined to include boat davits, hoists and boat lifts - Sec. 47-19.3(a)(1) | How many :: One mooring device for the first 100 feet of lot width or portion of it, and one for each additional 100 feet. A second device on a lot wider than 100 but under 200 feet needs Site Plan Level II approval by the development review committee, which looks at neighbours' views and the device's height, width and length - Sec. 47-19.3(b)(1) | Jet ski lift :: In addition, one lift designed and used solely for a personal watercraft is allowed per development site - Sec. 47-19.3(b)(2) | Size and height :: The davit, hoist or other device may not exceed one square foot in cross section or 6.5 feet above lot grade - Sec. 47-19.3(b)(3) | Boat when raised :: The lowest appendage of the vessel may not be hoisted more than one foot above the seawall cap, or above average grade where there is no seawall - Sec. 47-19.3(b)(4) | Covers :: No boathouse, permanent covering or temporary covering for a boat is allowed within the zoning setback area, and none may be placed over a public waterway - Sec. 47-19.3(g) | Projection :: The code sets no separate reach for the lift itself; it goes on the seawall or dock, and docks and similar mooring structures may extend 25% of the waterway width or 25 feet, whichever is less, from the property line. Moored boats may extend up to 30% of the canal width - Sec. 47-19.3(c); Code Sec. 8-91(e) | Principal building first :: Davits, hoists and similar mooring structures may only be built on a lot that already has a principal building and abuts a waterway - Sec. 47-19.3(c) | Permit :: A permit from the Development Services Department is required before erecting boat davits, hoists or similar mooring structures; on navigable waters every regulating agency must also approve, and the applicant must own the waterfront land or have the owner's written consent - Code Sec. 8-91(b) | Guide pole :: Any part of a lift that can be submerged needs a vertical guide pole at least 1.5 inches in diameter, standing at least 6 feet above the water at all times, with a reflective finish - Code Sec. 8-91(d) | Melrose Park and Riverland Road :: In these annexed areas a boat lift may not exceed 15 feet in height, must stay 10 feet from side plot lines and may extend no more than 33% of the waterway or 25 feet; lifts more than 5 feet out need night reflectors - ULDR Sec. 47-39.A.1.b(11) | Broward County :: Boatlifts and davits are listed among the projects that qualify for a county general environmental resource license, which the code says is issued within ten days of a complete application - Broward County Code Sec. 27-336(a)(1)f. | State and federal :: Floating boat lifts and floating vessel platforms that meet s. 403.813(1)(s), F.S. (they float at all times, hold the vessel out of the water, and either sit inside a previously permitted slip or total no more than 500 sq ft - 200 sq ft in Outstanding Florida Waters - beside a qualifying dock or bulkhead) need no state permit; a local government may then ask only for a one-time registration unless the platform is attached to a bulkhead with no dock. Structures in navigable waters otherwise need Army Corps authorization unless exempt or under a general permit - 33 CFR 322.3(a).","City of Fort Lauderdale ULDR Sec. 47-19.3 and 47-39.A.1.b(11) (Supp. 58 Update 2) and Code of Ordinances Sec. 8-91 (Supp. 67 Update 2); Broward County Code Sec. 27-336 (Supp. 72); s. 403.813(1)(s), F.S. (2026); 33 CFR 322.3(a)",2026-10,verified,Dock,Broward,1,0
fort-lauderdale,deck-requirements,Waterfront Deck Rules in Fort Lauderdale,What are the deck setback and railing rules in Fort Lauderdale?,10 ft,"from the waterway for shade structures, screen enclosures and tall planters; decks per height","Fort Lauderdale measures every waterway yard from the wet face of the seawall. A deck at or below the ground-floor level needs no setback at all, a raised deck must stay 5 ft from property lines and no more than 2.5 ft above the finished floor, and gazebos, tiki huts, trellises and pool screen enclosures must stay 10 ft back from the water.","Where the yard is measured :: A yard along a waterway is measured from the face of the seawall in contact with the water (the wet face), or from the edge of the waterway where there is no seawall. ULDR Sec. 47-2.2.S. | At-grade decks :: Allowed in front, rear and side yards with no required setback, but not higher than the finished floor elevation of the ground floor. ULDR Sec. 47-19.2.G.1. | Above-grade decks :: Allowed in required yards no closer than 5 ft to any property line and no more than 2.5 ft above the ground-floor finished floor elevation; a visible vertical edge must be finished to match the deck. Sec. 47-19.2.G.2. | Gazebos, tiki huts, trellises :: In the rear yard, 10 ft from the waterway; open on all sides, max 12 ft tall, max 200 sq ft in the yard, one per plot. Sec. 47-19.2.P. | Pools and screen enclosures :: Single-family pools 5 ft from any property line and not above the ground-floor finished floor; setback measured from the outer edge of coping. Screen enclosures 10 ft from a property line abutting a waterway, max 12 ft tall in the rear yard, and no more than 5% of required pervious area may sit inside them. Sec. 47-19.2.BB. | Planters :: On a waterway, planters taller than 2.5 ft above grade stay 10 ft from the waterway. Sec. 47-19.2. | Sheds and tanks :: Utility sheds on a waterway lot must meet the district yard for that side (otherwise 5 ft from lines), max 10 ft tall, 12 ft per side and 100 sq ft, one per development site; satellite dishes stay 10 ft from the property line abutting the waterway. Sec. 47-19.2 (EE, satellite dish antennas). | Where it lives :: Unified Land Development Regulations Sec. 47-19.2 'Accessory buildings, structures and equipment, general' and Sec. 47-2.2 'Measurements'. | Guards (state rule) :: Florida Building Code, Residential, 8th Edition (2023), Sec. R312.1.1-R312.1.3: a guard is required on open sides of a walking surface located more than 30 inches above the floor or grade below at any point within 24 inches of the open edge; it must be at least 36 inches high; openings must not let a 4-inch sphere pass. No local guard amendment was found in this city's code.","City of Fort Lauderdale ULDR Sec. 47-19.2 (G, P, BB) and Sec. 47-2.2.S (ULDR Supp. 58 Update 2); Florida Building Code, Residential, 8th Ed. (2023) R312.1.1-R312.1.3 (ICC Digital Codes)",2026-10,verified,Deck,Broward,1,0
fort-lauderdale,licensed-contractors,Checking a Marine Contractor in Fort Lauderdale,How do I check a marine contractor in Fort Lauderdale?,Register first,licence + insurance kept current in LauderBuild,"Fort Lauderdale accepts building permit applications only from contractors holding a current certificate of competence and licence in their field (Code Sec. 9-27), and every licensed professional has to register and keep licence and insurance documents current in LauderBuild. Expired credentials block permits and even fee payments, and expired licences drop out of the public search - so a contractor you cannot find there is worth a phone call before you sign.","City registration :: Online only, through LauderBuild - not by email or post: a registration form, a state licence or county certificate of competency, liability insurance, and workers' comp or an exemption letter, with the City of Fort Lauderdale, as certificate holder - Contractors & Licensed Professionals page | Permits only to licensed contractors :: Applications for building permits are accepted only from contractors holding a current certificate of competence and license in their respective fields, apart from the exceptions in Secs. 9-28 and 9-29 - Code Sec. 9-27 | Business tax :: Before working, engaging in business or contracting in any listed classification, a contractor must pay any required local business tax and show the receipt on demand - Code Sec. 9-73 | Check them yourself :: In LauderBuild (aca-prod.accela.com/FTL) run a Licensed Professional Search, or Reports > LP License Status to see when their documents expire. Expired licences are not searchable at all | Minor work only :: The city lets non-licensed contractors register only for certain project types and minor construction work | County licence :: Broward's Building Code Division handles contractor licensing and enforcement under County Code Ch. 9 through the Central Examining Board of Construction Trades. County-licensed contractors, suspensions and revocations are checked by phone on 954-765-4400; complaints go to CLE-Complaint@broward.org | Marine cards are voluntary :: Broward lists its marine specialty, marine seawall, bulkhead, dock and pile-driving certificates under Division I (Voluntary), so a county card is not mandatory for marine work - Broward Contractor packet | State licence :: Search the company and the qualifier on DBPR's Verify a Licensee (myfloridalicense.com). A licence number starting with C is a state certification valid anywhere in Florida; one starting with R is a registration, good only where the holder met local competency rules - F.S. 489.105(8),(10) and the DBPR licensing page | Who may build a seawall or dock :: A certified general contractor's scope is unlimited (489.105(3)(a)). The state also certifies five marine specialties: marine specialty, marine seawall work, marine bulkhead work, marine dock work and marine pile driving - Rule 61G4-15.100(1)(b)-(f) | Workers' comp :: In construction a single employee makes coverage mandatory (440.02(20)(b)2). Up to three officers or LLC members owning at least 10% may file exemptions (440.02(18)(b)2), and the exemption certificate itself says it is not a DBPR licence (440.05(4)). Check it on the DWC data portal's Coverage and Exemptions search (dwcdataportal.fldfs.com) | Recovery fund :: For contracts signed on or after 1 July 2024 the Homeowners' Construction Recovery Fund pays at most $100,000 per claim against a Division I contractor (general, building, residential) and $30,000 against a Division II contractor, which includes the marine specialties; the lifetime caps are $2 million and $600,000 per licensee - 489.143(3),(6). Nothing is paid if the contractor was unlicensed when you signed - 489.141(2)(d) - and residential contracts over $2,500 must print the fund notice - 489.1425 | Deposits :: A contractor who takes more than 10% up front on residential work must apply for permits within 30 days and start within 90 days of the permits issuing, unless you agreed to longer in writing - 489.126(2)(a) | Three-day cancel :: If the deal was a home solicitation sale over $25 - signed away from the seller's place of business and not the result of your own request for specific goods or services - you can cancel in writing until midnight of the third business day; Sundays and federal holidays don't count - 501.021, 501.025 | Business tax is not a licence :: A contractor pays business tax where its permanent office is, and no other city or county may levy a business tax or an equivalent registration fee for temporary work there - 205.065","City of Fort Lauderdale Code Secs. 9-27, 9-73; Development Services - Contractors & Licensed Professionals page; LauderBuild (Accela); Broward County Building Code Division page; Broward Contractor packet (Contractor Information PDF); F.S. 489.105, 489.126, 489.141, 489.1425, 489.143, 440.02, 440.05, 501.021, 501.025, 205.065 (2026); Fla. Admin. Code R. 61G4-15.100; DBPR Construction Industry page and Verify a Licensee; DFS Division of Workers' Compensation construction exemption page and data portal",2026-10,verified,Failing,Broward,1,0
fort-lauderdale,storm-prep,Storm Prep for Fort Lauderdale Waterfront Owners,What are the storm and debris rules in Fort Lauderdale?,Boat owner's job,no citywide boat-removal order,"Fort Lauderdale's code puts storm protection of a boat on its owner: a vessel at a municipal dock space must be protected by its owner once a hurricane warning is issued for Broward County. Boarding up openings for hurricane preparation during a watch or warning is carved out of the boarding-certificate rules, and a tidal flood barrier left in disrepair after a storm is a citable offence with fixed repair deadlines.",City dock space :: It is the responsibility of the owner of a vessel moored at any municipal dock space to protect the vessel upon the issuance of a hurricane warning for Broward County - Code Sec. 8-120 (Ord. C-91-69) | Boarding up :: Weather and hurricane preparation when a hurricane or tropical storm watch or warning has been issued by the National Weather Service is listed as an exception to the boarding-certificate requirement - Code Sec. 18-9(b) | Damaged seawall :: All property owners shall maintain a tidal flood barrier in good repair; one that lets tidal water flow unimpeded through it onto a neighbour or the right-of-way is presumed in disrepair. It is a citable offence: show progress within sixty (60) days of the citation and complete repairs within three hundred sixty-five (365) days - ULDR Sec. 47-19.13.D.2,"City of Fort Lauderdale Code of Ordinances Secs. 8-120, 18-9; ULDR Sec. 47-19.13 (Municode)",2026-10,verified,Failing,Broward,1,0
miami-beach,seawall-height-requirement,Miami Beach Seawall Height Requirement,How high does a seawall have to be in Miami Beach?,5.7,ft NAVD88,"Required for a new seawall, or an existing one undergoing substantial improvement. A wall being repaired below that threshold may be built to 4.0 ft NAVD88, but only if it is designed and constructed to accommodate a future 5.7 ft.","Interim elevation :: 4.0 ft NAVD88, allowed only for repairs that are less than substantial, and only if the wall is built to accommodate a future 5.7 ft. | What counts as substantial :: Repairs costing $500 or more per linear foot. Sec. 54-61, as amended by Ordinance 2025-4754 in July 2025. | Datum :: NAVD88 — the North American Vertical Datum of 1988. A figure quoted in MLW is not the same number. | Current ordinance :: 2025-4754, adopted 23 July 2025, amending Chapter 54, Article III. | The maintenance clock :: 60 days to show progress, 6 months to file permit applications with both the city and the county, 730 days to complete. | The fines :: $250 for a first offence, then $500 per day. | Two permits, not one :: City applications and Miami-Dade RER-DERM both have to be filed.","City of Miami Beach Code Sec. 54-62(a); Ordinance 2025-4754, adopted 23 July 2025; City of Miami Beach maintenance and enforcement provisions",2026-10,verified,Compliance,Miami-Dade,1,0
miami-beach,seawall-permit,Seawall Permits in Miami Beach,Do I need a permit to repair a seawall in Miami Beach?,"Yes, plus DERM Class I",Miami Beach building permit + county Class I,"Seawall work needs a Miami Beach building permit, and the city requires DERM approval as well. Most repairs also need a Miami-Dade DERM Class I permit, which the county requires for work in tidal waters in every city; sealing cracks and repairing pilasters are exempt. Repairs costing $500 or more per linear foot count as substantial and must bring the wall to 5.7 ft NAVD88.","City permit :: Seawalls are treated as special construction and need DERM approval in addition to a Building permit - Miami Beach Building Dept, Interactive Permit Guide | Applies to repairs :: The seawall article applies to building permits for new seawalls and for substantial improvements, including repair or rehabilitation; applicants submit an itemized cost breakdown of the seawall work. It does not apply to oceanfront beaches or shorelines seaward of the Coastal Construction Control Line - Code Sec. 54-60 | Substantial repair :: Any improvement or repair to an existing seawall costing $500.00 or more per linear foot - Sec. 54-61 (Ord. 2025-4754, 7-23-25) | Height :: New or substantially improved seawalls 5.7 ft NAVD88 minimum; lesser repairs 4 ft NAVD88 minimum if built to accept 5.7 ft later; limited maintenance such as rip-rap exempt with an engineering report showing the wall is sound - Sec. 54-62(a) | Duty to repair :: Owners must keep seawalls in good repair; after a notice of violation, show progress within 60 days, apply to the Building Department and DERM within six months, and complete the work within 730 days - Sec. 54-63 | Survey and certification :: A surveyor's survey of the seawall's NAVD88 elevation at the start of construction and an engineer's certification that the wall meets the article go to the Building and Public Works departments - Sec. 54-64 | Fines :: After a first written warning, $250 for a first offense and $500 for later offenses; if tidal flooding is not mitigated, the city may install a temporary flood barrier at the owner's expense - Sec. 54-65(b),(d),(k) | County Class I permit :: Miami-Dade DERM must issue a Class I permit before any work in, on, over or upon tidal waters anywhere in the county, including inside cities - County Code Sec. 24-48(1)(d) and 24-48.1(1)(a) | Short form :: Rebuilding or repairing a seawall at the mean high water line or no more than 18 inches waterward of the existing wall qualifies for a short-form application. It also qualifies where existing primary support piles stick out no more than 14 inches, if the new wall is no more than 18 inches waterward of those piles - Sec. 24-48.2(I)(A)(1) | Who decides :: A short-form application limited to seawalls is decided by the Department with no County Commission hearing. Most standard-form applications are now decided by the Director, apart from listed exceptions such as variances - Sec. 24-48.2(I)(B)(1)(iii)-(iv) and (II)(C)(1), as amended by Ord. 25-73 (1 July 2025) | County clock :: Ord. 25-73 Sec. 8 directs the County to issue a Completeness Summary within 10 calendar days of submission and a final decision on short-form seawall applications within 90 calendar days after that summary. The applicant may waive these limits in writing. The County Mayor reported the timeframes apply from 1 Dec 2025 (report to the Commission dated 17 Apr 2026) | No Class I needed :: Sealing cracks and spalls on the cap or face, repairing pilasters, backfilling behind the wall, and limited riprap or sand-cement bags at the toe (no more than 2 ft out) - Sec. 24-48(3)(b)-(f) | Quick approval instead :: Repairing or replacing the cap or the tieback system gets a written expedited administrative authorization, answered within 10 business days, if the contractor submits structurally approved plans from the building authority - Sec. 24-48(4)(f)-(g) | Not a substitute :: A county permit does not relieve the applicant from obtaining all required federal, state and local permits - Sec. 24-48.5(1) | State (FDEP) :: No state environmental permit is needed to restore a seawall at its previous location, upland of it, or within 18 inches waterward of it - Fla. Stat. 403.813(1)(e). The exemption does not cover permission to use state-owned submerged lands or local requirements - 403.813(1) | State-owned bottom :: Work over sovereign submerged lands still needs Board of Trustees permission even when the seawall work is exempt - Fla. Stat. 403.813(1) | Federal (Army Corps) :: A Department of the Army permit is required for structures or work in or affecting navigable waters, either under a nationwide or regional general permit or an individual permit - 33 CFR 322.3(a)","City of Miami Beach Code Ch. 54 Art. III, Secs. 54-60 to 54-65 (Ord. 2025-4754); Miami Beach Building Dept Interactive Permit Guide; Miami-Dade County Code Ch. 24, Secs. 24-48, 24-48.1, 24-48.2, 24-48.5 (as amended by Ord. 25-73, 7-1-25); Ord. 25-73 Sec. 8 (Clerk's official file copy); Fla. Stat. 403.813(1) (2026); 33 CFR 322.3",2026-10,verified,Compliance,Miami-Dade,1,0
miami-beach,flood-zone,Miami Beach Flood Zone & Elevation Rules,"What flood zone is Miami Beach in, and what does it require?",+1 ft min freeboard (up to +5 ft),above BFE; homes also at least 9.0 ft NGVD,"Miami Beach sets a minimum freeboard of 1 foot and lets owners build up to 5 feet above base flood elevation without the extra height counting against zoning. In A zones a home's lowest floor and equipment must also clear 9.0 ft NGVD (7.44 ft NAVD) and the crown of road or sidewalk plus 1 foot, whichever is highest. Improvements are added up over one year.","Freeboard :: Minimum freeboard equals one foot; maximum freeboard equals five feet - Sec. 54-35. | Homes in A zones :: Lowest floor and service equipment no lower than 9.0 ft NGVD (7.44 ft NAVD), the crown of road or sidewalk plus one foot, or BFE plus minimum freeboard, whichever is higher - Sec. 54-48(1)(a). | Zone X :: Lowest floor at least 1 ft above the highest adjacent grade or the crown of the nearest street, whichever is higher - Sec. 54-48. | Substantial improvement :: Work during a one-year period with cumulative cost of 50% or more; includes substantial structural alteration and Alteration Level 3 - Sec. 54-35. | Seawall note :: For seawalls, a substantial improvement is repair costing $500 or more per linear foot - Sec. 54-61. | Changing the rules :: Any ordinance that would reduce, relax, diminish or repeal Chapter 54 standards needs a five-sevenths vote of the city commission, and Article II amendments go first to the Florida Division of Emergency Management for review - Sec. 54-30. | FEMA flood map :: FEMA's Community Status Book (report dated 3 Oct 2026) lists Miami Beach as NFIP community 120651 with a current effective FIRM dated 11 Sep 2009. Zones are set parcel by parcel, so no single zone covers the whole city - check your own address. | NFIP history :: FEMA record: first FIRM 29 Sep 1972; regular NFIP program since 29 Sep 1972; entered CRS 1 Oct 1996. | Flood insurance discount :: CRS class 5 - 25% off NFIP premiums for policies in the Special Flood Hazard Area (class in effect 1 May 2019). | State minimum :: 2023 Florida Building Code, Residential R322.2.1 and R322.3.2 - lowest floor (A zones) or bottom of the lowest horizontal structural member (V and Coastal A zones) at BFE + 1 ft or the design flood elevation, whichever is higher. | Look up your zone :: Enter the address in FEMA's Flood Map Service Center (msc.fema.gov), the official public source for FIRMs; an elevation certificate shows how your floor compares with the BFE.","Miami Beach Code of Ordinances Subpart A Ch. 54 Floods, Secs. 54-35, 54-48, 54-61 (Supp. 98); FEMA Community Status Book, Florida (www.fema.gov/cis/FL.html, report 10/03/2026); 2023 Florida Building Code, Residential R322.2.1, R322.3.2; 44 CFR 59.1; FEMA Flood Map Service Center",2026-10,verified,Compliance,Miami-Dade,1,0
miami-beach,dock-permit-size,Dock Permits & Size Limits in Miami Beach,How big a dock can I build in Miami Beach?,10% of waterway width,15% (max 40 ft) on waterways over 100 ft wide,"In Miami Beach no dock, pile or other structure may reach more than 10% of a canal's width from the seawall. On waterways wider than 100 ft the limit is 15% of the width, never more than 40 ft, and on Biscayne Bay or any waterway over 1,000 ft wide a residential dock may reach up to 125 ft with state and county approval. A moored boat may not stick out past the same limits.","Projection :: Boat slips, docks, wharves, dolphin poles, mooring piles or structures of any kind may not extend more than 10% of the canal or waterway width at that spot, measured from the seawall (or the recorded plat line if there is no seawall) - City Code 66-113(a) | Wider waterways :: Over 100 ft wide: up to 15% of the width but never more than 40 ft - 66-113(a) | Biscayne Bay :: On Biscayne Bay or another waterway more than 1,000 ft wide, subject to state and county approval, up to 125 ft from a residentially zoned lot and up to 250 ft from a business-zoned lot - 66-113(a) | Boats :: No vessel may be docked or moored so that it projects beyond the permitted projection for the structures, and no mooring is allowed along either side of the walkway from the seawall to the dock - 66-113(a) | Beside WD-1 and WD-2 :: Any structure proposed more than 40 ft from a seawall next to the WD-1 or WD-2 waterway districts also needs conditional use approval from the Planning Board - 66-113(a) | Permit :: Building department permit, plus the state Internal Improvement Fund or any other agency with jurisdiction, and Army Corps approval where the lot abuts navigable waters - 66-113(b) | Lighting :: Any dock or pier reaching 20 ft or more into a city waterway needs a light at its tip, lit dusk to dawn and visible from all approaches; shorter structures need reflector signals at least 3 inches across - City Code 66-115(b) | Derelict docks :: A dock disintegrated beyond 50% of its original members must be replaced, removed or rebuilt, within ten days if it has sunk below mean high tide (Pelican Island between the Julia Tuttle and Venetian Causeways excepted) - 66-115(a) | Foam floats banned :: Unencapsulated expanded polystyrene floating docks, floating platforms and buoys are prohibited in all city waters - City Code 46-210 | Miami-Dade County Class I permit :: Any work in, on, over or upon tidal waters or bay bottom anywhere in Miami-Dade County, cities included, needs a county Class I permit - County Code 24-48.1(1)(a). New boat slips at docks in tidal waters need at least 4 ft of water at mean low water; the depth rule does not apply to docks in bulkheaded artificial canals bordered by uplands on both sides, to lifts, davits and piles in slips at existing permitted docks, or to repair of existing legal docks with at least 3 ft of water - 24-48.3(3). A dock proposed beyond the boundaries in Sec. D-5(03)(2)(a) of the county Public Works Manual gets extra review factors - 24-48.3(1)(j) | State exemption :: A private, non-commercial dock on pilings with 1,000 sq ft or less of over-water surface (500 sq ft in Outstanding Florida Waters), and the only exempt dock along 65 ft of shoreline (or one per lot if the lot is narrower), needs no state environmental permit - Fla. Stat. 403.813(1)(b). The exemption does not grant permission to use state-owned submerged lands and does not override city or county rules - 403.813(1) | Federal :: Structures in navigable waters need a Department of the Army permit, general or individual - 33 CFR 322.3(a)","City of Miami Beach Code of Ordinances Sec. 66-113 (through Ord. 2017-4116, 7-26-17); Secs. 66-115 and 46-210 (Ord. 2017-4068); Miami-Dade County Code Secs. 24-48.1(1)(a), 24-48.3(1)(j),(3); Fla. Stat. 403.813(1)(b) (2026); 33 CFR 322.3(a)",2026-10,verified,Dock,Miami-Dade,1,0
miami-beach,boat-lift-rules,Boat Lift Rules in Miami Beach,What are the boat lift rules in Miami Beach?,Allowed; 7.5 ft side setback,seaward side yard setback for davits,"Miami Beach has no stand-alone boat lift section; its code treats davits and hoists as marine structures. In single-family districts a davit or any marine structure must keep a 7.5-foot seaward side yard setback, and how far it may reach is set by the projection limits in the city's marine-structures chapter - 10% of the canal width, 15% (up to 40 feet) where the waterway is wider than 100 feet.","Allowed :: The city's definition of marine structure includes docks, seawalls, piles, davits, hoists and similar structures - Code Sec. 66-4 | Side setback :: Seaward side yard setbacks for boat slips, decks, wharves, dolphin poles, mooring piles, davits or structures of any kind may not be less than 7 feet 6 inches, for new and enlarged structures; no boat may be moored so that it projects into that setback, and no mooring is allowed along either side of the walkway from the seawall to a dock - Resiliency Code 7.2.2.3 (RS districts), item 12; 7.5.3.2 for other districts | Projection :: Structures of any kind may not extend more than 10% of the canal or waterway width from the seawall; where the waterway is wider than 100 feet, 15% up to 40 feet. Residential lots on Biscayne Bay or waterways over 1,000 feet wide may go to 125 feet with state and county approval. A moored boat may not project beyond these limits - Code Sec. 66-113(a) | Over 40 feet :: A marine structure or equipment, attached to a dock or not, that projects more than 40 feet or beyond Sec. 66-113 needs state and county review; next to the WD-1 or WD-2 district it also needs planning board conditional use approval - Resiliency Code 7.2.2.3 item 12; 7.2.21.5; Code Sec. 66-113(a) | County sets the reach :: The maximum projection of a marine structure is determined by the county environmental resources department - Resiliency Code 7.2.2.3 item 12 | Permit :: Permits come from the building department, the state internal improvement fund or any other agency with jurisdiction, and Army Corps approval where the structure abuts navigable streams - Code Sec. 66-113(b) | Not in the code :: No lift height, raised-boat height, canopy rule or per-lot count appears in the city code or Resiliency Code text reviewed | Miami-Dade County :: Any work in, on or over tidal waters needs a county permit from the Department (DERM). A single-family boat lift, davit or floating dock that protrudes no more than 25% of the waterway width may use the short-form application, as may installing a boat lift or davit on a dock, seawall or bulkhead - Miami-Dade Code Secs. 24-48(1)(d), 24-48.2(I)(A)(2), (8), (20). | State and federal :: Floating boat lifts and floating vessel platforms that meet s. 403.813(1)(s), F.S. (they float at all times, hold the vessel out of the water, and either sit inside a previously permitted slip or total no more than 500 sq ft - 200 sq ft in Outstanding Florida Waters - beside a qualifying dock or bulkhead) need no state permit; a local government may then ask only for a one-time registration unless the platform is attached to a bulkhead with no dock. Structures in navigable waters otherwise need Army Corps authorization unless exempt or under a general permit - 33 CFR 322.3(a).","City of Miami Beach Code of Ordinances Secs. 66-4, 66-113 (Supp. 98); Resiliency Code (Gridics rev. 24 Sep 2026) 7.2.2.3, 7.2.21.5, 7.5.3.2; Miami-Dade Code Secs. 24-48, 24-48.2 (Supp. 136); s. 403.813(1)(s), F.S. (2026); 33 CFR 322.3(a)",2026-10,verified,Dock,Miami-Dade,1,0
miami-beach,deck-requirements,Waterfront Deck Rules in Miami Beach,What are the deck setback and railing rules in Miami Beach?,0 ft,pool decks may reach the rear line and connect to a dock on a bay or canal,"Miami Beach's single-family rules set pool decks and platforms 6 ft from the rear line (pool water 7.5 ft), but where the lot abuts a bay or canal the pool deck may extend to the property line and connect to a dock. Porches, platforms and terraces may project into yards only up to 30 inches above the yard elevation.","Pool decks (RS districts) :: Setback to the pool deck or platform, infinity catch basin or screen enclosure: street side 10 ft, interior side 7.5 ft, rear 6 ft; to the water's edge 11.5 / 9 / 7.5 ft. Swimming pool decks may extend to the property line and be connected to a dock and its related decking when abutting upon any bay or canal. Resiliency Code Sec. 7.2.2.3. | Terraces in yards :: Porches, platforms and terraces up to 30 inches above the yard elevation may project into a required yard up to 25% of the yard, to a maximum of 6 ft. Sec. 7.2.2.3. | Marine structures :: Seaward side yard setbacks for boat slips, decks, wharves, piles and davits at least 7 ft 6 in. Sec. 7.2.2.3. | Roof decks :: Max 6 inches above the highest point of a flat roof and max 25% of the enclosed floor area below; 10 ft from exterior walls on front and side elevations (and rear on non-waterfront lots). Sec. 7.2.2.3. | Waterway districts :: Any dock, boat slip, deck, wharf or other structure proposed to extend more than 40 ft from a seawall adjacent to or abutting the WD-1 or WD-2 waterway districts needs conditional use approval from the planning board. WD district regulations. Understory decking and pavers stay 5 ft back from the walls of the first habitable floor above. Sec. 7.2.2.3. | Where it lives :: Resiliency Code Chapter 7 'Zoning Districts and Regulations', Article II District Regulations, 7.2.2 RS-1 to RS-4 Single-Family Residential Districts; Municode's Subpart B now points readers to the Gridics edition. | Guards (state rule) :: Florida Building Code, Residential, 8th Edition (2023), Sec. R312.1.1-R312.1.3: a guard is required on open sides of a walking surface located more than 30 inches above the floor or grade below at any point within 24 inches of the open edge; it must be at least 36 inches high; openings must not let a 4-inch sphere pass. No local guard amendment was found in this city's code.","City of Miami Beach Resiliency Code (Land Development Regulations) Ch. 7, Sec. 7.2.2.3 Development Regulations (RS), published on Gridics CodeHub (Municode Subpart B refers to it); Florida Building Code, Residential, 8th Ed. (2023) R312.1.1-R312.1.3 (ICC Digital Codes)",2026-10,verified,Deck,Miami-Dade,1,0
miami-beach,licensed-contractors,Checking a Marine Contractor in Miami Beach,How do I check a marine contractor in Miami Beach?,Registered to work,Civic Access account + state or county licence,Miami Beach says contractors must be registered with the city to work in Miami Beach. State-certified contractors register with a business tax receipt from their Florida place of business; county-licensed contractors need a CTQB certificate of competency and a Miami Beach Municipal Contractors Tax Receipt. The code separately bars a contractor from starting work in the city without first giving the city manager proof of compliance with county contractor law and of workers' comp and liability cover (Sec. 18-276).,"State-certified :: Local Business Tax Receipt for a place of business located in Florida, plus workers' comp and liability certificates with limits per Rule 61G4-15.003 - Building Contractors page | County-licensed :: CTQB certificate of competency, a Municipal Contractors Tax Receipt for Miami Beach, workers' comp, and liability of at least $300,000 per occurrence for bodily injury and $50,000 for property damage | Code :: Sec. 18-276 (Ch. 18, Art. VII Contractors, Ord. 95-2995) requires evidence of compliance with county contractor laws, including a copy of a county-issued certificate of competency, before work starts; violations carry the penalties in Sec. 1-14 | Keep it current :: Updated licence and insurance go to BuildingContractor@MiamiBeachfl.gov; a change of contractor needs a new permit application with the Change of Contractor box ticked and a new Cost Affidavit | Past permits :: Civic Access (EnerGov) lets you search public records for permits, plans, inspections and licences (energovcss.miamibeachfl.gov); older files are in the Archival Permit Search (miamibeachfl.gov/permits-search-dashboard) | County licence :: Miami-Dade's Contractor Licensing Section in Regulatory and Economic Resources licenses contractors under County Code Ch. 10, with the Construction Trades Qualifying Board over licence scopes. The county Contractor Search takes a company name or licence number and also shows complaints - 786-315-2880 | No county marine card :: Miami-Dade's building-specialty licences (communications tower, demolition, drywall, precast erection, reinforcing steel, roofing, screen enclosure, structural steel, unit masonry, door, painting and waterproofing, gutters) have no marine, seawall or dock category, so check the state record | A tax number is not a licence :: The county lists a contractor showing only an occupational licence or business tax number as a warning sign | State licence :: Search the company and the qualifier on DBPR's Verify a Licensee (myfloridalicense.com). A licence number starting with C is a state certification valid anywhere in Florida; one starting with R is a registration, good only where the holder met local competency rules - F.S. 489.105(8),(10) and the DBPR licensing page | Who may build a seawall or dock :: A certified general contractor's scope is unlimited (489.105(3)(a)). The state also certifies five marine specialties: marine specialty, marine seawall work, marine bulkhead work, marine dock work and marine pile driving - Rule 61G4-15.100(1)(b)-(f) | Workers' comp :: In construction a single employee makes coverage mandatory (440.02(20)(b)2). Up to three officers or LLC members owning at least 10% may file exemptions (440.02(18)(b)2), and the exemption certificate itself says it is not a DBPR licence (440.05(4)). Check it on the DWC data portal's Coverage and Exemptions search (dwcdataportal.fldfs.com) | Recovery fund :: For contracts signed on or after 1 July 2024 the Homeowners' Construction Recovery Fund pays at most $100,000 per claim against a Division I contractor (general, building, residential) and $30,000 against a Division II contractor, which includes the marine specialties; the lifetime caps are $2 million and $600,000 per licensee - 489.143(3),(6). Nothing is paid if the contractor was unlicensed when you signed - 489.141(2)(d) - and residential contracts over $2,500 must print the fund notice - 489.1425 | Deposits :: A contractor who takes more than 10% up front on residential work must apply for permits within 30 days and start within 90 days of the permits issuing, unless you agreed to longer in writing - 489.126(2)(a) | Three-day cancel :: If the deal was a home solicitation sale over $25 - signed away from the seller's place of business and not the result of your own request for specific goods or services - you can cancel in writing until midnight of the third business day; Sundays and federal holidays don't count - 501.021, 501.025 | Business tax is not a licence :: A contractor pays business tax where its permanent office is, and no other city or county may levy a business tax or an equivalent registration fee for temporary work there - 205.065","City of Miami Beach Building Contractors page; Code Sec. 18-276; Miami-Dade RER Contractors & Building Trades, Building Specialty Licenses and Contractor Search pages; Warning Signs When Hiring Contractors page; F.S. 489.105, 489.126, 489.141, 489.1425, 489.143, 440.02, 440.05, 501.021, 501.025, 205.065 (2026); Fla. Admin. Code R. 61G4-15.100; DBPR Construction Industry page and Verify a Licensee; DFS Division of Workers' Compensation construction exemption page and data portal",2026-10,verified,Failing,Miami-Dade,1,0
miami-beach,storm-prep,Storm Prep for Miami Beach Waterfront Owners,What are the storm and debris rules in Miami Beach?,40% off,minor-repair permit fee after a hurricane,"Miami Beach's fee schedule cuts the permit fee for minor repairs under $20,000 by 40% for three months after a hurricane event, though not for railing repairs, and repairs must be of substantially similar design. A seawall in disrepair is a citable offence: show progress in 60 days, file with the city and Miami-Dade DERM within six months, and finish substantial work within 730 days.","Post-hurricane fee cut :: Due to hurricane events, fees for minor repairs under a total value of $20,000.00 are reduced by 40% for three months from the hurricane event to pull the permit; it does not apply to permits for railing repairs, and all repairs must be of a substantially similar design, quality and appearance - Code Appendix A, Fee Schedule (fee in Sec. 14-62(c)) | Seawall duty :: All property owners must maintain seawalls, bulkheads, living shorelines and other shoreline protection in good repair; a wall is presumed in disrepair if it allows upland erosion, transfer of material through the wall, or tidal water to flow through or over it to the upland property or right-of-way - Sec. 54-63(a) | Repair clock :: After a notice of violation: demonstrate progress within 60 days (proposals, financing or permit applications count), submit permit applications to the Miami Beach Building Department and Miami-Dade RER (DERM) within six months, and where the substantial-improvement threshold is met, design, permit and build the improvements within 730 days of the citation - Sec. 54-63(a)","City of Miami Beach Code of Ordinances Appendix A (Fee Schedule), Sec. 54-63 (Municode)",2026-10,verified,Failing,Miami-Dade,1,0
boca-raton,seawall-height-requirement,Boca Raton Seawall Height Requirement,How high does a seawall have to be in Boca Raton?,4.0 – 6.0,ft NAVD88,"Boca Raton sets a band, not a single number. The city's Engineering Design Standards Manual requires any new or replaced seawall or dock to reach 4.0 ft NAVD88 and not exceed 6.0 ft NAVD88. The Code of Ordinances also carries its own bulkhead minimum, plus 5.00 feet with no datum stated (Sec. 22-31(5)), so ask the city in writing which figure and datum it will apply to your permit.","Minimum :: 4.0 ft NAVD88, for any new or replaced seawall or dock, publicly or privately owned. | Maximum :: 6.0 ft NAVD88. | Build for more :: Standard 3 requires the wall to be designed and constructed so a further 12 to 18 inches can be added later and the wall stays structurally sound without altering it. | Match the neighbours :: The wall must be designed and built to harmonize with the adjacent grades and seawalls. EDSM 7.7, Standard 2. | Two figures, two documents :: The manual states 4.0 to 6.0 ft NAVD88. Code Sec. 22-31(5) separately says no bulkhead may be built lower than plus 5.00 feet and names no datum. Get the city's answer on which governs, in writing. | Not past the property line :: Seawalls and bulkheads may not be built beyond the property line; the wet face sits on the property line under Code Sec. 26-146. EDSM 7.7.1(4). | Where it is written :: Engineering Design Standards Manual section 7.7, Minimum Criteria for Waterway Features, updated January 2025; Code of Ordinances Ch. 22, Art. II, Sec. 22-31. | Inspections :: A zoning location survey must be approved before the cap goes on, and a final engineer report with the cap elevation and photographs is required after construction.","City of Boca Raton Engineering Design Standards Manual § 7.7 and 7.7.1, Minimum Criteria for Waterway Features (updated January 2025); Code of Ordinances Ch. 22, Marine Structures, Sec. 22-31 (Supp. 72 Upd. 1)",2026-09,verified,Compliance,Palm Beach,1,0
boca-raton,seawall-permit,Seawall Permits in Boca Raton,Do I need a permit to repair a seawall in Boca Raton?,Yes,permit + staged inspections,"Yes. Boca Raton requires a city permit to install or replace a seawall, and no bulkhead or retaining wall may be built in city waters until Development Services approves the plans. Before the cap is poured, a zoning location survey of the wall face, property line and piles must be inspected, and a final engineer's report with the cap elevation closes the job.","City :: Permits are required, beyond the Florida Building Code, to 'install or replace' docking facilities, groins, seawalls, jetties and piling - Code Sec. 19-66(4); no bulkhead or retaining wall in city waters or abutting land unless plans are approved by the Development Services Department for a permit - Sec. 22-31(4) | Plans :: Survey with the existing wet face or bulkhead line, property line and piles; section with the finished top-of-cap elevation (city Seawalls and Marine Structures page) | Inspections :: Zoning location survey inspected before the cap is installed and approved before structural cap and piling inspections; final engineer report with cap elevation, compliance with permit drawings and photos (same page) | Upkeep :: Letting a canal seawall deteriorate to an injurious or dangerous condition is unlawful; after a special magistrate order the city may abate and charge the owner - Sec. 22-35 | State (FDEP) :: Restoring a seawall in place or up to 18 in. waterward can be exempt from an Environmental Resource Permit where it was damaged within the last year by a discrete event or needs only minimal backfilling, and any chapter 161 permits are obtained (s. 403.813(1)(e) F.S.; r. 62-330.051(12)(b) F.A.C.); batter piles, king piles or a cap used only to stabilize and repair a wall are also exempt (r. 62-330.051(12)(d)) | State-owned bottom :: Exempt work on sovereign submerged land still needs separate authorization under chs. 253 and 258 F.S., which the Board of Trustees grants by rule for many exempt activities (r. 62-330.051 intro; r. 18-21.005(1)(b) F.A.C.) | County :: Palm Beach County ERM's Permitting and Regulation page lists no seawall or shoreline permit program among its topics (PBC ERM Permitting and Regulation page) | Ocean side :: Seaward of the Coastal Construction Control Line a wall needs a separate state coastal construction permit; the chapter 161 repair exemption expressly excludes seawalls (s. 161.053(2)(a), (11)(a) F.S.) | Small-job exemption :: The state's under-$7,500 single-family permit exemption does not cover structural work or property in a flood hazard area (s. 553.79(1)(g)2. F.S.) | Federal :: A U.S. Army Corps of Engineers (Department of the Army) authorization is required for structures or work in or affecting navigable waters, unless exempt or covered by a nationwide or regional general permit - 33 CFR 322.3(a) (Rivers and Harbors Act s. 10)","City of Boca Raton Code Secs. 19-66, 22-31, 22-35 (Supp. 72 Upd. 1); Seawalls and Marine Structures page; s. 403.813(1)(e), 161.053, 553.79 F.S. (2026); r. 62-330.051, 18-21.005 F.A.C.; 33 CFR 322.3(a); PBC ERM Permitting and Regulation page",2026-10,verified,Compliance,Palm Beach,1,0
boca-raton,flood-zone,Boca Raton Flood Zone & Elevation Rules,"What flood zone is Boca Raton in, and what does it require?",BFE +1 ft (state code),no extra city freeboard found,"Boca Raton uses a 49% substantial-improvement trigger counted over one year: improvements within a 1-year period that add up to 49% of market value, starting with work after 10 June 2008, require the whole building to meet flood rules. No extra freeboard number appears in Chapter 21. Owners planning staged renovations should budget a whole year's work together, because the pieces are summed.","Substantial improvement :: 1-year period, cumulative cost of 49% or more of market value immediately before the first improvement, from the first improvement after June 10, 2008 - Sec. 21-2. | Substantial damage :: 49 percent of market value - Sec. 21-2. | Chapter history :: Chapter 21 carries the title Flood Damage Prevention and Floodplain Management; its administration sections were amended by Ord. No. 5418 on 10 Oct 2017. | How the 1-year clock runs :: The window opens on the date of the first improvement or repair of that building after the 2008 cut-off, and value is measured immediately before that first job - Sec. 21-2. | FEMA flood map :: FEMA's Community Status Book (report dated 3 Oct 2026) lists Boca Raton as NFIP community 120195 with a current effective FIRM dated 20 Dec 2024. Zones are set parcel by parcel, so no single zone covers the whole city - check your own address. | NFIP history :: FEMA record: first flood hazard boundary map 24 Jan 1975; first FIRM 1 Jun 1978; regular NFIP program since 1 Jun 1978; entered CRS 1 Oct 1992. | Flood insurance discount :: CRS class 5 - 25% off NFIP premiums for policies in the Special Flood Hazard Area (class in effect 1 Apr 2025). | State minimum :: 2023 Florida Building Code, Residential R322.2.1 and R322.3.2 - lowest floor (A zones) or bottom of the lowest horizontal structural member (V and Coastal A zones) at BFE + 1 ft or the design flood elevation, whichever is higher. | Look up your zone :: Enter the address in FEMA's Flood Map Service Center (msc.fema.gov), the official public source for FIRMs; an elevation certificate shows how your floor compares with the BFE.","Boca Raton Code of Ordinances Ch. 21 Flood Damage Prevention and Floodplain Management, Sec. 21-2 (Ord. No. 5418); FEMA Community Status Book, Florida (www.fema.gov/cis/FL.html, report 10/03/2026); 2023 Florida Building Code, Residential R322.2.1, R322.3.2; 44 CFR 59.1; FEMA Flood Map Service Center",2026-10,verified,Compliance,Palm Beach,1,0
boca-raton,dock-permit-size,Dock Permits & Size Limits in Boca Raton,How big a dock can I build in Boca Raton?,6 ft into the waterway,canals under 100 ft wide; 8 ft on wider waterways,"A Boca Raton dock may project only 6 ft into a canal or waterway narrower than 100 ft, or 8 ft into a wider one, measured from the property line, seawall or bulkhead, whichever is nearest the water. Longer reach comes from finger piers, which are allowed only in artificial coves, the Hillsboro and C-15 canals, the Intracoastal and Lakes Boca Raton, Wyman and Rogers. Docks are banned in the Boca Raton Inlet.","Dock projection :: Waterways under 100 ft wide: no more than 6 ft; 100 ft or wider: no more than 8 ft, excluding dock pilings, from the property line, seawall or bulkhead, whichever is nearest the water - City Code 22-58(1) | Width measured :: Seawall to seawall; to the property line or mean high water line (whichever is closer to the channel) on an unimproved bank - 22-57 | Side setback :: At least 10 ft from the adjacent plot's property line; only one dock where water frontage is 100 ft or less - 22-58(2)-(3) | Finger piers :: Only in artificial coves, the Hillsboro and C-15 canals, the Intracoastal Waterway and Lakes Boca Raton, Wyman and Rogers; no wider than 6 ft; no more than 15% of the waterway width and never more than 60 ft; side setback equal to the projection, minimum 10 ft - 22-62(1),(2),(6),(7) | Boats :: A moored boat may not block more than one-third of the waterway width; boats over 16 ft must lie parallel to the seawall except at approved finger piers, lifts and slips; no part of a boat beyond the side property line projected into a canal; personal watercraft may sit perpendicular up to 16 ft or 25% of the canal width - 22-59(2) | Dolphins :: Not in the Inlet, not in canals 80 ft wide or less, not in the center 50% of a canal, and in the Intracoastal only with Army Corps approval; otherwise 25% of the width or 25 ft (up to 60 ft on water over 500 ft wide that includes the Intracoastal); 10 ft from the extended property line; 6-10 ft above mean high tide; no concrete dolphins - 22-61 | Boat lifts :: Fully raised, 25% of the width or 20 ft, whichever is less, with only wood pilings beyond 20% of the width; 10 ft side setback - 22-63 | Inlet :: Docks prohibited in the Boca Raton Inlet except a passenger-loading dock approved by the Army Corps and the City Council - 22-58(6)(d) | Hillsboro and C-15 canals :: A valid South Florida Water Management District permit for the identical structure satisfies the city's projection limits; finger piers still need a 10 ft side setback - 22-69 | Permit :: No city permit until the Army Corps, state DEP, South Florida Water Management District and Lake Worth Drainage District approvals are in hand; engineer-designed plans - 22-58(8), 22-64 | Variances :: Planning and Zoning Board, after review by the Marine Advisory Board - 22-68 | State exemption :: A private, non-commercial dock on pilings with 1,000 sq ft or less of over-water surface (500 sq ft in Outstanding Florida Waters), and the only exempt dock along 65 ft of shoreline (or one per lot if the lot is narrower), needs no state environmental permit - Fla. Stat. 403.813(1)(b). The exemption does not grant permission to use state-owned submerged lands and does not override city or county rules - 403.813(1) | Federal :: Structures in navigable waters need a Department of the Army permit, general or individual - 33 CFR 322.3(a)","City of Boca Raton Code of Ordinances Ch. 22 Art. III, Secs. 22-57 to 22-69 (22-58 through Ord. 5566, 2-9-21; 22-63 through Ord. 5598, 10-13-21); Fla. Stat. 403.813(1)(b) (2026); 33 CFR 322.3(a)",2026-10,verified,Dock,Palm Beach,1,0
boca-raton,boat-lift-rules,Boat Lift Rules in Boca Raton,What are the boat lift rules in Boca Raton?,Allowed except in the Inlet,25% of waterway or 20 ft (raised),"Boca Raton has its own boat lift section. A lift is allowed in any waterway except the Boca Raton Inlet, may reach 25% of the canal width or 20 feet - measured with the lift fully raised - whichever is less, and must sit at least 10 feet from the neighbour's property line. Past 20% of the canal width only wood pilings may be used, and every lift must be designed by a state-registered engineer.","Where allowed :: Any waterway other than the Inlet - Code Sec. 22-63 | Reach :: In the fully raised position, 25% of the canal or waterway width or 20 feet, whichever is less. Beyond 20% of the width only wood pilings may be used and no part of the lift may stick out past the face of the pilings nearest the canal centre - Sec. 22-63(1) | Exceptions to the reach rule :: It does not apply in the Hillsboro or C-15 canals, which follow South Florida Water Management District rules, or to a lift beside a finger pier or dolphin that goes no further out than that pier or dolphin - Sec. 22-63(1); Sec. 22-69 | Side setback :: At least 10 feet from the property line of the adjacent lot - Sec. 22-63(2) | Reflectors :: The outermost lift pilings need a reflective band about 6 inches wide, about 2 feet below the top - Sec. 22-63(3) | Prohibited :: Where the lift would create a navigation or safety hazard, or where the site abuts a marsh, swamp or mangrove area - Sec. 22-63(4) | Design :: Lifts must be designed by a state-registered professional engineer; plans must show the waterway section, soil type, piling length, embedment and load capacity, wood treatment and fastenings - Sec. 22-64 | Compared with docks :: A dock may project only 6 feet into a waterway under 100 feet wide, 8 feet if wider, so the lift limit is separate and larger - Sec. 22-58(1) | Not in the code :: No lift height, raised-boat height, canopy rule or per-lot number appears in Chapter 22 | State and federal :: Floating boat lifts and floating vessel platforms that meet s. 403.813(1)(s), F.S. (they float at all times, hold the vessel out of the water, and either sit inside a previously permitted slip or total no more than 500 sq ft - 200 sq ft in Outstanding Florida Waters - beside a qualifying dock or bulkhead) need no state permit; a local government may then ask only for a one-time registration unless the platform is attached to a bulkhead with no dock. Structures in navigable waters otherwise need Army Corps authorization unless exempt or under a general permit - 33 CFR 322.3(a).","City of Boca Raton Code of Ordinances Ch. 22, Art. III, Secs. 22-57, 22-58, 22-63, 22-64, 22-69 (Supp. 72 Update 1; Ord. 5598, 2021); s. 403.813(1)(s), F.S. (2026); 33 CFR 322.3(a)",2026-10,verified,Dock,Palm Beach,1,0
boca-raton,deck-requirements,Waterfront Deck Rules in Boca Raton,What are the deck setback and railing rules in Boca Raton?,0 ft,uncovered patios and pool decks may extend to the seawall,"On a Boca Raton lot that adjoins a waterway with a seawall, uncovered patios, terraces and pool decks may run right up to the seawall. A pool itself may come within 5 ft of the seawall, and any pool within 20 ft of an existing seawall must be designed by a state-registered engineer.","Patios and pool decks :: Uncovered patios, terraces and pool decks on a plot that adjoins a waterway with a seawall may extend to the seawall. Where they encroach into a front yard they must be at first-floor level only, with no part except railings above the first floor. City Code Sec. 28-1353(2). | Pools :: Where a rear yard abuts a waterway, a pool may extend to within 5 ft of the seawall; a pool within 20 ft of an existing seawall must be designed by a state-registered engineer. Sec. 28-1579(1). | Accessory buildings on the water :: No accessory building may sit in the required rear yard of a waterfront plot except gazebos, chickee/tiki huts or similar open-air buildings. Sec. 28-1295(1)(e). | Size and height in a yard :: An accessory building in a required yard: rear yard only, at least 5 ft from any plot line (eaves included), max 15 ft tall and 500 sq ft. Other accessory structures in a yard: max 15 ft tall, 5 ft from any plot line. Sec. 28-1295(1)(a)-(c), (2)(b). | Screen enclosures :: Pool screen enclosures follow Sec. 28-1359; when attached to the house they are not counted as an accessory building for lot coverage and may not sit closer to the front line than the house. Sec. 28-1579(2). Every accessory building also stays 10 ft from any main building. Sec. 28-1295(1)(d). | Where it lives :: Chapter 28 Zoning, Sec. 28-1353 'Other encroachments', Sec. 28-1579 'Swimming pools; setback requirements, screen enclosures' and Sec. 28-1295 'Accessory buildings and accessory structures' (rewritten by Ord. 5636 in December 2022). | Guards (state rule) :: Florida Building Code, Residential, 8th Edition (2023), Sec. R312.1.1-R312.1.3: a guard is required on open sides of a walking surface located more than 30 inches above the floor or grade below at any point within 24 inches of the open edge; it must be at least 36 inches high; openings must not let a 4-inch sphere pass. No local guard amendment was found in this city's code.","City of Boca Raton Code of Ordinances Secs. 28-1353, 28-1579, 28-1295 (Supp. 72 Update 1; Ord. 5636, 5706); Florida Building Code, Residential, 8th Ed. (2023) R312.1.1-R312.1.3 (ICC Digital Codes)",2026-10,verified,Deck,Palm Beach,1,0
boca-raton,licensed-contractors,Checking a Marine Contractor in Boca Raton,How do I check a marine contractor in Boca Raton?,"Register, or prove it every time",Boca eHub registration or documents at each permit,"Boca Raton's code gives a contractor two routes: register with the city and pay the fee, or show its certificate, workers' comp, bond and liability cover each time it applies for a permit - plus proof of a business tax receipt from its primary place of business or branch office (Code Sec. 8-93). The city's own how-to guide says registration is required whether the business is inside or outside city limits.","Code :: Ch. 8, Art. V, Sec. 8-93 'Prerequisites for contracting' - certificate from the city, the county board or the state, insurance within the limits of Sec. 8-100, and a current BTR; voluntary registrations expire every 1 December | City guide :: 'Whether your business is located in city limits or you're an outside contractor doing work in city limits, contractor registration is required' - filed in Boca eHub under Business Tax Receipt Applications; documents are not accepted by email (Business Tax Authority, 561-393-7937) | Past permits :: Boca eHub searches permits, plans, inspections, code cases and business tax receipts by address or application number without an account; records not active when the system converted need a public records request | County licence :: Palm Beach County's Contractor Regulations section (Code Compliance Division, PZB) serves the Construction Industry Licensing Board under Special Act 67-1876, which requires a certificate of competency to advertise, bid or contract in the regulated trades | Marine is a county trade :: MARINE remains on the county's regulated-trades list (rev. 7/1/25): seawalls, bulkheads, revetments, docks, piers, wharfs, groins, boat lifts, davits and pile driving. Dredging and land filling was among the trades preempted on 1 July 2025 | County look-up :: County Licensed Contractor Search in the ePZB portal (pbcgov.org/ePZB.Admin.WebSPA), next to the state search; Contractor Regulations 561-233-5525 | State licence :: Search the company and the qualifier on DBPR's Verify a Licensee (myfloridalicense.com). A licence number starting with C is a state certification valid anywhere in Florida; one starting with R is a registration, good only where the holder met local competency rules - F.S. 489.105(8),(10) and the DBPR licensing page | Who may build a seawall or dock :: A certified general contractor's scope is unlimited (489.105(3)(a)). The state also certifies five marine specialties: marine specialty, marine seawall work, marine bulkhead work, marine dock work and marine pile driving - Rule 61G4-15.100(1)(b)-(f) | Workers' comp :: In construction a single employee makes coverage mandatory (440.02(20)(b)2). Up to three officers or LLC members owning at least 10% may file exemptions (440.02(18)(b)2), and the exemption certificate itself says it is not a DBPR licence (440.05(4)). Check it on the DWC data portal's Coverage and Exemptions search (dwcdataportal.fldfs.com) | Recovery fund :: For contracts signed on or after 1 July 2024 the Homeowners' Construction Recovery Fund pays at most $100,000 per claim against a Division I contractor (general, building, residential) and $30,000 against a Division II contractor, which includes the marine specialties; the lifetime caps are $2 million and $600,000 per licensee - 489.143(3),(6). Nothing is paid if the contractor was unlicensed when you signed - 489.141(2)(d) - and residential contracts over $2,500 must print the fund notice - 489.1425 | Deposits :: A contractor who takes more than 10% up front on residential work must apply for permits within 30 days and start within 90 days of the permits issuing, unless you agreed to longer in writing - 489.126(2)(a) | Three-day cancel :: If the deal was a home solicitation sale over $25 - signed away from the seller's place of business and not the result of your own request for specific goods or services - you can cancel in writing until midnight of the third business day; Sundays and federal holidays don't count - 501.021, 501.025 | Business tax is not a licence :: A contractor pays business tax where its permanent office is, and no other city or county may levy a business tax or an equivalent registration fee for temporary work there - 205.065","City of Boca Raton Code Sec. 8-93; 'How to Contractor Registration' (Business Tax Authority); Boca eHub 'What can I search for?' page; PBC Contractor Regulations page; Regulated Trades / Standards for Certified Categories (rev. 7/1/25); BCAB preemption notice (1/21/2026); F.S. 489.105, 489.126, 489.141, 489.1425, 489.143, 440.02, 440.05, 501.021, 501.025, 205.065 (2026); Fla. Admin. Code R. 61G4-15.100; DBPR Construction Industry page and Verify a Licensee; DFS Division of Workers' Compensation construction exemption page and data portal",2026-10,verified,Failing,Palm Beach,1,0
boca-raton,storm-prep,Storm Prep for Boca Raton Waterfront Owners,What are the storm and debris rules in Boca Raton?,Next business day,to apply after emergency repairs,"Boca Raton lets emergency repairs go ahead first, but the permit application must reach the building official before the close of business of the next business day. On a hurricane warning, construction sites must remove or tie down debris and materials, and owners may board up non-impact openings without a permit if the panels come down within 10 days.","Emergency repairs :: Where equipment replacements and repairs must be performed in an emergency situation, the permit application shall be submitted to the building official before the close of business of the next business day - Code Sec. 19-68 (Ord. 5455). State baseline for comparison: Florida Building Code 8th Ed. (2023) [A]105.2.1 says within the next working business day | Construction sites :: Upon declaration of a hurricane warning, all solid waste stored on a construction site must be removed and disposed of or secured so it cannot become wind-borne debris; alternatively, construction materials must be tied, banded or placed in secured containers on the ground. 'Secured' means a protective covering or netting adequately sized and fastened on the ground - Sec. 19-170 | Plywood without a permit :: On a hurricane warning, owners of existing buildings with non-impact openings may temporarily install wood structural panels without a building permit; no later than 10 days after the warning expires, all temporary panels must be removed - Sec. 19-100 (Ord. 5512, 1-28-20) | Storm debris :: When a state of local emergency is declared, the city may modify solid waste collection, including collection of storm debris, and may remove storm debris in private developments where that is in the public interest (immediate threats to life or property, economic recovery, or removing substantially damaged structures) - Sec. 14-18","City of Boca Raton Code of Ordinances Secs. 14-18, 19-68, 19-100, 19-170 (Municode); Florida Building Code, Building, 8th Ed. (2023) s. 105.2.1 (ICC codes.iccsafe.org)",2026-10,verified,Failing,Palm Beach,1,0
pompano-beach,seawall-height-requirement,Pompano Beach Seawall Height Requirement,How high does a seawall have to be in Pompano Beach?,5.0,ft NAVD88 minimum,"Pompano Beach sets both ends of the range. A tidal flood barrier must reach 5 ft NAVD88 and must not exceed 5 ft 10 in NAVD88, so a wall can be too high as well as too low.","Minimum :: 5 ft NAVD88 | Maximum :: 5 ft 10 in NAVD88. § 151.05(A). | When an existing wall must be raised :: On substantial repair or rehabilitation, and when work on attached structures exceeds 50% of the barrier's cost. | How much of the wall :: The whole shoreline of the property, not only the section being repaired. | Alternatives :: A seawall is not required where another measure is an equally effective tidal flood barrier. Automatic systems are allowed if they do not need daily human intervention. | Cap projection :: A seawall cap may not extend more than 36 inches seaward of the existing wet face. § 151.05(M). | Riprap or an approved alternative :: Natural lime rock riprap, or other approved habitat enhancement, at the waterward face. § 151.05(H). | No pre-2035 route :: § 151.05(A) sets the 5 ft minimum with no 4 ft allowance for early applications, unlike the county text in Broward County Code Sec. 39-407(a). | Where the new face may go :: Unless the City Engineer approves, a reconstructed barrier's wet face may sit no more than 12 inches from the existing wet face. § 151.05(N).","City of Pompano Beach Code of Ordinances § 151.05(A)-(N), Tidal Flood Barriers (American Legal Publishing, 2026 S-122)",2026-10,verified,Compliance,Broward,1,0
pompano-beach,seawall-permit,Seawall Permits in Pompano Beach,Do I need a permit to repair a seawall in Pompano Beach?,"Yes, plus county license",city engineering + building permits + county license,"Yes. Pompano Beach makes it unlawful to construct or repair a seawall, cap or rip-rap without two city permits: an engineering permit from the City Engineer and a building permit from the City Building Official. Plans must come from a Florida-licensed engineer, and a wall below 5.0 ft NAVD88 that undergoes substantial repair must be raised to at least 5.0 ft (maximum 5 ft 10 in). Broward County also requires its own Environmental Resource License, often a general license for a repair in the same place.","City :: It is unlawful to construct, repair, erect or install seawalls, seawall caps, rip-rap or other flood barriers in city waterways without an engineering permit from the City Engineer and a building permit from the City Building Official; the qualified applicant must also seek Broward County, FDEP or SFWMD and Army Corps approvals unless exempt under s. 403.813, F.S. - Code s. 151.02(A). Plans by a Florida-licensed engineer, with as-built drawings and the engineer's completion certification before final acceptance - s. 151.02(C); the engineering permit fee is 4% of construction cost (minimum $100), plus a double fee if work starts before the permit - s. 151.02(D), (H). Substantial repair = work along more than 50% of the property's shoreline, or attached structures costing more than 50% of a barrier or raised cap as determined by the City Engineer - s. 151.01(B); barriers must be at least 5.0 ft and no more than 5 ft 10 in NAVD88, with lime rock rip-rap at the waterward face - s. 151.05(A), (F), (H). Engineering permits lapse if work does not start within 180 days or stops for 90 days; the City Engineer may grant one 180-day extension and no permit lasts over two years; re-inspections cost $30, four times that for repeat failures - s. 151.02(I), (L) If the applicant does not supply detailed cost information, the Building Official values the work from published construction cost data - s. 151.02(F); a permitted wall or other flood barrier destroyed by fire, casualty or force majeure may only be rebuilt to current rules - s. 151.02(A)(2) | Broward County :: Construction in regulated aquatic resources needs a county Environmental Resource License (ERL) - Broward County Code Sec. 27-333(a)(1). Repairing an existing functional seawall no more than 1 ft waterward of its authorized location, or a new wall within 1 ft of the old wet face with the old wall left in place, qualifies for a general license (Sec. 27-336(a)(1)b.), as do refacing, crack filling, seepage holes and other minor repairs (n.) and raising the cap in the same footprint (o.); the code says a general license is issued within 10 days of a complete application - Sec. 27-336(a)(1) | State :: Restoring a seawall at its previous location, upland of it, or within 18 inches waterward is exempt from a state environmental resource permit; the exemption does not replace permission to use state-owned submerged land or county and city requirements, and does not cover chapter 161 coastal permits - s. 403.813(1), (1)(e), F.S. | Federal :: A U.S. Army Corps of Engineers (Department of the Army) authorization is required for structures or work in or affecting navigable waters, unless exempt or covered by a nationwide or regional general permit - 33 CFR 322.3(a) (Rivers and Harbors Act s. 10)","Pompano Beach Code ss. 151.01, 151.02, 151.05 (American Legal, 2026 S-122); Broward County Code Ch. 27 Art. XI Secs. 27-333, 27-336 (Supp. 72); s. 403.813(1)(e), F.S. (2026); 33 CFR 322.3(a)",2026-10,verified,Compliance,Broward,1,0
pompano-beach,flood-zone,Pompano Beach Flood Zone & Elevation Rules,"What flood zone is Pompano Beach in, and what does it require?",BFE +1 ft or 18 in above crown,"whichever is higher, residential lowest floor","Pompano Beach sets its own floor: homes must sit at BFE plus one foot or at least 18 inches above the crown of the adjacent streets, whichever is higher. Its substantial-improvement trigger is 49%, one point under the federal 50%, with no look-back period.","Residential floor :: BFE + 1 ft, or at least 18 in above the highest point of the crown of all existing adjacent streets, whichever results in the highest elevation - Sec. 152.29(C)(1)(a). | Nonresidential floor :: FBC elevation or at least 6 in above the crown, whichever is higher; critical facilities BFE + 2 ft, the 500-year elevation, or 18 in above crown - Sec. 152.29(C)(1)(b)-(c). | Substantial improvement / damage :: Cost equal to or over 49 percent of the building's market value; no cumulative period - Sec. 152.21(D)(41)-(42). | Market value :: Actual cash value by an independent appraiser, or tax assessment value adjusted by the Property Appraiser's factor - Sec. 152.21(D)(34). | FEMA flood map :: FEMA's Community Status Book (report dated 3 Oct 2026) lists Pompano Beach as NFIP community 120055 with a current effective FIRM dated 31 Jul 2024. Zones are set parcel by parcel, so no single zone covers the whole city - check your own address. | NFIP history :: FEMA record: first flood hazard boundary map 16 Mar 1973; first FIRM 5 Sep 1979; regular NFIP program since 5 Sep 1979; entered CRS 1 Oct 1993. | Flood insurance discount :: CRS class 6 - 20% off NFIP premiums for policies in the Special Flood Hazard Area (class in effect 1 May 2020). | State minimum :: 2023 Florida Building Code, Residential R322.2.1 and R322.3.2 - lowest floor (A zones) or bottom of the lowest horizontal structural member (V and Coastal A zones) at BFE + 1 ft or the design flood elevation, whichever is higher. | Look up your zone :: Enter the address in FEMA's Flood Map Service Center (msc.fema.gov), the official public source for FIRMs; an elevation certificate shows how your floor compares with the BFE.","Pompano Beach Code of Ordinances Ch. 152, Secs. 152.21 and 152.29 (American Legal, 2026 S-122); FEMA Community Status Book, Florida (www.fema.gov/cis/FL.html, report 10/03/2026); 2023 Florida Building Code, Residential R322.2.1, R322.3.2; 44 CFR 59.1; FEMA Flood Map Service Center",2026-10,verified,Compliance,Broward,1,0
pompano-beach,dock-permit-size,Dock Permits & Size Limits in Pompano Beach,How big a dock can I build in Pompano Beach?,10% of waterway width or 8 ft,"whichever is less, on waterways over 50 ft wide","On a waterway wider than 50 ft, a Pompano Beach dock may reach 10% of the width or 8 ft, whichever is less; on a waterway 50 ft wide or narrower the limit is 5 ft. Finger piers, lifts and piles get longer allowances, but nothing may enter the central navigational channel or come within 5 ft of the extended side property line, and neither rule can be varied.","Dock projection :: Waterways over 50 ft: fixed or floating docks and wharves may extend 10% of the waterway width or 8 ft, whichever is less, measured from the measurement reference line - Code 151.03(G)(1). Waterways 50 ft or narrower: no more than 5 ft - 151.03(E). Docks are measured to the end of the decking; other structures to the end including pilings - 151.03(A) | Measurement reference line :: Usually the recorded property line; the wet face of the original tidal flood barrier or rip-rap is used instead when the property line is seaward of it, or more than 1 ft landward of it - Code 151.01(B) | Navigational channel :: The middle 45% of a waterway wider than 40 ft (55% if 40 ft or narrower). No structure or vessel may enter it, and no variance may be granted - 151.01(B), 151.03(C), 151.09(B) | Side setback :: No mooring structure, and no part of a moored vessel, within 5 ft of an extended side property line - 151.03(B). Docks may be built inside the 5 ft only with a recorded agreement with the abutting owner, a fire suppression system, and still no vessel within 5 ft - 151.03(H) | Finger piers :: 20% of the width or 20 ft, whichever is less; no wider than 4 ft and at least 25 ft apart - 151.03(G)(2) | Deck height :: No higher than the abutting tidal flood barrier or rip-rap, plus up to 2 inches to match its surface finish - 151.03(G)(3) | Lifts and platforms :: Davits, lifts and floating vessel platforms may reach 28 ft from the reference line when fully raised; an elevator-lift access platform may extend 3 ft beyond the dock and be no more than 10 ft wide - 151.03(G)(4),(5) | Piles :: Waterways more than 50 but under 150 ft wide: not beyond the navigation channel boundary; 150 ft or wider: 40 ft maximum; beside single-family lots, two piles or two clusters per lot; 6-inch reflective band 2 ft below the top - 151.03(G)(6)-(9) | No roofs :: No roof or covering over any canal or waterway - 151.03(G)(10) | Permit :: An engineering permit from the City Engineer plus a building permit; plans by a Florida-licensed engineer; engineering fee 4% of construction cost, minimum $100. Replacing 25% or less of the decking in a calendar year needs no permit - 151.02(A)(1),(C),(D) | Variances :: Heard by the Zoning Board of Appeals after review by the Marine Advisory Board - 151.09(A),(C) | Broward County license :: Work in the county's regulated aquatic resources, which include canals and tidal waters, needs a Broward County Environmental Resource License - County Code 27-332, 27-333(a)(1). A new dock, floating dock or other over-water structure of 500 sq ft or less, measured from the seawall's wet face at mean high water, with no dredging or filling beyond the pilings, qualifies for a general license issued within 10 days of a complete application - 27-336(a)(1)e. A county ordinance that sets minimum environmental-protection standards prevails over city ordinances - Broward County Charter Sec. 11.01 | State exemption :: A private, non-commercial dock on pilings with 1,000 sq ft or less of over-water surface (500 sq ft in Outstanding Florida Waters), and the only exempt dock along 65 ft of shoreline (or one per lot if the lot is narrower), needs no state environmental permit - Fla. Stat. 403.813(1)(b). The exemption does not grant permission to use state-owned submerged lands and does not override city or county rules - 403.813(1) | Federal :: Structures in navigable waters need a Department of the Army permit, general or individual - 33 CFR 322.3(a)","Pompano Beach Code of Ordinances Secs. 151.01, 151.02, 151.03 (through Ord. 2023-20), 151.09 (American Legal, S-122); Broward County Code Secs. 27-332, 27-333, 27-336 (through Ord. 2026-16); Broward County Charter Sec. 11.01; Fla. Stat. 403.813(1)(b) (2026); 33 CFR 322.3(a)",2026-10,verified,Dock,Broward,1,0
pompano-beach,boat-lift-rules,Boat Lift Rules in Pompano Beach,What are the boat lift rules in Pompano Beach?,Allowed; up to 28 ft out (raised),"fully raised, from measurement reference line","Pompano Beach treats davits, hoists, vessel lifts and jet ski platforms as mooring structures, which need both a City Engineer engineering permit and a building permit. On waterways wider than 50 feet a lift may reach 28 feet in the fully raised position; on narrower canals it may go out as far as the navigational channel. No roofs or covers of any kind are allowed over a waterway, and nothing may be built on top of the seawall cap.","Definition :: Mooring structures include a vessel dock, slip, davit, hoist, vessel lift, floating vessel platform and personal watercraft/jet ski platform - Code Sec. 151.01(B) | Permit :: Installing a mooring structure requires an engineering permit from the City Engineer and a building permit from the Building Official; plans must be by a Florida-licensed engineer, with as-built drawings before final acceptance. The engineering fee is 4% of construction cost (minimum $100), doubled if work starts before the permit - Sec. 151.02(A), (C), (D), (H) | Reach, waterways over 50 ft :: Davits, elevator lifts, cradle lifts, floating lifts, floating vessel platforms and jet ski platforms may extend up to 28 feet in the fully raised position, measured from the measurement reference line - Sec. 151.03(G)(4) | Reach, waterways 50 ft or less :: Davits, hoists, vessel lifts and floating platforms may be built seaward to the navigational channel, which is defined as 55% of a waterway 40 feet or narrower and 45% of a wider one - Secs. 151.03(F), 151.01(B) | Side setback :: No mooring structure within 5 feet of an extended side property line, and no vessel may sit within 5 feet of it; closer is possible only with a recorded agreement and indemnity signed by the neighbours - Sec. 151.03(B), (H) | Channel :: Nothing may be placed in, or cause a vessel to extend into, the navigational channel - Sec. 151.03(C) | Elevator lift platform :: An access platform may be added between the battered support beams of an elevator lift, no more than 3 feet beyond the dock and 10 feet wide; it must come out if the lift stops working or is removed - Sec. 151.03(G)(5) | Covers :: No roofs or similar covering structures may be installed in, over or upon any canal or waterway, including covered structures over mooring structures - Sec. 151.03(G)(10) | Not on the seawall cap :: No mooring structure may be erected on top of or over a tidal flood barrier or seawall cap - Sec. 151.08 | Broward County :: Boatlifts and davits are listed among the projects that qualify for a county general environmental resource license, which the code says is issued within ten days of a complete application - Broward County Code Sec. 27-336(a)(1)f. | State and federal :: Floating boat lifts and floating vessel platforms that meet s. 403.813(1)(s), F.S. (they float at all times, hold the vessel out of the water, and either sit inside a previously permitted slip or total no more than 500 sq ft - 200 sq ft in Outstanding Florida Waters - beside a qualifying dock or bulkhead) need no state permit; a local government may then ask only for a one-time registration unless the platform is attached to a bulkhead with no dock. Structures in navigable waters otherwise need Army Corps authorization unless exempt or under a general permit - 33 CFR 322.3(a).","City of Pompano Beach Code of Ordinances Ch. 151, Secs. 151.01-151.03, 151.08 (American Legal, latest; Ord. 2022-28); Broward County Code Sec. 27-336 (Supp. 72); s. 403.813(1)(s), F.S. (2026); 33 CFR 322.3(a)",2026-10,verified,Dock,Broward,1,0
pompano-beach,deck-requirements,Waterfront Deck Rules in Pompano Beach,What are the deck setback and railing rules in Pompano Beach?,,,,,,,not-started,Deck,Broward,1,0
pompano-beach,licensed-contractors,Checking a Marine Contractor in Pompano Beach,How do I check a marine contractor in Pompano Beach?,Licence and insurance on file,online contractor registration before any permit,Pompano Beach will not issue a permit for licensed construction or alteration work until the contractor's licence and insurance are on file through the city's online Contractor Registration Form. A city business tax receipt is a separate requirement that applies only if the company is located in Pompano Beach.,"Registration :: State-certified contractors submit the state licence plus liability and workers' comp listing the City of Pompano Beach, P.O. Drawer 1300, as certificate holder, or a comp exemption. Broward card holders and trades with no competency card submit the Broward certificate of competency or a local business tax receipt, which the form ties to HB 735's preemption of local occupational licensing. Help: 954-786-4670, ContractorInfo@copbfl.com | No records, no permit :: The E-Services page says no permits will be issued without up-to-date records of your contractor's licence and insurance | Business tax :: Required only for a business located within the city - for the business and for each individual qualifier - and separate from contractor registration (954-786-4668) | Past permits :: Research Building Permits in Click2GovBP (c2g.pompanobeachfl.gov/Click2GovBP/selectpermit.html). Click2GovOL doubles as a searchable business tax receipt database showing name, address, phone and year established | County licence :: Broward's Building Code Division handles contractor licensing and enforcement under County Code Ch. 9 through the Central Examining Board of Construction Trades. County-licensed contractors, suspensions and revocations are checked by phone on 954-765-4400; complaints go to CLE-Complaint@broward.org | Marine cards are voluntary :: Broward lists its marine specialty, marine seawall, bulkhead, dock and pile-driving certificates under Division I (Voluntary), so a county card is not mandatory for marine work - Broward Contractor packet | State licence :: Search the company and the qualifier on DBPR's Verify a Licensee (myfloridalicense.com). A licence number starting with C is a state certification valid anywhere in Florida; one starting with R is a registration, good only where the holder met local competency rules - F.S. 489.105(8),(10) and the DBPR licensing page | Who may build a seawall or dock :: A certified general contractor's scope is unlimited (489.105(3)(a)). The state also certifies five marine specialties: marine specialty, marine seawall work, marine bulkhead work, marine dock work and marine pile driving - Rule 61G4-15.100(1)(b)-(f) | Workers' comp :: In construction a single employee makes coverage mandatory (440.02(20)(b)2). Up to three officers or LLC members owning at least 10% may file exemptions (440.02(18)(b)2), and the exemption certificate itself says it is not a DBPR licence (440.05(4)). Check it on the DWC data portal's Coverage and Exemptions search (dwcdataportal.fldfs.com) | Recovery fund :: For contracts signed on or after 1 July 2024 the Homeowners' Construction Recovery Fund pays at most $100,000 per claim against a Division I contractor (general, building, residential) and $30,000 against a Division II contractor, which includes the marine specialties; the lifetime caps are $2 million and $600,000 per licensee - 489.143(3),(6). Nothing is paid if the contractor was unlicensed when you signed - 489.141(2)(d) - and residential contracts over $2,500 must print the fund notice - 489.1425 | Deposits :: A contractor who takes more than 10% up front on residential work must apply for permits within 30 days and start within 90 days of the permits issuing, unless you agreed to longer in writing - 489.126(2)(a) | Three-day cancel :: If the deal was a home solicitation sale over $25 - signed away from the seller's place of business and not the result of your own request for specific goods or services - you can cancel in writing until midnight of the third business day; Sundays and federal holidays don't count - 501.021, 501.025 | Business tax is not a licence :: A contractor pays business tax where its permanent office is, and no other city or county may levy a business tax or an equivalent registration fee for temporary work there - 205.065","City of Pompano Beach Contractor Registration Form page; E-Services page; Broward County Building Code Division page; Broward Contractor packet (Contractor Information PDF); F.S. 489.105, 489.126, 489.141, 489.1425, 489.143, 440.02, 440.05, 501.021, 501.025, 205.065 (2026); Fla. Admin. Code R. 61G4-15.100; DBPR Construction Industry page and Verify a Licensee; DFS Division of Workers' Compensation construction exemption page and data portal",2026-10,verified,Failing,Broward,1,0
pompano-beach,storm-prep,Storm Prep for Pompano Beach Waterfront Owners,What are the storm and debris rules in Pompano Beach?,,,,,,,not-started,Failing,Broward,1,0
hollywood,seawall-height-requirement,Hollywood Seawall Height Requirement,How high does a seawall have to be in Hollywood?,5.0,ft NAVD88 (4.0 if applied for before 2035),"Hollywood's minimum is 5 ft NAVD88. An application filed before 1 January 2035 may be permitted at 4 ft NAVD88, but only if the barrier is designed and built to reach 5 ft NAVD88 by 1 January 2050. The rule is in the city's own code, Sec. 150.30, adopted by Ordinance O-2022-01 on 2 February 2022, and follows Broward County Code Sec. 39-407.","Minimum :: 5 ft NAVD88 for new, substantially repaired or substantially rehabilitated tidal flood barriers. Hollywood Code Sec. 150.30(D)(1). | The 2035 allowance :: Applications submitted before 1 January 2035 may be permitted at 4 ft NAVD88 if designed and constructed to accommodate 5 ft NAVD88 by 1 January 2050. The code says may, so it is not an entitlement. Sec. 150.30(D)(1). | What counts as substantial :: One complete project that modifies more than 50% of the property's shoreline, or work on an attached structure such as a dock costing more than 50% of a new tidal flood barrier along the shoreline, as determined by the City Engineer. Sec. 150.30(C). | The whole shoreline, with returns :: A substantially repaired barrier must run along the property's entire tidally influenced shoreline. Where it cannot adjoin the neighbours' barriers, return structures are required to stop flanking. Sec. 150.30(D)(5)-(6). | Riprap by the yard :: At least one cubic yard per linear foot of natural limerock riprap, or other approved habitat enhancement, at the waterward face. Sec. 150.30(D)(7). | Living shorelines count :: Provided the landside edge is substantially impermeable and built to the minimum elevation. Sec. 150.30(C), (D)(8). | The repair clock :: After a citation, 60 days to show progress and 365 days to complete. Sec. 150.30(D)(2)-(3). | A review date in the code :: The city must re-evaluate the 5 ft standard in 2034 or before, against updated sea level projections. Sec. 150.30(A)(3). | Disclosure when you sell :: Sale contracts for property in a tidally influenced area must carry the tidal flood barrier disclosure in capitalised bold type of at least 14 point. Sec. 150.30(E). | No permit without it :: No building permit to build, rebuild, structurally alter or repair a waterfront retaining wall unless the subchapter is met. Sec. 150.23. | Where it does not apply :: Oceanfront beaches and shorelines seaward of the Coastal Construction Control Line. Sec. 150.30(B).","City of Hollywood Code of Ordinances Secs. 150.23 and 150.30, Resiliency Standards for Tidal Flood Barriers (Ord. O-2022-01, passed 2-2-22; American Legal Publishing); Broward County Code Ch. 39, Art. XXV, Sec. 39-407 (Ord. No. 2020-11)",2026-10,verified,Compliance,Broward,1,0
hollywood,seawall-permit,Seawall Permits in Hollywood,Do I need a permit to repair a seawall in Hollywood?,"Yes, plus county license",city permit + county license,"Yes. Hollywood will not issue a building permit to build, rebuild, structurally alter or repair a waterfront retaining wall unless its seawall rules are met, and the application needs a Florida engineer's design. A substantial repair must reach the city's tidal flood barrier height and be faced with limerock rip-rap or other approved habitat enhancement. Broward County also requires its own Environmental Resource License, often a general license for a repair in the same place.","City :: No building permit to construct, reconstruct, structurally alter or repair any retaining wall on property abutting canals, lakes or other waterways unless the subchapter is complied with - Code s. 150.23; applications must include a design by a Florida-registered engineer, filed with the city - s. 150.22. Substantial repair = one project modifying more than 50% of the property's shoreline, or work on an attached structure such as a dock exceeding 50% of the cost of a new tidal flood barrier as determined by the City Engineer - s. 150.30(C); such walls need 5.0 ft NAVD88 (4.0 ft for applications before 1 Jan 2035 if designed to reach 5.0 ft by 2050), must run along the entire tidally influenced shoreline with return walls where they cannot tie in, and must be faced with at least one cubic yard per linear foot of natural limerock rip-rap, or other approved habitat enhancement - s. 150.30(D)(1), (6), (7). Not applicable seaward of the Coastal Construction Control Line - s. 150.30(B) (Ord. O-2022-01). The city committed to re-evaluate the 5 ft standard by 2034, and a living shoreline counts if its landside edge is impermeable and built to the minimum elevation - s. 150.30(A)(3), (D)(8) | Broward County :: Construction in regulated aquatic resources needs a county Environmental Resource License (ERL) - Broward County Code Sec. 27-333(a)(1). Repairing an existing functional seawall no more than 1 ft waterward of its authorized location, or a new wall within 1 ft of the old wet face with the old wall left in place, qualifies for a general license (Sec. 27-336(a)(1)b.), as do refacing, crack filling, seepage holes and other minor repairs (n.) and raising the cap in the same footprint (o.); the code says a general license is issued within 10 days of a complete application - Sec. 27-336(a)(1) | State :: Restoring a seawall at its previous location, upland of it, or within 18 inches waterward is exempt from a state environmental resource permit; the exemption does not replace permission to use state-owned submerged land or county and city requirements, and does not cover chapter 161 coastal permits - s. 403.813(1), (1)(e), F.S. | Federal :: A U.S. Army Corps of Engineers (Department of the Army) authorization is required for structures or work in or affecting navigable waters, unless exempt or covered by a nationwide or regional general permit - 33 CFR 322.3(a) (Rivers and Harbors Act s. 10)","Hollywood Code of Ordinances ss. 150.22, 150.23, 150.30 (American Legal, 2026 S-52); Broward County Code Ch. 27 Art. XI Secs. 27-333, 27-336 (Supp. 72); s. 403.813(1)(e), F.S. (2026); 33 CFR 322.3(a)",2026-10,verified,Compliance,Broward,1,0
hollywood,flood-zone,Hollywood Flood Zone & Elevation Rules,"What flood zone is Hollywood in, and what does it require?",FBC elevation or 18 in above crown,residential lowest floor,"Hollywood counts improvements over five years: any combination of work in a five-year period that adds up to 50% of market value is a substantial improvement, with the clock starting at the first improvement. Homes must meet the Florida Building Code elevation or sit at least 18 inches above the crown of the adjacent streets.","Residential floor :: Elevation required by the Florida Building Code, or at least 18 in above the highest point of the crown of all adjacent streets, or a rational engineering design accepted by the Director of Public Utilities - Sec. 154.50(C)(1)(a). | Lot grade :: Finished lot grade not less than the crown of the adjacent street or top of sidewalk, whichever is higher - Sec. 154.50(C)(2). | Substantial improvement :: Five-year cumulative period at 50% of market value, starting on the date of the first improvement or repair - Sec. 154.50(C)(4). | Accessory structures :: Up to 600 sq ft in A/AE zones and 100 sq ft in V zones, with flood openings and BFE + 1 ft materials and utilities - Sec. 154.50(D). | FEMA flood map :: FEMA's Community Status Book (report dated 3 Oct 2026) lists Hollywood as NFIP community 125113 with a current effective FIRM dated 31 Jul 2024. Zones are set parcel by parcel, so no single zone covers the whole city - check your own address. | NFIP history :: FEMA record: first flood hazard boundary map 7 Nov 1972; first FIRM 7 Nov 1972; regular NFIP program since 3 Nov 1972; entered CRS 1 Oct 1992. | Flood insurance discount :: CRS class 6 - 20% off NFIP premiums for policies in the Special Flood Hazard Area (class in effect 1 May 2012). | State minimum :: 2023 Florida Building Code, Residential R322.2.1 and R322.3.2 - lowest floor (A zones) or bottom of the lowest horizontal structural member (V and Coastal A zones) at BFE + 1 ft or the design flood elevation, whichever is higher. | Look up your zone :: Enter the address in FEMA's Flood Map Service Center (msc.fema.gov), the official public source for FIRMs; an elevation certificate shows how your floor compares with the BFE.","Hollywood Code of Ordinances Ch. 154 Flood Damage Prevention, Sec. 154.50 (American Legal, 2026 S-52); FEMA Community Status Book, Florida (www.fema.gov/cis/FL.html, report 10/03/2026); 2023 Florida Building Code, Residential R322.2.1, R322.3.2; 44 CFR 59.1; FEMA Flood Map Service Center",2026-10,verified,Compliance,Broward,1,0
hollywood,dock-permit-size,Dock Permits & Size Limits in Hollywood,How big a dock can I build in Hollywood?,,,,,,,not-started,Dock,Broward,1,0
hollywood,boat-lift-rules,Boat Lift Rules in Hollywood,What are the boat lift rules in Hollywood?,,,,,,,not-started,Dock,Broward,1,0
hollywood,deck-requirements,Waterfront Deck Rules in Hollywood,What are the deck setback and railing rules in Hollywood?,0 ft,rear and side deck setback where the lot is adjacent to water,"Hollywood caps decks and screen enclosures at 30 inches above grade and sets decks 13 ft from the rear line, but when the yard is adjacent to water the deck setback drops to zero and the screen enclosure to 10 ft. Open, uncovered decks are left out of the 30% rear-yard limit for accessory buildings.","Decks and screen enclosures :: Maximum elevation 30 inches above grade; side 3 ft (0 ft adjacent to water); street side 12 ft; rear 13 ft, and if adjacent to water the deck setback is 0 and the screen enclosure setback 10 ft; front yard at grade only, max 10% of the main use or 500 sq ft. ZLDR Sec. 4.23.B.5. | Rear-yard coverage :: Accessory buildings may not occupy more than 30% of the rear yard; screened areas count, but an open uncovered pool or deck (pervious or impervious) does not. Sec. 4.23. | Marine structures :: Seaward side setbacks for boat slips, decks, wharves, piles and davits at least 7.5 ft; land-side decks may extend to the deck of the marine structure. Sec. 4.23. | Pools :: Pool setbacks are measured to the water's edge. Sec. 4.23. | Arbors and townhomes :: Arbors must be at least 50% open to the sky and follow deck setbacks; townhome deck setbacks are half of the listed figures, measured from the line between units. Sec. 4.23.B.5. | Where it lives :: Article 4 'Schedule of District, Use and Setback Regulations', Sec. 4.23 'Supplemental Setback Regulations for Allowable Encroachments in Front, Side and Rear Yards' of the Zoning and Land Development Regulations, hosted by American Legal Publishing. | Lights and fences near water :: Light poles max 10 ft tall and 7.5 ft from property lines, with no setback where the line abuts a waterway; fences within 7.5 ft of a lot line must be screened from waterways by landscaping; ornamental lamps on walls next to a waterway may exceed the wall height by 2 ft. Sec. 4.23. | Cul-de-sacs :: Front setbacks are measured from the straight part of the right-of-way, and the Director may reduce setbacks from the circular part of a cul-de-sac by up to 40%. Sec. 4.23. | Guards (state rule) :: Florida Building Code, Residential, 8th Edition (2023), Sec. R312.1.1-R312.1.3: a guard is required on open sides of a walking surface located more than 30 inches above the floor or grade below at any point within 24 inches of the open edge; it must be at least 36 inches high; openings must not let a 4-inch sphere pass. No local guard amendment was found in this city's code.","City of Hollywood Zoning and Land Development Regulations Sec. 4.23 (American Legal Publishing, current edition); Florida Building Code, Residential, 8th Ed. (2023) R312.1.1-R312.1.3 (ICC Digital Codes)",2026-10,verified,Deck,Broward,1,0
hollywood,licensed-contractors,Checking a Marine Contractor in Hollywood,How do I check a marine contractor in Hollywood?,Register in Accela,"contractor record with licence, BTR and insurance","Hollywood opened contractor registration in its Accela Citizen Access portal on 12 August 2024, and from 4 August 2026 all new permit applications go through ACA. The city's Contractor Record Management form asks for the qualifier's driver's licence, a city occupational licence or business tax receipt, a state certification or registration or county certificate of competency, workers' comp or an exemption, and general liability naming the City of Hollywood.","Registration :: City notice of 12 Aug 2024: contractor registration began that day in Accela; the city's how-to guide walks through Apply > Licenses > Contractor Registration and uploading the documents | Documents :: Contractor Record Management form (rev. 7/22/20), notarised and sent to ePermits@hollywoodfl.org: qualifier's driver's licence, City Occupational License/Business Tax, state certification licence or registration or county certificate of competency, workers' comp or exemption, general liability with the City of Hollywood as certificate holder | Past permits :: Search permit records in Accela Citizen Access (aca-prod.accela.com/HOLLYWOOD). Older BCLA permits, numbered like B24-100000, are in the BCLA ePermits search (apps.hollywoodfl.org/building/PermitStatus.aspx), and 2022 Oracle permits are posted as a list | Contractor look-up :: The Permits page links a Licensed Contractor Search (apps.hollywoodfl.org/ContractorSearch) and a GIS map of Accela permits | County licence :: Broward's Building Code Division handles contractor licensing and enforcement under County Code Ch. 9 through the Central Examining Board of Construction Trades. County-licensed contractors, suspensions and revocations are checked by phone on 954-765-4400; complaints go to CLE-Complaint@broward.org | Marine cards are voluntary :: Broward lists its marine specialty, marine seawall, bulkhead, dock and pile-driving certificates under Division I (Voluntary), so a county card is not mandatory for marine work - Broward Contractor packet | State licence :: Search the company and the qualifier on DBPR's Verify a Licensee (myfloridalicense.com). A licence number starting with C is a state certification valid anywhere in Florida; one starting with R is a registration, good only where the holder met local competency rules - F.S. 489.105(8),(10) and the DBPR licensing page | Who may build a seawall or dock :: A certified general contractor's scope is unlimited (489.105(3)(a)). The state also certifies five marine specialties: marine specialty, marine seawall work, marine bulkhead work, marine dock work and marine pile driving - Rule 61G4-15.100(1)(b)-(f) | Workers' comp :: In construction a single employee makes coverage mandatory (440.02(20)(b)2). Up to three officers or LLC members owning at least 10% may file exemptions (440.02(18)(b)2), and the exemption certificate itself says it is not a DBPR licence (440.05(4)). Check it on the DWC data portal's Coverage and Exemptions search (dwcdataportal.fldfs.com) | Recovery fund :: For contracts signed on or after 1 July 2024 the Homeowners' Construction Recovery Fund pays at most $100,000 per claim against a Division I contractor (general, building, residential) and $30,000 against a Division II contractor, which includes the marine specialties; the lifetime caps are $2 million and $600,000 per licensee - 489.143(3),(6). Nothing is paid if the contractor was unlicensed when you signed - 489.141(2)(d) - and residential contracts over $2,500 must print the fund notice - 489.1425 | Deposits :: A contractor who takes more than 10% up front on residential work must apply for permits within 30 days and start within 90 days of the permits issuing, unless you agreed to longer in writing - 489.126(2)(a) | Three-day cancel :: If the deal was a home solicitation sale over $25 - signed away from the seller's place of business and not the result of your own request for specific goods or services - you can cancel in writing until midnight of the third business day; Sundays and federal holidays don't count - 501.021, 501.025 | Business tax is not a licence :: A contractor pays business tax where its permanent office is, and no other city or county may levy a business tax or an equivalent registration fee for temporary work there - 205.065","City of Hollywood Permits page; Notify Me notice 12 Aug 2024 'Contractor Registration Underway'; Contractor Record Management form (rev. 7/22/20); Accela how-to 'Register a License Contractor'; Broward County Building Code Division page; Broward Contractor packet (Contractor Information PDF); F.S. 489.105, 489.126, 489.141, 489.1425, 489.143, 440.02, 440.05, 501.021, 501.025, 205.065 (2026); Fla. Admin. Code R. 61G4-15.100; DBPR Construction Industry page and Verify a Licensee; DFS Division of Workers' Compensation construction exemption page and data portal",2026-10,verified,Failing,Broward,1,0
hollywood,storm-prep,Storm Prep for Hollywood Waterfront Owners,What are the storm and debris rules in Hollywood?,,,,,,,not-started,Failing,Broward,1,0
key-west,seawall-height-requirement,Key West Seawall Height Requirement,How high does a seawall have to be in Key West?,No minimum,set in local code,"Key West's Code of Ordinances sets no minimum or maximum seawall top elevation in any datum. The city's land development rules discourage vertical seawalls altogether: shoreline hardening is allowed only when erosion is a critical peril and vegetation has failed, and riprap comes first. Any wall height is set by your engineer and your permits.","No fixed elevation :: Key West Code Sec. 110-182 (Shoreline vegetation and stability) controls shoreline hardening and states no seawall top elevation in NAVD88, NGVD29 or any other datum. | When hardening is allowed :: Riprap, bulkheads or similar devices are not allowed unless erosion constitutes a critical peril to upland property and vegetation has failed to stabilize the shoreline. Riprap shall be the first alternative. Sec. 110-182(c). | Vertical walls discouraged :: Such shoreline hardening structures shall generally not be vertical seawalls or bulkheads, and pervious interlocking systems, filter mats and similar methods are to be used instead of vertical walls whenever feasible. Sec. 110-182(c) and (c)(2). | Location :: The structure may not sit waterward of the mean high water line unless shown to be in the public interest, and must first be approved by the other public agencies with jurisdiction. Sec. 110-182(c)(3) and (c)(4). | Revegetation :: The design must include a program of shoreline vegetation or revegetation. Sec. 110-182(c)(5). | Permit :: Bulkheads, piers and docks along the shoreline are installed under permit from the building official. Sec. 118-361. | Flood zones :: The floodplain chapter lists bulkheads and seawalls among other development regulated in flood hazard areas. Sec. 34-139.","City of Key West Code of Ordinances, Subpart B Land Development Regulations, Sec. 110-182 (Shoreline vegetation and stability); also Sec. 118-361 and Sec. 34-139; online version Aug 21, 2026",2026-10,verified,Compliance,Monroe,1,0
key-west,seawall-permit,Seawall Permits in Key West,Do I need a permit to repair a seawall in Key West?,Yes,city building permit,"Yes. Key West requires a building permit for any work valued over $1,000, and its code says shoreline bulkheads are installed under a permit from the building official. City rules allow hardening only where erosion is a critical peril and vegetation has failed, with riprap first and generally no vertical seawalls; since 1 Jan 2025 incomplete applications are refused.","City :: A permit is required before any work or construction of any kind, permanent or temporary, valued over $1,000 including materials and labor, at the building official's discretion; incomplete applications are not accepted since 1 Jan 2025; exterior work in the Historic District also needs a Certificate of Appropriateness - City Building Permit Requirements page. Bulkheads, piers and docks along the shoreline are installed under permit from the building official, and bulkheads may not be built below mean high water unless the controlling federal or state agency permits it - Code Sec. 118-361. Hardening only where erosion is a critical peril to upland property and vegetation has failed; riprap first; generally not vertical seawalls; other agencies with jurisdiction must approve first - Sec. 110-182(c). The city requests jurisdictional determinations from the appropriate agencies before issuing building permits - Sec. 110-190(5). Minor maintenance or emergency repair to existing structures is exempt from that article's coastal resource rules - Sec. 110-192(a)(1) | State :: Restoring a seawall at its previous location, upland of it, or within 18 inches waterward is exempt from a state environmental resource permit; the exemption does not replace permission to use state-owned submerged land or county and city requirements, and does not cover chapter 161 coastal permits - s. 403.813(1), (1)(e), F.S. | Federal :: A U.S. Army Corps of Engineers (Department of the Army) authorization is required for structures or work in or affecting navigable waters, unless exempt or covered by a nationwide or regional general permit - 33 CFR 322.3(a) (Rivers and Harbors Act s. 10)","Key West Code Secs. 110-182, 110-190, 110-192, 118-361 (Supp. 99); Building Permit Requirements page; s. 403.813(1)(e), F.S. (2026); 33 CFR 322.3(a)",2026-10,verified,Compliance,Monroe,1,0
key-west,flood-zone,Key West Flood Zone & Elevation Rules,"What flood zone is Key West in, and what does it require?",,,,,,,not-started,Compliance,Monroe,1,0
key-west,dock-permit-size,Dock Permits & Size Limits in Key West,How big a dock can I build in Key West?,No fixed size limit; 4 ft depth rule,dock must link to a channel at least 4 ft deep at mean low water,"Key West's land development regulations set no length, width or side setback for a private dock. What they do require is depth: a dock, pier or wharf is allowed only where a continuous channel at least 4 ft deep at mean low water links it to deep water, and only with Army Corps approval. In the Conservation district, whose areas include waters reaching 600 ft into the tidal water next to the city limits, docks are a conditional use and may be no wider than 5 ft.","Depth and approval :: Docks, piers or wharves need approval by the U.S. Army Corps of Engineers and/or any other agency with jurisdiction, and are permitted only where a continuous channel with a mean low water depth of 4 ft or more links the structure with deep water (deeper than 4 ft) - Land Development Regulations 122-1186(b) | Conservation district :: The Conservation (C) district covers areas designated conservation on the future land use map, including waters of the state extending 600 ft into tidal water next to the city limits - 122-126. Below mean high water there, fishing piers, docks and boardwalks no wider than 5 ft are conditional uses, after all state and federal permits are granted - 122-129 | Narrow docks :: Timber catwalks, docks and trail bridges less than 4 ft wide, with no fill or dredging beyond pilings, are exempt from the city's coastal resource protection regulations - 110-192(a)(3) | Environmental review :: Docks are not approved until the applicant shows compliance with federal and state law; plans need an environmental impact component showing no harm to seagrass, hardbottom, nearshore waters or manatees; open wet slips are preferred to covered ones - 110-186, 110-186(10) | Permit :: Bulkheads, piers and docks along the shoreline are installed under a permit from the building official - 118-361 | Outstanding Florida Waters :: The Florida Keys waters, out to three leagues around Key West and the Keys, are designated Outstanding Florida Waters, except the Key West sewage outfall, the Stock Island power plant mixing zone and artificial waterbodies such as dredged canals - F.A.C. 62-302.700(9)(i)13. A dock in an Outstanding Florida Water qualifies for the state permit exemption only up to 500 sq ft over water - Fla. Stat. 403.813(1)(b)1 | State exemption :: A private, non-commercial dock on pilings with 1,000 sq ft or less of over-water surface (500 sq ft in Outstanding Florida Waters), and the only exempt dock along 65 ft of shoreline (or one per lot if the lot is narrower), needs no state environmental permit - Fla. Stat. 403.813(1)(b). The exemption does not grant permission to use state-owned submerged lands and does not override city or county rules - 403.813(1) | Federal :: Structures in navigable waters need a Department of the Army permit, general or individual - 33 CFR 322.3(a)","City of Key West Land Development Regulations Secs. 110-186 (through Ord. 98-14), 110-192, 118-361, 122-126, 122-129, 122-1186 (Ord. 97-10); F.A.C. 62-302.700(9)(i)13 (rule effective 11-25-2025); Fla. Stat. 403.813(1)(b) (2026); 33 CFR 322.3(a)",2026-10,verified,Dock,Monroe,1,0
key-west,boat-lift-rules,Boat Lift Rules in Key West,What are the boat lift rules in Key West?,No lift-specific rule; permit fee covers davits,building permit,"Key West's code does not regulate boat lifts by name. It treats boat davits as a structure that needs a building permit - the fee schedule prices docks and boat davits together - and docks, piers and wharves need Army Corps approval and a channel at least four feet deep at mean low water.","Permit fee :: New structures other than buildings, including seawalls, docks and boat davits, are charged $36 per $1,000 of contract price, minimum $100; repairs under $1,000 need no permit - Code Sec. 14-2 | Dock permit :: Bulkheads, piers and docks along the shoreline are installed under a permit from the building official - Code Sec. 118-361 | Agency approval and depth :: Docks, piers or wharves require Army Corps approval and/or approval of any other agency with jurisdiction, and are allowed only where a continuous channel at least four feet deep at mean low water links the structure to deep water - Code Sec. 122-1186(b) | Not in the code :: No boat lift projection, height, setback, canopy rule or per-lot count was found (searched lift, boat lift, davit, hoist) | Regular mooring :: A boat moored to the same shoreline at least eight hours a day for ten days in a month is 'regularly moored'; that needs the riparian landowner's consent, may not be used as a dwelling except in public marinas or on private sites, and must be kept seaworthy - Code Sec. 122-1186(a) (Ord. 97-10) | State and federal :: Floating boat lifts and floating vessel platforms that meet s. 403.813(1)(s), F.S. (they float at all times, hold the vessel out of the water, and either sit inside a previously permitted slip or total no more than 500 sq ft - 200 sq ft in Outstanding Florida Waters - beside a qualifying dock or bulkhead) need no state permit; a local government may then ask only for a one-time registration unless the platform is attached to a bulkhead with no dock. Structures in navigable waters otherwise need Army Corps authorization unless exempt or under a general permit - 33 CFR 322.3(a).","City of Key West Code of Ordinances Secs. 14-2, 118-361, 122-1186 (Supp. 99); s. 403.813(1)(s), F.S. (2026); 33 CFR 322.3(a)",2026-10,verified,Dock,Monroe,1,0
key-west,deck-requirements,Waterfront Deck Rules in Key West,What are the deck setback and railing rules in Key West?,,,,,,,not-started,Deck,Monroe,1,0
key-west,licensed-contractors,Checking a Marine Contractor in Key West,How do I check a marine contractor in Key West?,City licence + competency,DBPR contractors register online,"Key West's code requires every contractor working in the city to hold and keep a city licence, issued under the city's business tax receipt rules (Secs. 18-146, 18-147), and to hold a current certificate of competency for its trade (Sec. 18-150). DBPR state-licensed contractors register through an online form; specialty contractors need a competency card, and the city sends testing to Monroe County.","DBPR registration :: Online Licensed Contractor Registration Form: attach workers' comp or exemption, business tax receipts from the local jurisdiction, liability insurance and the DBPR state licence. The form reminds contractors that F.S. 489.119(5)(c) requires the registration or certification number on any vehicle bearing the company name | Specialty cards :: Specialty trades must show a competency card; the City does not test - call the Monroe County Contractor License Coordinator, (305) 289-2583 - Note on Specialty Contractors page | Homeowner permits :: An agent may not act for someone applying for a homeowner permit unless a licensed contractor is employed - Sec. 18-118(b) | Past permits :: eTRAKiT (etrakit.cityofkeywest-fl.gov) has Search Permit and Search Contractors pages | County certificates :: Monroe's Contractors Examining Board (County Code Secs. 6-263 to 6-270) issues certificates of competency, including Seawall & Small Dock (Marine Const.) Engineering Class II (c), which needs three years' experience. County certificate holders may work only where the county has a reciprocal agreement | County look-up :: Search county licences in MCeSearch (mcesearch.monroecounty-fl.gov) or call the Monroe County Licensing Coordinator, 305-289-2583 | State licence :: Search the company and the qualifier on DBPR's Verify a Licensee (myfloridalicense.com). A licence number starting with C is a state certification valid anywhere in Florida; one starting with R is a registration, good only where the holder met local competency rules - F.S. 489.105(8),(10) and the DBPR licensing page | Who may build a seawall or dock :: A certified general contractor's scope is unlimited (489.105(3)(a)). The state also certifies five marine specialties: marine specialty, marine seawall work, marine bulkhead work, marine dock work and marine pile driving - Rule 61G4-15.100(1)(b)-(f) | Workers' comp :: In construction a single employee makes coverage mandatory (440.02(20)(b)2). Up to three officers or LLC members owning at least 10% may file exemptions (440.02(18)(b)2), and the exemption certificate itself says it is not a DBPR licence (440.05(4)). Check it on the DWC data portal's Coverage and Exemptions search (dwcdataportal.fldfs.com) | Recovery fund :: For contracts signed on or after 1 July 2024 the Homeowners' Construction Recovery Fund pays at most $100,000 per claim against a Division I contractor (general, building, residential) and $30,000 against a Division II contractor, which includes the marine specialties; the lifetime caps are $2 million and $600,000 per licensee - 489.143(3),(6). Nothing is paid if the contractor was unlicensed when you signed - 489.141(2)(d) - and residential contracts over $2,500 must print the fund notice - 489.1425 | Deposits :: A contractor who takes more than 10% up front on residential work must apply for permits within 30 days and start within 90 days of the permits issuing, unless you agreed to longer in writing - 489.126(2)(a) | Three-day cancel :: If the deal was a home solicitation sale over $25 - signed away from the seller's place of business and not the result of your own request for specific goods or services - you can cancel in writing until midnight of the third business day; Sundays and federal holidays don't count - 501.021, 501.025 | Business tax is not a licence :: A contractor pays business tax where its permanent office is, and no other city or county may levy a business tax or an equivalent registration fee for temporary work there - 205.065","City of Key West Code Secs. 18-118, 18-146, 18-147, 18-150; Note on Specialty Contractors page; DBPR Licensed Contractor Registration Form; eTRAKiT; Monroe County Contractors Examining Board page; New Certificate of Competency checklist (rev. 07/23/2026); File A Contractor Complaint page; F.S. 489.105, 489.126, 489.141, 489.1425, 489.143, 440.02, 440.05, 501.021, 501.025, 205.065 (2026); Fla. Admin. Code R. 61G4-15.100; DBPR Construction Industry page and Verify a Licensee; DFS Division of Workers' Compensation construction exemption page and data portal",2026-10,verified,Failing,Monroe,1,0
key-west,storm-prep,Storm Prep for Key West Waterfront Owners,What are the storm and debris rules in Key West?,,,,,,,not-started,Failing,Monroe,1,0
delray-beach,seawall-height-requirement,Delray Beach Seawall Height Requirement,How high does a seawall have to be in Delray Beach?,4.2,ft NAVD88 minimum,"Delray Beach sets one minimum in every flood zone, 4.2 ft NAVD88, and lets the maximum vary with your flood zone. The rule applies when a seawall is built, substantially repaired, or has fixed structures attached to it. Build below 5 ft and the wall must still be engineered so it can be extended to 5 ft later.","Minimum, every flood zone :: 4.2 ft NAVD88; Table 7.1.7(D) applies the same minimum to all three flood-zone rows. | When it applies :: New tidal flood barriers, substantial repair or rehabilitation of shorelines and shoreline structures, and installing fixed infrastructure attached to a barrier, such as docks or mooring structures. The applicability sentence ends with the words on the Intracoastal Waterway, so ask the city how it reads that for a canal lot. LDR 7.1.7(B). | Maximum, BFE 5.0 ft or higher :: The base flood elevation of the property, from the FEMA map. | Maximum, BFE of 4.0 ft :: 5 ft NAVD88. | Maximum, X zone outside the floodplain :: Must meet the definition of grade in Section 4.3.4(J)(2). | Build low, engineer high :: A wall built under 5 ft NAVD88 must be designed and constructed to accommodate a future extension to at least 5 ft. | What counts as substantial repair :: Work on more than 50% of the length of the structure, cap included, or any work changing the elevation along more than 50% of the length. Then the whole shoreline must meet the minimum. | Sellers must disclose :: Under LDR 7.1.7(D)(7), any contract to sell property in a tidally influenced area of Delray Beach, signed after 1 February 2022, must carry a tidal-flood-barrier disclosure in bold capitals of at least 14 point. | To get a permit :: A survey showing the seawall's location and elevation, plans sealed by a Florida registered engineer, and sign-off from the reviewing agencies first.","City of Delray Beach Land Development Regulations Sec. 7.1.7 and Table 7.1.7(D); Ordinance 23-21, adopted 11 January 2022",2026-09,verified,Compliance,Palm Beach,1,0
delray-beach,seawall-permit,Seawall Permits in Delray Beach,Do I need a permit to repair a seawall in Delray Beach?,Yes,"building permit, engineer-sealed","Yes. Delray Beach requires a building permit to build or alter a seawall, with plans sealed by a Florida engineer and approval from the other reviewing agencies before the permit issues. A substantial repair must meet the city's minimum elevation along the entire shoreline.","City :: 'The construction of a new seawall, or alteration of an existing seawall requires the issuance of a building permit'; the application needs a survey showing the wall's location and elevation, plans sealed by a Florida PE, and approval from the applicable reviewing agencies before the permit issues, which the applicant must obtain - LDR Sec. 7.1.7(E)(1)-(3) | Substantial repair :: Rip rap is not considered a seawall for this section - Sec. 7.1.7(C)(5); substantial repair is improvement to more than 50% of the length of the wall and cap, or an elevation change along more than 50% of it; the minimum then applies to the continuous seawall along the entire shoreline - Sec. 7.1.7(D)(6) | Elevation :: Minimum 4.2 ft NAVD88 in a floodplain with a BFE of 5.0 ft or more, maximum the property's BFE; walls built below 5 ft must be designed for a later extension to 5 ft NAVD88 - Sec. 7.1.7(D)(1) | Upkeep :: A cited owner must start repairs, such as hiring a contractor or submitting a building permit, show progress within 60 days and finish within 365 days - Code Sec. 100.04(C) (Ord. 22-21) | Disclosure :: The standard is sized for water levels through 2050, and sale contracts for tidally influenced property signed after 1 Feb 2022 must carry a 14-point bold disclosure - Sec. 7.1.7(A)(1), (D)(7). Failing to erect, maintain or repair a needed seawall is a public nuisance, including where it endangers swimming or other water sports or impedes navigability - Code Sec. 100.04(A), (B) | State (FDEP) :: Restoring a seawall in place or up to 18 in. waterward can be exempt from an Environmental Resource Permit where it was damaged within the last year by a discrete event or needs only minimal backfilling, and any chapter 161 permits are obtained (s. 403.813(1)(e) F.S.; r. 62-330.051(12)(b) F.A.C.); batter piles, king piles or a cap used only to stabilize and repair a wall are also exempt (r. 62-330.051(12)(d)) | State-owned bottom :: Exempt work on sovereign submerged land still needs separate authorization under chs. 253 and 258 F.S., which the Board of Trustees grants by rule for many exempt activities (r. 62-330.051 intro; r. 18-21.005(1)(b) F.A.C.) | County :: Palm Beach County ERM's Permitting and Regulation page lists no seawall or shoreline permit program among its topics (PBC ERM Permitting and Regulation page) | Ocean side :: Seaward of the Coastal Construction Control Line a wall needs a separate state coastal construction permit; the chapter 161 repair exemption expressly excludes seawalls (s. 161.053(2)(a), (11)(a) F.S.) | Small-job exemption :: The state's under-$7,500 single-family permit exemption does not cover structural work or property in a flood hazard area (s. 553.79(1)(g)2. F.S.) | Federal :: A U.S. Army Corps of Engineers (Department of the Army) authorization is required for structures or work in or affecting navigable waters, unless exempt or covered by a nationwide or regional general permit - 33 CFR 322.3(a) (Rivers and Harbors Act s. 10)","City of Delray Beach LDR Sec. 7.1.7 (Supp. 35); Code of Ordinances Sec. 100.04; s. 403.813(1)(e), 161.053, 553.79 F.S. (2026); r. 62-330.051, 18-21.005 F.A.C.; 33 CFR 322.3(a); PBC ERM Permitting and Regulation page",2026-10,verified,Compliance,Palm Beach,1,0
delray-beach,flood-zone,Delray Beach Flood Zone & Elevation Rules,"What flood zone is Delray Beach in, and what does it require?",BFE +1 ft (state code),no extra city freeboard for buildings found,"Delray Beach keeps its flood rules in Chapter 10 of the land development regulations, uses the plain 50% substantial-improvement test, and lets owners add freeboard above the minimum under LDR Section 4.3.4(J)(2). Manufactured homes go to BFE plus 1 foot. Chapter 10 pairs the flood rules with the city's coastal construction rules, so beachfront projects answer to both halves of that chapter.","Substantial improvement / damage :: 50 percent of market value, no cumulative period - LDR Ch. 10 definitions (Ord. No. 32-16). | Manufactured homes :: Bottom of lowest horizontal member at BFE plus one foot or the FBC level, whichever is higher - LDR 10.3.4(D). | Extra freeboard :: 'Additional freeboard elevation is allowed per Section 4.3.4(J)(2)' - LDR 10.3.4(D). | Manufactured-home enclosures :: Enclosed areas below elevated manufactured homes follow FBC Residential R322.2 or R322.3 - LDR 10.3.4(E). | More trigger points :: $517,000 building value -> $258,500 trigger. | FEMA flood map :: FEMA's Community Status Book (report dated 3 Oct 2026) lists Delray Beach as NFIP community 125102 with a current effective FIRM dated 20 Dec 2024. Zones are set parcel by parcel, so no single zone covers the whole city - check your own address. | NFIP history :: FEMA record: first FIRM 9 Apr 1971; regular NFIP program since 9 Apr 1971; entered CRS 1 Oct 1994. | Flood insurance discount :: CRS class 6 - 20% off NFIP premiums for policies in the Special Flood Hazard Area (class in effect 1 Oct 2020). | State minimum :: 2023 Florida Building Code, Residential R322.2.1 and R322.3.2 - lowest floor (A zones) or bottom of the lowest horizontal structural member (V and Coastal A zones) at BFE + 1 ft or the design flood elevation, whichever is higher. | Look up your zone :: Enter the address in FEMA's Flood Map Service Center (msc.fema.gov), the official public source for FIRMs; an elevation certificate shows how your floor compares with the BFE.","Delray Beach Land Development Regulations Ch. 10 Flood Damage Control Districts and Coastal Construction; FEMA Community Status Book, Florida (www.fema.gov/cis/FL.html, report 10/03/2026); 2023 Florida Building Code, Residential R322.2.1, R322.3.2; 44 CFR 59.1; FEMA Flood Map Service Center",2026-10,verified,Compliance,Palm Beach,1,0
delray-beach,dock-permit-size,Dock Permits & Size Limits in Delray Beach,How big a dock can I build in Delray Beach?,8 ft from the seawall,max dock projection; piles up to 25% of waterway width,"Delray Beach rewrote its dock rules in January 2026. A dock may now extend no more than 8 ft from the seawall, wet face or property line, and must stay 10 ft (or the zoning side setback, if larger) from the neighbour's line. Mooring piles and finger piers may reach 25% of the waterway's width, but half the waterway must stay open.","Dock projection :: Docks, fixed or floating, may not extend more than 8 ft from the seawall, wet face or property line - Land Development Regulations 7.9.4(B)(2) | Side setback :: No mooring structure within the side yard setback or 10 ft of the adjacent property line, whichever is greater - 7.9.4(A)(2), (B)(1) | Height :: A dock attached to a seawall may sit lower than the seawall but may not exceed the seawall elevation under Sec. 7.1.7 - 7.9.4(B)(3) | Floating docks :: Only one per single-family detached property, permanently attached to a dock or seawall - 7.9.4(B)(5) | Mooring piles :: No more than 25% of the waterway width from the property line, seawall or bulkhead; at least 50% of the waterway must remain open; on waterways wider than 100 ft, no more than 25 ft; 6 to 8 ft above mean high tide with a reflective band - 7.9.4(C) | Finger piers :: Up to 25% of the waterway width, no wider than 8 ft, at least 25 ft apart; T and L shapes allowed - 7.9.4(D) | Boat lifts :: One per single-family lot; the raised boat must stay 10 ft or the building side setback (whichever is greater) from the adjacent property line - 7.9.4(E) | Ladders :: At least one ladder to 2 ft below mean low water for each 50 ft of dock - 7.9.4(B)(4) | Permit :: A City permit, issued only after the agency with jurisdiction over the waterbody has reviewed and approved the work - 7.9.3 | Relief :: Through the Chapter 2 relief process, on the findings in Sec. 2.4.11 - 7.9.6 | New rules :: Article 7.9 was repealed and re-enacted by Ordinance 07-26 on 20 January 2026 - Art. 7.9 editor's note | State exemption :: A private, non-commercial dock on pilings with 1,000 sq ft or less of over-water surface (500 sq ft in Outstanding Florida Waters), and the only exempt dock along 65 ft of shoreline (or one per lot if the lot is narrower), needs no state environmental permit - Fla. Stat. 403.813(1)(b). The exemption does not grant permission to use state-owned submerged lands and does not override city or county rules - 403.813(1) | Federal :: Structures in navigable waters need a Department of the Army permit, general or individual - 33 CFR 322.3(a)","City of Delray Beach Land Development Regulations Art. 7.9 (Ord. 07-26, 1-20-26); Fla. Stat. 403.813(1)(b) (2026); 33 CFR 322.3(a)",2026-10,verified,Dock,Palm Beach,1,0
delray-beach,boat-lift-rules,Boat Lift Rules in Delray Beach,What are the boat lift rules in Delray Beach?,Allowed; one per single-family lot,1 lift; raised boat 10 ft from side line,"Delray Beach rewrote its mooring rules in January 2026. A single-family lot may have one boat lift, it needs a City permit after the agency with authority over the waterbody signs off, and the boat in its raised position must stay at least 10 feet - or the building side setback if greater - from the neighbouring property line.","Permit :: Permits from the City are required to construct boat lifts; the jurisdiction with authority over the waterbody must review and approve before the City permit is issued - LDR Sec. 7.9.3 | How many :: Only one boat lift per single-family lot - LDR Sec. 7.9.4(E)(1) | Raised boat :: The lift must be placed so the vessel in its raised position is no closer to the adjacent property line than 10 feet or the building side setback, whichever is greater - Sec. 7.9.4(E)(2) | Any mooring structure :: Not within the side yard setback or 10 feet of the adjacent property line, whichever is greater - Sec. 7.9.4(A)(2) | Projection context :: The lift section sets no reach of its own; docks may extend 8 feet from the seawall, and mooring pilings 25% of the waterway width, with at least 50% of the waterway kept clear - Sec. 7.9.4(B)(2), (C)(1)-(2) | Not in the code :: No lift height, raised-boat height or canopy rule appears in Article 7.9 | Pilings :: Mooring pilings at most 25% of the waterway width from the property line or seawall, 25 feet on waterways over 100 feet; at least half the waterway must remain for safe mooring; pilings stand 6 to 8 feet above mean high tide with a reflectorized band about 2 feet below the top - LDR Sec. 7.9.4(C)(1)-(4) | Floating docks :: Only one floating dock on a single-family detached property, permanently attached to a fixed dock or seawall - Sec. 7.9.4(B)(5) | Finger piers :: No further than 25% of the waterway, no wider than 8 feet, at least 25 feet apart - Sec. 7.9.4(D)(1)-(3) | Upkeep :: Docks, pilings, finger piers and boat lifts must be kept safe; an unsafe boat lift is declared a public nuisance and must be repaired or removed - LDR Sec. 7.9.5 | Dock details :: A dock attached to a seawall may sit lower than the seawall but not above it (Sec. 7.1.7); one ladder for each 50 feet reaching 2 feet below mean low water; a floating dock may not obstruct the waterway or discourage safe mooring - Sec. 7.9.4(B)(3)-(4), (6) | Extended property line :: Measured as the extension of the side lot line where it meets the water at right angles, or at right angles to the tangent where the shoreline curves - Sec. 7.9.4(A)(3) | State and federal :: Floating boat lifts and floating vessel platforms that meet s. 403.813(1)(s), F.S. (they float at all times, hold the vessel out of the water, and either sit inside a previously permitted slip or total no more than 500 sq ft - 200 sq ft in Outstanding Florida Waters - beside a qualifying dock or bulkhead) need no state permit; a local government may then ask only for a one-time registration unless the platform is attached to a bulkhead with no dock. Structures in navigable waters otherwise need Army Corps authorization unless exempt or under a general permit - 33 CFR 322.3(a).","City of Delray Beach LDR Article 7.9, Secs. 7.9.3, 7.9.4 (Supp. 35; Ord. No. 07-26, 20 Jan 2026); s. 403.813(1)(s), F.S. (2026); 33 CFR 322.3(a)",2026-10,verified,Dock,Palm Beach,1,0
delray-beach,deck-requirements,Waterfront Deck Rules in Delray Beach,What are the deck setback and railing rules in Delray Beach?,5 ft,from any property line for uncovered patios; pools 10 ft,"Delray Beach treats an uncovered patio or walkway under 3 ft tall as a site improvement that must stay 5 ft from every property line, including the rear. A pool at grade can go into the rear setback but no closer than 10 ft to a property line, and the pool fence can be skipped on the side that fronts the Intracoastal, a canal or the ocean.","Patios and walkways :: Table 4.3.4(A), site improvements less than 3 ft in height: uncovered patio and walkways need a 5 ft minimum setback from the front, street-side, interior-side and rear property lines. LDR Sec. 4.3.4. | Balconies :: Railings taller than 42 inches (and columns, privacy walls, louvres, screens) are not allowed in the required setback. Table 4.3.4(A). | Boat slips :: 10 ft from the interior side line, 0 ft rear, and no more than 20% of total lot area. Table 4.3.4(A). | Pools :: Pools at grade may extend into rear, interior or street side setbacks but no closer than 10 ft to any property line, and never into the front setback. LDR Sec. 4.6.15(G). | Pool barrier on the water :: The safety barrier must be at least 48 inches tall, but where the premises are fenced and one side fronts the Intracoastal Waterway, a finger canal or the ocean, no fence is required along that water side. Sec. 4.6.15. | Common open area :: Pools may come to 5 ft from the rear or interior side line when adjacent to at least 50 ft of common open area (canals, lakes, golf courses, parks qualify under Sec. 4.3.4(H)(5)). Sec. 4.6.15(G). Steps or platforms leading to buildings, under 3 ft tall, need 6 ft rear clearance. Table 4.3.4(A). | Guards (state rule) :: Florida Building Code, Residential, 8th Edition (2023), Sec. R312.1.1-R312.1.3: a guard is required on open sides of a walking surface located more than 30 inches above the floor or grade below at any point within 24 inches of the open edge; it must be at least 36 inches high; openings must not let a 4-inch sphere pass. No local guard amendment was found in this city's code.","City of Delray Beach Land Development Regulations Sec. 4.3.4 (Table 4.3.4(A)) and Sec. 4.6.15 (LDR Supp. 35; Ord. 13-24, 10-25); Florida Building Code, Residential, 8th Ed. (2023) R312.1.1-R312.1.3 (ICC Digital Codes)",2026-10,verified,Deck,Palm Beach,1,0
delray-beach,licensed-contractors,Checking a Marine Contractor in Delray Beach,How do I check a marine contractor in Delray Beach?,Registration required,state licence + City-named insurance in eServices,"Delray Beach requires registration for any contractor performing licensed work in the city, filed through eServices with an active Florida licence that matches the scope, workers' comp or an exemption, and general liability naming the City of Delray Beach. A contractor with a business tax receipt from another Florida city or county and no office in Delray is issued a City receipt at no fee when it registers (Code Sec. 110.06).","Documents :: Active State of Florida contractor licence matching the scope of work, workers' comp certificate or exemption, general liability; certificate holder City of Delray Beach - Contractor Registration page | Keep it current :: Upload new licences and insurance to the registration record whenever they change; documents are not accepted by email | Out-of-town contractors :: No-fee City receipt on registering with the Building and Inspection Division - Sec. 110.06 | Past permits :: eServices (Tyler EnerGov), cityofdelraybeachfl-energovweb.tylerhost.net - registration is required even to view existing records | NAICS codes :: The registration lists recognised contractor types with their North American Industry Classification System codes (census.gov/naics) for each business activity | Getting started :: Registering with the same email already tied to active records is the fastest way in; the eServices overview presentation is dated 2 June 2025 | County licence :: Palm Beach County's Contractor Regulations section (Code Compliance Division, PZB) serves the Construction Industry Licensing Board under Special Act 67-1876, which requires a certificate of competency to advertise, bid or contract in the regulated trades | Marine is a county trade :: MARINE remains on the county's regulated-trades list (rev. 7/1/25): seawalls, bulkheads, revetments, docks, piers, wharfs, groins, boat lifts, davits and pile driving. Dredging and land filling was among the trades preempted on 1 July 2025 | County look-up :: County Licensed Contractor Search in the ePZB portal (pbcgov.org/ePZB.Admin.WebSPA), next to the state search; Contractor Regulations 561-233-5525 | State licence :: Search the company and the qualifier on DBPR's Verify a Licensee (myfloridalicense.com). A licence number starting with C is a state certification valid anywhere in Florida; one starting with R is a registration, good only where the holder met local competency rules - F.S. 489.105(8),(10) and the DBPR licensing page | Who may build a seawall or dock :: A certified general contractor's scope is unlimited (489.105(3)(a)). The state also certifies five marine specialties: marine specialty, marine seawall work, marine bulkhead work, marine dock work and marine pile driving - Rule 61G4-15.100(1)(b)-(f) | Workers' comp :: In construction a single employee makes coverage mandatory (440.02(20)(b)2). Up to three officers or LLC members owning at least 10% may file exemptions (440.02(18)(b)2), and the exemption certificate itself says it is not a DBPR licence (440.05(4)). Check it on the DWC data portal's Coverage and Exemptions search (dwcdataportal.fldfs.com) | Recovery fund :: For contracts signed on or after 1 July 2024 the Homeowners' Construction Recovery Fund pays at most $100,000 per claim against a Division I contractor (general, building, residential) and $30,000 against a Division II contractor, which includes the marine specialties; the lifetime caps are $2 million and $600,000 per licensee - 489.143(3),(6). Nothing is paid if the contractor was unlicensed when you signed - 489.141(2)(d) - and residential contracts over $2,500 must print the fund notice - 489.1425 | Deposits :: A contractor who takes more than 10% up front on residential work must apply for permits within 30 days and start within 90 days of the permits issuing, unless you agreed to longer in writing - 489.126(2)(a) | Three-day cancel :: If the deal was a home solicitation sale over $25 - signed away from the seller's place of business and not the result of your own request for specific goods or services - you can cancel in writing until midnight of the third business day; Sundays and federal holidays don't count - 501.021, 501.025 | Business tax is not a licence :: A contractor pays business tax where its permanent office is, and no other city or county may levy a business tax or an equivalent registration fee for temporary work there - 205.065","City of Delray Beach Contractor Registration page; Getting Started with eServices page; Code Sec. 110.06; PBC Contractor Regulations page; Regulated Trades / Standards for Certified Categories (rev. 7/1/25); BCAB preemption notice (1/21/2026); F.S. 489.105, 489.126, 489.141, 489.1425, 489.143, 440.02, 440.05, 501.021, 501.025, 205.065 (2026); Fla. Admin. Code R. 61G4-15.100; DBPR Construction Industry page and Verify a Licensee; DFS Division of Workers' Compensation construction exemption page and data portal",2026-10,verified,Failing,Palm Beach,1,0
delray-beach,storm-prep,Storm Prep for Delray Beach Waterfront Owners,What are the storm and debris rules in Delray Beach?,60 / 365 days,to show progress / finish a cited seawall,"Delray Beach makes failing to maintain or repair a needed seawall a public nuisance, with 60 days to show progress and 365 days to finish after notice. Before each hurricane season owners must inspect their land and fix hazards; during a warning or alert, construction materials must be tied down, and in single-family districts dumpsters must be emptied and roof tiles strapped or removed. The city will not collect construction or demolition debris.","Seawall nuisance :: It is unlawful and a public nuisance to fail to erect, maintain or repair a seawall where a body of water requires one - necessary when the lack or condition of the wall endangers safety, navigability or swimming, allows upland erosion or transfer of material, or lets tidal water reach neighbours or the right-of-way. Show progress within sixty (60) days of notice and complete within three hundred sixty-five (365) days - Code Sec. 100.04 (Ord. 22-21) | Before the season :: Each year, prior to hurricane season, property owners shall inspect their properties and correct conditions that may be a hazard in hurricane winds; debris or vegetation that creates such a hazard is a nuisance - Sec. 100.02. Civil penalty: $250 uncontested, $325 contested - Sec. 37.39 | Warning or alert :: Construction materials and equipment shall be secured against displacement by wind - by guying and shoring and tying down loose materials, equipment and construction sheds - and loose outdoor objects lashed or stored - LDR Sec. 7.1.4(D)(1) | Single-family sites :: In the event of tropical storm or hurricane warnings the applicant/owner shall empty all dumpsters, remove or secure loose construction debris, materials and port-o-lets, and strap or remove all roof tiles - LDR Sec. 4.4.3(I)(5) | Not collected :: Building materials from construction, alteration or demolition will not be collected under the city's residential service; removal is the contractor's or installer's responsibility. Debris from minor do-it-yourself repairs is collected if bundled, with lumber no longer than four (4) feet and without nails - Sec. 51.20","City of Delray Beach Code of Ordinances Secs. 37.39, 51.20, 100.02, 100.04; Land Development Regulations Secs. 4.4.3, 7.1.4 (Municode)",2026-10,verified,Failing,Palm Beach,1,0
jupiter,seawall-height-requirement,Jupiter Seawall Height Requirement,How high does a seawall have to be in Jupiter?,No minimum,set in local code,"Jupiter sets no minimum seawall height. It caps new bulkheads at the property's FEMA base flood elevation, and a bulkhead more than 3 ft above mean high water must be fully faced with riprap or mangroves.","Minimum :: None set in Sec. 27-2624 (Shoreline stabilization) | Maximum :: Top of new bulkhead must be at or below the property's required base flood elevation on current FEMA maps - Sec. 27-2624(8) | Exemptions to max :: Properties east of the Coastal Construction Control Line; Riverwalk properties where ADA slope cannot be met - Sec. 27-2624(8)a-b | Riprap trigger :: Top more than 3 ft above mean high water line requires 100% riprap/mangrove facing - Sec. 27-2624(1)c, (2)d | Location :: Replacement within 18 in. waterward of existing permitted bulkhead (one-time waterward move since 6/16/2015) - Sec. 27-2624(1)-(2) | Riprap placement :: Riprap must cover the bottom half of the bulkhead, sloped no steeper than 2:1, and may not reach more than 8 ft waterward of the mean high water line. No filter cloth is needed - Sec. 27-2624(5)b | Mangrove follow-up :: Within two years of final inspection, mangroves must be established on at least 10% of the riprap-faced shoreline; if not, 20% of the shoreline must then be planted - Sec. 27-2624(5)c-d | Old unpermitted walls :: When replacing an unpermitted bulkhead, a dated survey or historical aerial proving it existed before 20 Dec 2005 excuses the riprap, as long as the new top stays within 3 ft of mean high water. Wood or other degradable walls must be removed - Sec. 27-2624(2)f, (2)h","Town of Jupiter Code of Ordinances, Ch. 27 Zoning, Art. XI Div. 25 Marine Facilities, Sec. 27-2624 (Supp. 24, online 10/2/2026)",2026-10,verified,Compliance,Palm Beach,1,0
jupiter,seawall-permit,Seawall Permits in Jupiter,Do I need a permit to repair a seawall in Jupiter?,Yes,building permit (Marine Structure),"Yes. Jupiter requires a town building permit for seawalls. A replacement may sit up to 18 in. waterward of the existing wall one time only, a replacement whose top is more than 3 ft above mean high water must be fully faced with riprap or mangroves, and the top may not exceed the property's FEMA base flood elevation.","Town :: Seawalls 'shall be installed under permit issued by the town building department' - Sec. 25-268 | Replacement location :: Within 18 in. waterward of an existing bulkhead, or landward; a waterward replacement is allowed only once as of 16 Jun 2015 - Sec. 27-2624(1)-(2) | Riprap :: A replacement of a permitted wall whose top is more than 3 ft above mean high water must be 100% faced with riprap or mangroves; replacing an unpermitted wall needs at least 50%; mapped canal-mouth lots are exempt - Sec. 27-2624(1)(c), (2)(c) | Height cap :: Top at or below the property's FEMA base flood elevation; properties east of the CCCL exempt - Sec. 27-2624(8) | Riprap rules :: Covering the bottom half of the wall at no steeper than 2:1 and no more than 8 ft waterward; mangroves on 10% of the faced shoreline within two years; waived where the canal would narrow below 40 ft or seagrasses would be destroyed (seagrass study under six months old) - Sec. 27-2624(5), (10), (11) | Checklist :: Signed and sealed survey with mean high water in NAVD88, PE-sealed plans, photos, FDEP exemption self-certification, Army Corps and SFWMD approvals where applicable (Marine Structure - Seawalls checklist, rev. Jan 2021) | State (FDEP) :: Restoring a seawall in place or up to 18 in. waterward can be exempt from an Environmental Resource Permit where it was damaged within the last year by a discrete event or needs only minimal backfilling, and any chapter 161 permits are obtained (s. 403.813(1)(e) F.S.; r. 62-330.051(12)(b) F.A.C.); batter piles, king piles or a cap used only to stabilize and repair a wall are also exempt (r. 62-330.051(12)(d)) | State-owned bottom :: Exempt work on sovereign submerged land still needs separate authorization under chs. 253 and 258 F.S., which the Board of Trustees grants by rule for many exempt activities (r. 62-330.051 intro; r. 18-21.005(1)(b) F.A.C.) | County :: Palm Beach County ERM's Permitting and Regulation page lists no seawall or shoreline permit program among its topics (PBC ERM Permitting and Regulation page) | Ocean side :: Seaward of the Coastal Construction Control Line a wall needs a separate state coastal construction permit; the chapter 161 repair exemption expressly excludes seawalls (s. 161.053(2)(a), (11)(a) F.S.) | Small-job exemption :: The state's under-$7,500 single-family permit exemption does not cover structural work or property in a flood hazard area (s. 553.79(1)(g)2. F.S.) | Federal :: A U.S. Army Corps of Engineers (Department of the Army) authorization is required for structures or work in or affecting navigable waters, unless exempt or covered by a nationwide or regional general permit - 33 CFR 322.3(a) (Rivers and Harbors Act s. 10)","Town of Jupiter Code Secs. 25-268, 27-2624 (Supp. 24); Marine Structure - Seawalls checklist; s. 403.813(1)(e), 161.053, 553.79 F.S. (2026); r. 62-330.051, 18-21.005 F.A.C.; 33 CFR 322.3(a); PBC ERM Permitting and Regulation page",2026-10,verified,Compliance,Palm Beach,1,0
jupiter,flood-zone,Jupiter Flood Zone & Elevation Rules,"What flood zone is Jupiter in, and what does it require?",+1.5 ft above BFE,lowest floor / bottom of structural member,"Jupiter requires every building in a flood hazard area to sit at base flood elevation plus 1.5 feet, or the design flood elevation if higher. It counts improvements over five years, with the accumulation running from the first improvement after 21 June 1977, and bars fill as foundation support except in stem walls.","Freeboard :: Lowest floor, dry floodproofing or bottom of lowest horizontal structural member at or above BFE plus 1.5 feet, or the design flood elevation, whichever is higher - Sec. 22-251(b). | Fill :: Fill shall not be used to support foundations, except in stem wall foundations - Sec. 22-251(c). | V and Coastal A zones :: Solid walls are not permitted below elevated buildings - Sec. 22-251(d). | Substantial improvement :: Five year period, cumulative cost of 50% or more, accumulation from the first improvement after June 21, 1977 - Sec. 22-3. | FEMA flood map :: FEMA's Community Status Book (report dated 3 Oct 2026) lists Jupiter as NFIP community 125119 with a current effective FIRM dated 20 Dec 2024. Zones are set parcel by parcel, so no single zone covers the whole city - check your own address. | NFIP history :: FEMA record: first FIRM 22 Sep 1972; regular NFIP program since 22 Sep 1972; entered CRS 1 Oct 1994. | Flood insurance discount :: CRS class 5 - 25% off NFIP premiums for policies in the Special Flood Hazard Area (class in effect 1 May 2015). | State minimum :: 2023 Florida Building Code, Residential R322.2.1 and R322.3.2 - lowest floor (A zones) or bottom of the lowest horizontal structural member (V and Coastal A zones) at BFE + 1 ft or the design flood elevation, whichever is higher. | Look up your zone :: Enter the address in FEMA's Flood Map Service Center (msc.fema.gov), the official public source for FIRMs; an elevation certificate shows how your floor compares with the BFE.","Jupiter Code Subpart B LDR Ch. 22 Flood Prevention and Protection, Secs. 22-3, 22-251; FEMA Community Status Book, Florida (www.fema.gov/cis/FL.html, report 10/03/2026); 2023 Florida Building Code, Residential R322.2.1, R322.3.2; 44 CFR 59.1; FEMA Flood Map Service Center",2026-10,verified,Compliance,Palm Beach,1,0
jupiter,dock-permit-size,Dock Permits & Size Limits in Jupiter,How big a dock can I build in Jupiter?,50 ft or 20% of waterway width,"whichever is less, on natural waterways","On Jupiter's natural waterways, a dock, mooring space or pile may reach no more than 50 ft from the mean high water line or 20% of the waterway's width, whichever is less. On man-made lakes and canals inside residential areas the limit is 5 ft or 10% of the width, whichever is greater. Walkways are capped at 4 ft wide and terminal platforms at 200 sq ft (160 sq ft over seagrass).","Natural waterways :: No dock, mooring space or mooring piling more than 50 ft from the mean high water line or 20% of the natural waterway width, whichever is less; the planning and zoning director may waive this where other agencies with jurisdiction allow more and navigation, safety and environment are not harmed - Zoning Code 27-2626(b)(1) | Man-made waters :: On lakes, retention ponds or canals entirely within a residential area, docks may project 5 ft or 10% of the width, whichever is greater; mooring spaces up to 25% - 27-2626(b)(2) | Walkway and platform :: Access walkway no wider than 4 ft; on natural waterways the terminal platform or marginal dock may be no more than 200 sq ft (160 sq ft over known seagrass); in man-made canals marginal docks may exceed 200 sq ft - 27-2626(b)(4)-(5) | T and L heads :: No longer than 20 ft and outside the side setback; U-shapes only for shared docks - 27-2626(b)(8) | Side setback :: Docks, lifts, piles, davits and floating structures meet the district side setback measured from the extended side lines; boats may sit at the line but not overhang it, except in an inside canal corner - 27-2626(b)(6) | One dock :: One dock per lot in R-1 and R-2 (except approved PUDs), no more than two mooring spaces, one boat lift plus one personal watercraft lift of up to 3,000 lb - 27-2626(b)(9) | Canals :: Docks and lifts in canals must run parallel to the bulkhead; at least 50% of the waterway width must stay open (a 15 ft channel minimum under an approved alternative) - 27-2626(b)(11),(15) | Seagrass :: Over known seagrass, decking at least 5 ft above mean high water, boards no wider than 8 inches and at least half an inch apart - 27-2626(b)(12) | No covers :: Covered docks and boat lifts are not permitted - 27-2626(b)(14) | Permit :: A building permit with a signed and sealed survey no more than six months old showing riparian rights, plus a copy of the DEP, Army Corps or South Florida Water Management District permit; even re-decking needs a building permit - 27-2626(b)(1),(6)b,(17) | State exemption :: A private, non-commercial dock on pilings with 1,000 sq ft or less of over-water surface (500 sq ft in Outstanding Florida Waters), and the only exempt dock along 65 ft of shoreline (or one per lot if the lot is narrower), needs no state environmental permit - Fla. Stat. 403.813(1)(b). The exemption does not grant permission to use state-owned submerged lands and does not override city or county rules - 403.813(1) | Federal :: Structures in navigable waters need a Department of the Army permit, general or individual - 33 CFR 322.3(a)","Town of Jupiter Code Ch. 27 (Zoning) Sec. 27-2626 (through Ord. 14-17, 9-19-2017); Fla. Stat. 403.813(1)(b) (2026); 33 CFR 322.3(a)",2026-10,verified,Dock,Palm Beach,1,0
jupiter,boat-lift-rules,Boat Lift Rules in Jupiter,What are the boat lift rules in Jupiter?,Allowed; 1 boat lift + 1 PWC lift per dock,R-1/R-2; no covered lifts,"In Jupiter's single-family and duplex districts each dock may carry one boat lift and one personal watercraft lift. The jet ski lift is limited to 3,000 pounds and two mooring pilings, and a small boat may sit on it only if it has no rigid canopy above the gunwale. Covered boat lifts are not permitted at all, lifts in canals must run parallel to the bulkhead, and lifts must respect the district side setback.","How many :: One boat lift plus one personal watercraft lift per dock in R-1 and R-2; each owner on a shared dock may have one of each - Code Sec. 27-2626(b)(9) | Jet ski lift :: No more than 3,000 lb lift capacity and limited to two mooring pilings; two personal watercraft may share it, or one small boat without a permanent rigid canopy (T-top, tower or shade) above the gunwale, with any shade structure retracted, lowered or removed - Sec. 27-2626(b)(9) | Covers :: Covered boat lifts and docks are not permitted, and lifts may not be decked or planked for any other use - Sec. 27-2626(b)(14) | Side setback :: No boat lift mooring space, davit or other mooring facility nearer the side lot line than the district side setback, measured along the extended side line; the planning and zoning director may waive it where side lines converge if other agencies have permitted it and neighbours are notified - Sec. 27-2626(b)(6) | Orientation :: Docks, boat lifts and personal watercraft lifts in canals must be parallel to the bulkhead - Sec. 27-2626(b)(11) | Reflectors :: Night reflectors on any dock, mooring piling, davit or elevator structure extending more than 5 feet; three reflective devices on each side of every mooring piling - Sec. 27-2626(b)(13) | Channel :: At least 50% of the waterway width must stay clear at the centreline, or a 15-foot channel under an approved alternative - Sec. 27-2626(b)(15) | Permit papers :: A signed and sealed survey no older than six months and a copy of the DEP, Army Corps or SFWMD permit - Sec. 27-2626(b)(6)b | State and federal :: Floating boat lifts and floating vessel platforms that meet s. 403.813(1)(s), F.S. (they float at all times, hold the vessel out of the water, and either sit inside a previously permitted slip or total no more than 500 sq ft - 200 sq ft in Outstanding Florida Waters - beside a qualifying dock or bulkhead) need no state permit; a local government may then ask only for a one-time registration unless the platform is attached to a bulkhead with no dock. Structures in navigable waters otherwise need Army Corps authorization unless exempt or under a general permit - 33 CFR 322.3(a).","Town of Jupiter Code of Ordinances Sec. 27-2626 (Supp. 24); s. 403.813(1)(s), F.S. (2026); 33 CFR 322.3(a)",2026-10,verified,Dock,Palm Beach,1,0
jupiter,deck-requirements,Waterfront Deck Rules in Jupiter,What are the deck setback and railing rules in Jupiter?,7.5 ft,rear setback for patios and wood decks (single-family),"Jupiter defines a patio as a wood deck or concrete slab with no permanent roof, and sets it back 7.5 ft from the rear and interior side lot lines of a single-family home. Pools sit 10.5 ft from the rear line, measured to the edge of the water.","Patios and decks :: A screen enclosure or patio accessory to a single-family home: 25 ft front, 7.5 ft rear and interior sides, 15 ft corner side (or the easement width if greater). 'Patio means a wood deck or concrete slab that is not covered by a permanent roof.' Code Sec. 27-3084. | Reductions :: Rear or side setback may drop to 3 ft along open space at least 50 ft wide; on small R-1 lots (6,500 sq ft or less, 100 ft deep or less) the rear setback is 3 ft if a topographic survey shows drainage stays on site and the lot is 50% impervious or less. Sec. 27-3084. | Pools :: Accessory pools 10.5 ft rear and interior sides, 28 ft front, 18 ft corner side, measured to the edge of water. Sec. 27-3084. | Coastal high hazard (Zone V) :: A deck attached to a building must have its lowest horizontal structural member at or above the design flood elevation; a deck or patio more than 12 inches thick, or built on more than minimum fill, needs a design professional's analysis. Code Sec. 22-279. | Coverage on small lots :: The reduced 3 ft patio setback on small R-1 lots also needs a survey of the patio location; fences and walls need no setback, and recreational equipment stays 3 ft from side and rear lines. Secs. 27-3084, 27-2307(b). | Where it lives :: Chapter 27 Zoning, Division 40 swimming pools, spas, patios and screen enclosures, Sec. 27-3084 'Regulations'; Chapter 22 floodplain Sec. 22-279 'Decks and patios in coastal high hazard areas (Zone V)' (Ord. 29-14). | Generators :: Permanent standby generators fueled by natural gas or propane, no taller than 4 ft and screened, may sit 3 ft from the interior side line and 5 ft from the rear line. Sec. 27-2307(c)(4). | Guards (state rule) :: Florida Building Code, Residential, 8th Edition (2023), Sec. R312.1.1-R312.1.3: a guard is required on open sides of a walking surface located more than 30 inches above the floor or grade below at any point within 24 inches of the open edge; it must be at least 36 inches high; openings must not let a 4-inch sphere pass. No local guard amendment was found in this city's code.","Town of Jupiter Code of Ordinances Secs. 27-3084, 27-2307, 22-279 (Supp. 24); Florida Building Code, Residential, 8th Ed. (2023) R312.1.1-R312.1.3 (ICC Digital Codes)",2026-10,verified,Deck,Palm Beach,1,0
jupiter,licensed-contractors,Checking a Marine Contractor in Jupiter,How do I check a marine contractor in Jupiter?,No town business tax,permits and status in the JCDS portal,"Jupiter repealed its local business tax receipt article in 2021 (Ord. 14-21), so a town BTR is not part of the check here. Permits are applied for, tracked and inspected through the Jupiter Community Development System (JCDS) portal, and a change of contractor on an open permit needs its own application and fee (Code Sec. 21-62).","Business tax :: Ch. 18, Art. II is reserved - Ord. 14-21, adopted 17 August 2021, repealed Secs. 18-21 to 18-28 on business tax receipts | Past permits :: JCDS portal - check permit status, plan review comments and inspection results; building permits are among the records in the Town's Online Records Search Portal. Building Department, 210 Military Trail, 561-741-2286 | Change of contractor :: The new contractor completes and signs a change-of-contractor application, pays the fee and takes responsibility for the work - Sec. 21-62 | County licence :: Palm Beach County's Contractor Regulations section (Code Compliance Division, PZB) serves the Construction Industry Licensing Board under Special Act 67-1876, which requires a certificate of competency to advertise, bid or contract in the regulated trades | Marine is a county trade :: MARINE remains on the county's regulated-trades list (rev. 7/1/25): seawalls, bulkheads, revetments, docks, piers, wharfs, groins, boat lifts, davits and pile driving. Dredging and land filling was among the trades preempted on 1 July 2025 | County look-up :: County Licensed Contractor Search in the ePZB portal (pbcgov.org/ePZB.Admin.WebSPA), next to the state search; Contractor Regulations 561-233-5525 | State licence :: Search the company and the qualifier on DBPR's Verify a Licensee (myfloridalicense.com). A licence number starting with C is a state certification valid anywhere in Florida; one starting with R is a registration, good only where the holder met local competency rules - F.S. 489.105(8),(10) and the DBPR licensing page | Who may build a seawall or dock :: A certified general contractor's scope is unlimited (489.105(3)(a)). The state also certifies five marine specialties: marine specialty, marine seawall work, marine bulkhead work, marine dock work and marine pile driving - Rule 61G4-15.100(1)(b)-(f) | Workers' comp :: In construction a single employee makes coverage mandatory (440.02(20)(b)2). Up to three officers or LLC members owning at least 10% may file exemptions (440.02(18)(b)2), and the exemption certificate itself says it is not a DBPR licence (440.05(4)). Check it on the DWC data portal's Coverage and Exemptions search (dwcdataportal.fldfs.com) | Recovery fund :: For contracts signed on or after 1 July 2024 the Homeowners' Construction Recovery Fund pays at most $100,000 per claim against a Division I contractor (general, building, residential) and $30,000 against a Division II contractor, which includes the marine specialties; the lifetime caps are $2 million and $600,000 per licensee - 489.143(3),(6). Nothing is paid if the contractor was unlicensed when you signed - 489.141(2)(d) - and residential contracts over $2,500 must print the fund notice - 489.1425 | Deposits :: A contractor who takes more than 10% up front on residential work must apply for permits within 30 days and start within 90 days of the permits issuing, unless you agreed to longer in writing - 489.126(2)(a) | Three-day cancel :: If the deal was a home solicitation sale over $25 - signed away from the seller's place of business and not the result of your own request for specific goods or services - you can cancel in writing until midnight of the third business day; Sundays and federal holidays don't count - 501.021, 501.025 | Business tax is not a licence :: A contractor pays business tax where its permanent office is, and no other city or county may levy a business tax or an equivalent registration fee for temporary work there - 205.065","Town of Jupiter Code Ch. 18 Art. II (editor's note), Sec. 21-62; Online Permitting page; Online Records Search Portal page; PBC Contractor Regulations page; Regulated Trades / Standards for Certified Categories (rev. 7/1/25); BCAB preemption notice (1/21/2026); F.S. 489.105, 489.126, 489.141, 489.1425, 489.143, 440.02, 440.05, 501.021, 501.025, 205.065 (2026); Fla. Admin. Code R. 61G4-15.100; DBPR Construction Industry page and Verify a Licensee; DFS Division of Workers' Compensation construction exemption page and data portal",2026-10,verified,Failing,Palm Beach,1,0
jupiter,storm-prep,Storm Prep for Jupiter Waterfront Owners,What are the storm and debris rules in Jupiter?,,,,,,,not-started,Failing,Palm Beach,1,0
coral-gables,seawall-height-requirement,Coral Gables Seawall Height Requirement,How high does a seawall have to be in Coral Gables?,6.0,ft NGVD29 - a different datum again,"Coral Gables states its requirement in NGVD29, the old datum, while most of its neighbours use NAVD88. The two are not interchangeable and the city publishes no conversion. It is also the only city we have read where a seawall permit can be routed to a public hearing before the City Commission, and where the Board of Architects reviews the design.","The figure :: A minimum of 6 ft NGVD29, and the wall must structurally support 7.5 ft. Zoning Code Sec. 3-706. | Two numbers, two meanings :: The 6 ft is the elevation you build to. The 7.5 ft is structural capacity - what the wall must be able to carry. They are not the same requirement and should never be merged. | Mind the datum :: NGVD29, not NAVD88. The code states the datum explicitly and gives no conversion, and the offset between the two is local. Take it as written and get your datum from your survey. | No maximum :: Unlike Pompano Beach or Deerfield Beach, Coral Gables sets a floor and no ceiling. | Engineered and specified :: Plans must be designed by a Florida registered engineer, and the wall designed for loads imposed by saturated backfill. Reinforced, pre-stressed or gravity mass concrete - with block or native stone allowed only in water bodies west of LeJeune Road and north of Sunset Road. | The public hearing most people do not expect :: A seawall or bulkhead is a Class 2 waterfront permit, and the code requires a public hearing before the City Commission before it is approved, with 15 days' published notice and courtesy notice to riparian owners within 1,000 feet. The exceptions that waive the hearing cover mooring piles, residential docks and dock repair - not seawalls. Sec. 109-42(c) and (f). Confirm current practice with Public Works, because this is the code as written. | A biological survey :: Class 2 applications require a biological survey and ecological study. Sec. 109-42(b)(5)(e). | The Board of Architects :: Coral Gables reviews the look of the work. City Architect or Board of Architects approval is on the permit checklist, and the Building Official may not waive it. | The bond, correctly stated :: A performance bond set by the Public Works Director. The minimum is $1,000 or 25% of the estimated cost, whichever is lesser; the maximum is 100% of the estimated cost. It stays in force at least six months after the approved completion date. Sec. 109-42(e)(3). A separate refundable damage deposit may also be required. | Maintenance is enforceable :: It is unlawful to let a retaining wall between your property and a canal deteriorate to the point it encroaches or falls into the canal. Sec. 86-119(b). After notice you have 20 days to remedy or request a hearing, after which the city may do the work and lien the property at 6% interest. Secs. 86-120 to 86-123. The scheduled civil penalty for failure to maintain waterfront improvements is $400. | Recertification :: Any mooring structure ten years or older requires certification by a licensed engineer, and re-certification every five years after. Sec. 109-44(b). | Your dock is measured off the wall :: No dock more than 5 ft outward from the bank or the seawall, whichever is most restrictive. Sec. 3-702(A). Docks may not be covered or multi-level above grade. | Keep the channel clear :: 75 ft of navigable width south of US-1, 45 ft north of it, and 30 ft in the Mahi Canal. Sec. 3-702(C). | Two permits and a county stamp :: Public Works issues the Class 2 waterfront permit; Development Services runs the building permit; Miami-Dade DERM approval is required first and its stamp is required on revision re-submittals.","City of Coral Gables Zoning Code Sec. 3-706 and Secs. 3-702, 3-705; Code of Ordinances Secs. 86-119 to 86-123, 109-40 to 109-44, 105-55, 1-7; City Fee Schedule and Development Services permit requirements, 2025",2026-10,verified,Compliance,Miami-Dade,1,0
coral-gables,seawall-permit,Seawall Permits in Coral Gables,Do I need a permit to repair a seawall in Coral Gables?,,,,,,,not-started,Compliance,Miami-Dade,1,0
coral-gables,flood-zone,Coral Gables Flood Zone & Elevation Rules,"What flood zone is Coral Gables in, and what does it require?",BFE +1 ft (state code),no extra city freeboard found,"Coral Gables puts its flood rules in Chapter 113 of the land development regulations and counts improvements over five years: work that adds up to 50% of market value within five years of the first permit is a substantial improvement. No extra freeboard number appears, so the Florida Building Code floor applies.","Substantial improvement :: Five-year period, cumulative cost of 50% or more; accumulation begins when the first improvement is permitted - Secs. 113-9, 113-10. | Substantial damage :: 50 percent of market value - Sec. 113-9. | Where the rules sit :: Coral Gables places floodplain rules in Subpart B, the Land Development Regulations, as Chapter 113 Flood Damage Prevention - alongside Chapter 105 Buildings and Chapter 109 Environmental and Natural Resource Protection. | Accessory structures :: Flood damage-resistant materials below BFE + 1 ft and mechanical, plumbing and electrical systems at or above BFE + 1 ft; at most one switch and one outlet below BFE, on a ground fault interrupt breaker - Sec. 113-10. | FEMA flood map :: FEMA's Community Status Book (report dated 3 Oct 2026) lists Coral Gables as NFIP community 120639 with a current effective FIRM dated 11 Sep 2009. Zones are set parcel by parcel, so no single zone covers the whole city - check your own address. | NFIP history :: FEMA record: first FIRM 29 Sep 1972; regular NFIP program since 29 Sep 1972; entered CRS 1 Oct 1993. | Flood insurance discount :: CRS class 5 - 25% off NFIP premiums for policies in the Special Flood Hazard Area (class in effect 1 May 2020). | State minimum :: 2023 Florida Building Code, Residential R322.2.1 and R322.3.2 - lowest floor (A zones) or bottom of the lowest horizontal structural member (V and Coastal A zones) at BFE + 1 ft or the design flood elevation, whichever is higher. | Look up your zone :: Enter the address in FEMA's Flood Map Service Center (msc.fema.gov), the official public source for FIRMs; an elevation certificate shows how your floor compares with the BFE.","Coral Gables Code Subpart B LDR Ch. 113 Flood Damage Prevention, Secs. 113-9, 113-10; FEMA Community Status Book, Florida (www.fema.gov/cis/FL.html, report 10/03/2026); 2023 Florida Building Code, Residential R322.2.1, R322.3.2; 44 CFR 59.1; FEMA Flood Map Service Center",2026-10,verified,Compliance,Miami-Dade,1,0
coral-gables,dock-permit-size,Dock Permits & Size Limits in Coral Gables,How big a dock can I build in Coral Gables?,5 ft on canals; 25 ft into Biscayne Bay,from the bank or seawall / from the property line,"Coral Gables keeps canal docks tight: no dock or wharf may reach more than 5 ft out from the bank or seawall, and open water of 75 ft must stay clear between structures south of US-1 (45 ft north of US-1, 30 ft in the Mahi Canal). On the Biscayne Bay front a dock may reach 25 ft from the property line, with a 25 ft side setback. No covered or multi-level docks are allowed anywhere.","Canals, lakes and waterways :: No dock, wharf or similar structure more than 5 ft outward from the bank or seawall, whichever is more restrictive, except specific properties and the Mahi Canal listed in Appendix A - Zoning Code 3-702(A) | Mooring piles :: No more than 25 ft from the bank - 3-702(B) | Open water :: Docks and piles on both banks must leave a clear navigable width of 75 ft south of US-1 (excluding Block 92, Riviera Section 2), 45 ft north of US-1 (including Block 92), and 30 ft in the Mahi Canal - 3-702(C) | Side setback :: The same side setback as the main structure, extended into the water, unless Miami-Dade DERM and the Board of Architects allow otherwise - 3-702(D) | Narrow waterways :: Where docks will not fit, fender piles may sit no more than 18 inches from the bank and must be Venetian type, painted and ornamentally capped - 3-702(F) | No covers :: No dock may be covered above grade or built multi-level, including platforms or balconies - 3-702(G) | Biscayne Bay :: No dock more than 25 ft from the property line into the bay; piles and dolphins no more than 20 ft beyond the dock line; all at least 25 ft from the neighbour's lot line extended; nothing set until a Department of the Army permit is granted - Zoning Code 3-703; City Code 109-64 to 109-66 | Boats :: In single-family districts boats must be moored parallel to the waterfront property line - 3-704 | Lifts and davits :: Administrative site plan approval and certified engineering drawings; side setback as for the main structure; up to three davits or lifts per single-family home or duplex (four with 200 ft or more of waterfront); lifts no more than 25 ft from the bank, leaving 75 ft of navigable width - 3-705 | Permit route :: Class 2 permits for docks need City Commission approval after a public hearing, then a Public Works construction permit; the hearing is waived for mooring piles, for docks beside residential lots that meet the zoning code, and for repairs to original dimensions with state permits - City Code 109-42(c),(e),(f) | Miami-Dade County Class I permit :: Any work in, on, over or upon tidal waters or bay bottom anywhere in Miami-Dade County, cities included, needs a county Class I permit - County Code 24-48.1(1)(a). New boat slips at docks in tidal waters need at least 4 ft of water at mean low water; the depth rule does not apply to docks in bulkheaded artificial canals bordered by uplands on both sides, to lifts, davits and piles in slips at existing permitted docks, or to repair of existing legal docks with at least 3 ft of water - 24-48.3(3). A dock proposed beyond the boundaries in Sec. D-5(03)(2)(a) of the county Public Works Manual gets extra review factors - 24-48.3(1)(j) | State exemption :: A private, non-commercial dock on pilings with 1,000 sq ft or less of over-water surface (500 sq ft in Outstanding Florida Waters), and the only exempt dock along 65 ft of shoreline (or one per lot if the lot is narrower), needs no state environmental permit - Fla. Stat. 403.813(1)(b). The exemption does not grant permission to use state-owned submerged lands and does not override city or county rules - 403.813(1) | Federal :: Structures in navigable waters need a Department of the Army permit, general or individual - 33 CFR 322.3(a)","Coral Gables Zoning Code Secs. 3-701 to 3-705 (Gridics CodeHub); Coral Gables City Code Secs. 109-42 (through Ord. 2024-02), 109-62 to 109-66 (Ord. 2023, 1973); Miami-Dade County Code Secs. 24-48.1(1)(a), 24-48.3(1)(j),(3); Fla. Stat. 403.813(1)(b) (2026); 33 CFR 322.3(a)",2026-10,verified,Dock,Miami-Dade,1,0
coral-gables,boat-lift-rules,Boat Lift Rules in Coral Gables,What are the boat lift rules in Coral Gables?,Allowed; up to 3 per house,25 ft from bank; 75 ft channel kept,"Coral Gables permits davits, watercraft lifts and floating watercraft lifts as residential accessories after an administrative site plan approval and certified engineering drawings. A single-family home or duplex may have any combination of one set of davits, one lift and one floating lift - three in total, or four with a second set of davits on 200 feet or more of waterfront. Lifts may not reach more than 25 feet from the bank and must leave at least 75 feet of navigable waterway.","Approval :: The location must be approved by administrative site plan approval, and certified engineering drawings must show the method of attachment - Zoning Code Sec. 3-705 | How many :: Any combination of one set of davits, a watercraft lift and a floating watercraft lift - three structures per single-family dwelling or duplex; one more set of davits (four total) on lots with 200 feet or more of waterfront width; multi-family buildings at least one but no more than one per ten units - Sec. 3-705 | Reach :: Watercraft lifts and floating lifts may not extend beyond 25 feet from the waterway bank, and the remaining navigable waterway must be at least 75 feet wide - Sec. 3-705 | Side setback :: Same as the main structure's minimum side setbacks, extended - Sec. 3-705 | Safety :: Lifts need safety light reflectors visible at night and guide poles showing the submerged portion - Sec. 3-705 | Mahi Canal :: No dock, davits or boat lift may permanently extend more than 5 feet from the bank, floating boatlifts are not permitted, and structures plus boats may not exceed 25% of the width or 25 feet - Zoning Code Appendix A, Sec. A-67 | Gables Estates :: Two sets of davits allowed, the second only with 100 feet or more of water frontage - Appendix A, Sec. A-48-1 | Hammock Oaks Harbor :: At the Section 2 private yacht basin, davits, watercraft lifts and floating watercraft lifts are on the list of prohibited uses - Zoning Code Appendix A, Sec. A-58 | Miami-Dade County :: Any work in, on or over tidal waters needs a county permit from the Department (DERM). A single-family boat lift, davit or floating dock that protrudes no more than 25% of the waterway width may use the short-form application, as may installing a boat lift or davit on a dock, seawall or bulkhead - Miami-Dade Code Secs. 24-48(1)(d), 24-48.2(I)(A)(2), (8), (20). | State and federal :: Floating boat lifts and floating vessel platforms that meet s. 403.813(1)(s), F.S. (they float at all times, hold the vessel out of the water, and either sit inside a previously permitted slip or total no more than 500 sq ft - 200 sq ft in Outstanding Florida Waters - beside a qualifying dock or bulkhead) need no state permit; a local government may then ask only for a one-time registration unless the platform is attached to a bulkhead with no dock. Structures in navigable waters otherwise need Army Corps authorization unless exempt or under a general permit - 33 CFR 322.3(a).","City of Coral Gables Zoning Code Sec. 3-705 and Appendix A Secs. A-48-1, A-67 (Gridics rev. 22 Sep 2026); Miami-Dade Code Secs. 24-48, 24-48.2 (Supp. 136); s. 403.813(1)(s), F.S. (2026); 33 CFR 322.3(a)",2026-10,verified,Dock,Miami-Dade,1,0
coral-gables,deck-requirements,Waterfront Deck Rules in Coral Gables,What are the deck setback and railing rules in Coral Gables?,0 ft,rear setback for wood/composite decks on waterfront property,"Coral Gables requires no rear setback for a deck on waterfront property, but a deck may never project over the waterway or beyond the property line, and it cannot rise above the first-floor elevation. Pools sit 5 ft from the canal, waterway, lake or bay, and pool patios may come 3 ft closer than the pool.","Decks :: Allowed as an accessory use to single-family and duplex homes; setbacks follow the principal building, but on waterfront property no rear setback is required and no deck may project over the waterway or extend beyond the property line. Zoning Code Sec. 5-310 (Ord. 25-9847, Dec. 9, 2025). | Deck height and build :: Not higher than the first floor elevation (3 ft above the slab if the slab is at grade); concrete foundation; listed solid woods 2 inches thick or composite boards with at least 60% recycled content; a fascia or skirt hides the framing. Sec. 5-310. | Pools :: On a lot abutting a canal, waterway, lake, bay or golf course, 5 ft from it; patios and decks around pools (other than wood decks under Sec. 5-310) may extend 3 ft closer than the pool. Sec. 3-308. | Houses :: Single-family buildings stay 35 ft from the canal, waterway, lake or bay as platted. Sec. 2-101. | Docks :: No dock more than 5 ft outward from the bank or seawall, whichever is more restrictive (site exceptions in Appendix A). Sec. 3-702. | Walkways and bulkheads :: Walkways in setbacks max 5 ft wide with 18 inches clear of the patio or property line (Sec. 5-311); bulkheads must be designed by a Florida registered engineer in reinforced, pre-stressed or gravity mass concrete (block or native stone allowed west of LeJeune Road and north of Sunset Road), with a minimum top elevation of 6 ft NGVD. Sec. 3-706. | Guards (state rule) :: Florida Building Code, Residential, 8th Edition (2023), Sec. R312.1.1-R312.1.3: a guard is required on open sides of a walking surface located more than 30 inches above the floor or grade below at any point within 24 inches of the open edge; it must be at least 36 inches high; openings must not let a 4-inch sphere pass. No local guard amendment was found in this city's code.","City of Coral Gables Zoning Code Secs. 5-310, 3-308, 2-101, 3-702, published on Gridics CodeHub (Municode Zoning Code product refers to it); Florida Building Code, Residential, 8th Ed. (2023) R312.1.1-R312.1.3 (ICC Digital Codes)",2026-10,verified,Deck,Miami-Dade,1,0
coral-gables,licensed-contractors,Checking a Marine Contractor in Coral Gables,How do I check a marine contractor in Coral Gables?,Register with Building,notarised form; a CSS login for every contact,"Coral Gables's Building Department registers contractors on a notarised form as a Florida state certified contractor, a Florida state registered contractor or a Miami-Dade CTQB card holder, with liability and workers' comp naming the City of Coral Gables. Every contact needs a separate login to the city's Citizen Self-Service portal, and work in the city right-of-way also needs a Public Works contractor registration (Sec. 62-85).","Registration form :: State licence or Miami-Dade CTQB licence (front and back), liability insurance, workers' comp or exemption, and a photo driver's licence; the City of Coral Gables listed as certificate holder - Contractor Registration Form | Right-of-way work :: Any contractor applying for a permit to work in the city's right-of-way must first pay a contractor registration fee to Public Works and file its certifications, licences and insurance - Code Sec. 62-85(c) | Portal :: Citizen Self-Service (CSS), coralgablesfl-energovpub.tylerhost.net | Right-of-way permits :: Issued for 30 days; utility companies can extend month by month up to a year - Sec. 62-85(b) (Code 1958, Sec. 28-28; Ord. No. 2581, 1985; Ord. No. O-2003-15) | Sworn form :: The form is sworn before a notary by physical presence or online notarization, as a Florida State Certified Contractor, Florida State Registered Contractor or Miami-Dade County CTQB Card Holder | County licence :: Miami-Dade's Contractor Licensing Section in Regulatory and Economic Resources licenses contractors under County Code Ch. 10, with the Construction Trades Qualifying Board over licence scopes. The county Contractor Search takes a company name or licence number and also shows complaints - 786-315-2880 | No county marine card :: Miami-Dade's building-specialty licences (communications tower, demolition, drywall, precast erection, reinforcing steel, roofing, screen enclosure, structural steel, unit masonry, door, painting and waterproofing, gutters) have no marine, seawall or dock category, so check the state record | A tax number is not a licence :: The county lists a contractor showing only an occupational licence or business tax number as a warning sign | State licence :: Search the company and the qualifier on DBPR's Verify a Licensee (myfloridalicense.com). A licence number starting with C is a state certification valid anywhere in Florida; one starting with R is a registration, good only where the holder met local competency rules - F.S. 489.105(8),(10) and the DBPR licensing page | Who may build a seawall or dock :: A certified general contractor's scope is unlimited (489.105(3)(a)). The state also certifies five marine specialties: marine specialty, marine seawall work, marine bulkhead work, marine dock work and marine pile driving - Rule 61G4-15.100(1)(b)-(f) | Workers' comp :: In construction a single employee makes coverage mandatory (440.02(20)(b)2). Up to three officers or LLC members owning at least 10% may file exemptions (440.02(18)(b)2), and the exemption certificate itself says it is not a DBPR licence (440.05(4)). Check it on the DWC data portal's Coverage and Exemptions search (dwcdataportal.fldfs.com) | Recovery fund :: For contracts signed on or after 1 July 2024 the Homeowners' Construction Recovery Fund pays at most $100,000 per claim against a Division I contractor (general, building, residential) and $30,000 against a Division II contractor, which includes the marine specialties; the lifetime caps are $2 million and $600,000 per licensee - 489.143(3),(6). Nothing is paid if the contractor was unlicensed when you signed - 489.141(2)(d) - and residential contracts over $2,500 must print the fund notice - 489.1425 | Deposits :: A contractor who takes more than 10% up front on residential work must apply for permits within 30 days and start within 90 days of the permits issuing, unless you agreed to longer in writing - 489.126(2)(a) | Three-day cancel :: If the deal was a home solicitation sale over $25 - signed away from the seller's place of business and not the result of your own request for specific goods or services - you can cancel in writing until midnight of the third business day; Sundays and federal holidays don't count - 501.021, 501.025 | Business tax is not a licence :: A contractor pays business tax where its permanent office is, and no other city or county may levy a business tax or an equivalent registration fee for temporary work there - 205.065","City of Coral Gables Building Department Contractor Registration Form; Code Sec. 62-85; Miami-Dade RER Contractors & Building Trades, Building Specialty Licenses and Contractor Search pages; Warning Signs When Hiring Contractors page; F.S. 489.105, 489.126, 489.141, 489.1425, 489.143, 440.02, 440.05, 501.021, 501.025, 205.065 (2026); Fla. Admin. Code R. 61G4-15.100; DBPR Construction Industry page and Verify a Licensee; DFS Division of Workers' Compensation construction exemption page and data portal",2026-10,verified,Failing,Miami-Dade,1,0
coral-gables,storm-prep,Storm Prep for Coral Gables Waterfront Owners,What are the storm and debris rules in Coral Gables?,24 hours,before predicted landfall to moor in city waterways,"Coral Gables makes boat owners responsible for securing their boats before a hurricane; boats using the city waterway for refuge must be securely moored no later than 24 hours before the officially predicted approach, and any damage from those moorings - including removal or salvage - is the boat owner's liability. Disaster debris on private property is the owner's responsibility, and tying a boat to someone else's dock or seawall without consent is unlawful.","Mooring for refuge :: Boats or watercraft using the city waterway for refuge will be securely moored not later than 24 hours prior to the officially predicted approach of a hurricane, with adequate equipment and safeguards; no such mooring constitutes official approval by the city - Code Sec. 86-87(b)(1)-(2) | Liability :: Damages to boats, property or persons flowing from hurricane moorings in the city waterway are the personal responsibility of the boat owner, including removal or salvage of the boat - Sec. 86-87(b)(3) | Someone else's dock :: It is unlawful to moor or tie a boat at a dock, piling or seawall of a property without the consent of the owner or person in control of the premises - Sec. 86-87(c) | Private-property debris :: Disaster-generated debris on private roads and private property is the responsibility of the property owner, who must rely heavily on private contractors; the city may remove it only on a declared immediate threat with right-of-entry and hold-harmless documentation, limited to living, recreational and working areas - Sec. 27-8 (Ord. 2017-42) | Shutters after the storm :: An occupied structure whose storm shutters have not been removed from the required means of escape after a hurricane watch or warning has expired is an unsafe structure - Sec. 105-89(7)","City of Coral Gables Code of Ordinances Secs. 27-8, 86-87, 105-89 (Municode)",2026-10,verified,Failing,Miami-Dade,1,0
key-biscayne,seawall-height-requirement,Key Biscayne Seawall Height Requirement,How high does a seawall have to be in Key Biscayne?,,,,,,,not-started,Compliance,Miami-Dade,1,0
key-biscayne,seawall-permit,Seawall Permits in Key Biscayne,Do I need a permit to repair a seawall in Key Biscayne?,"Yes, plus DERM Class I",village building permit + county Class I,"Key Biscayne's code has no seawall-specific permit section, but development in a flood hazard area needs a village permit, and in coastal flood zones seawalls must be authorised by other agencies with an engineer's analysis. Most repairs also need a Miami-Dade DERM Class I permit, which the county requires for work in tidal waters in every city; sealing cracks and repairing pilasters are exempt.","Village permit :: Development in a flood hazard area needs a permit from the Floodplain Administrator (the Chief Building Official) - Key Biscayne Code Secs. 10-23, 10-14 | Coastal flood zones :: In V and Coastal A zones, seawalls and bulkheads need authorisation from the appropriate federal, state or local authority plus a design professional's analysis showing no harmful diversion of floodwater or wave reflection - Sec. 10-99 | Surveys :: Every permit needs a survey and site plan; the survey must be under two years old for single-family homes (three for other property), a notarized affidavit can replace an older survey if nothing has changed, an updated survey is due at setback inspection and an as-built at final - Sec. 30-34 | Fill near the wall :: Within 25 ft of the water, fill may not be more than 6 inches above the bulkhead, and neither the bulkhead nor the lot may be raised above the rear-zone limit of 2.5 ft below base flood elevation - Sec. 30-100(d)(1)b.-c. | After the work :: Artificial turf next to a seawall must be pinned or staked behind it; nothing may be attached to or placed on the seawall or its cap - Sec. 30-242 | County Class I permit :: Miami-Dade DERM must issue a Class I permit before any work in, on, over or upon tidal waters anywhere in the county, including inside cities - County Code Sec. 24-48(1)(d) and 24-48.1(1)(a) | Short form :: Rebuilding or repairing a seawall at the mean high water line or no more than 18 inches waterward of the existing wall qualifies for a short-form application. It also qualifies where existing primary support piles stick out no more than 14 inches, if the new wall is no more than 18 inches waterward of those piles - Sec. 24-48.2(I)(A)(1) | Who decides :: A short-form application limited to seawalls is decided by the Department with no County Commission hearing. Most standard-form applications are now decided by the Director, apart from listed exceptions such as variances - Sec. 24-48.2(I)(B)(1)(iii)-(iv) and (II)(C)(1), as amended by Ord. 25-73 (1 July 2025) | County clock :: Ord. 25-73 Sec. 8 directs the County to issue a Completeness Summary within 10 calendar days of submission and a final decision on short-form seawall applications within 90 calendar days after that summary. The applicant may waive these limits in writing. The County Mayor reported the timeframes apply from 1 Dec 2025 (report to the Commission dated 17 Apr 2026) | No Class I needed :: Sealing cracks and spalls on the cap or face, repairing pilasters, backfilling behind the wall, and limited riprap or sand-cement bags at the toe (no more than 2 ft out) - Sec. 24-48(3)(b)-(f) | Quick approval instead :: Repairing or replacing the cap or the tieback system gets a written expedited administrative authorization, answered within 10 business days, if the contractor submits structurally approved plans from the building authority - Sec. 24-48(4)(f)-(g) | Not a substitute :: A county permit does not relieve the applicant from obtaining all required federal, state and local permits - Sec. 24-48.5(1) | State (FDEP) :: No state environmental permit is needed to restore a seawall at its previous location, upland of it, or within 18 inches waterward of it - Fla. Stat. 403.813(1)(e). The exemption does not cover permission to use state-owned submerged lands or local requirements - 403.813(1) | State-owned bottom :: Work over sovereign submerged lands still needs Board of Trustees permission even when the seawall work is exempt - Fla. Stat. 403.813(1) | Federal (Army Corps) :: A Department of the Army permit is required for structures or work in or affecting navigable waters, either under a nationwide or regional general permit or an individual permit - 33 CFR 322.3(a)","Village of Key Biscayne Code Secs. 10-14, 10-23, 10-99, 30-34, 30-100, 30-242; Miami-Dade County Code Ch. 24, Secs. 24-48, 24-48.1, 24-48.2, 24-48.5 (as amended by Ord. 25-73, 7-1-25); Ord. 25-73 Sec. 8 (Clerk's official file copy); Fla. Stat. 403.813(1) (2026); 33 CFR 322.3",2026-10,verified,Compliance,Miami-Dade,1,0
key-biscayne,flood-zone,Key Biscayne Flood Zone & Elevation Rules,"What flood zone is Key Biscayne in, and what does it require?",+1 ft above BFE (new homes),new one- and two-family dwellings,"Key Biscayne requires new one- and two-family homes at base flood elevation plus 1 foot (or the Florida Building Code level, if higher), and lowers its substantial-improvement trigger to 49% of market value. Critical facilities go to the 500-year flood elevation plus 1 foot.","New homes :: Lowest floor or bottom of lowest horizontal member at or above BFE plus one foot, or as in FBC-Residential, whichever is higher - Sec. 10-73(3)a. | Improved/damaged homes :: Elevation per FBC-Residential - Sec. 10-73(3)b. | Critical facilities :: FBC minimum or the 500-year flood elevation plus one foot, whichever is higher - Sec. 10-73(3)c. | Substantial improvement / damage :: 49 percent of market value, no cumulative period - Sec. 10-63, applied by Sec. 10-73(1). | Enclosures :: For one- and two-family dwellings, enclosed areas below elevated buildings: access limited to parking (garage door), limited storage (standard exterior door) or entry (stairway or elevator), and the interior may not be finished or partitioned - Sec. 10-73(2). | Site plans :: Must show that street flooding and local drainage from and onto neighbouring lots is accounted for - Sec. 10-73(4). | FEMA flood map :: FEMA's Community Status Book (report dated 3 Oct 2026) lists Key Biscayne as NFIP community 120648 with a current effective FIRM dated 11 Sep 2009. Zones are set parcel by parcel, so no single zone covers the whole city - check your own address. | NFIP history :: FEMA record: first FIRM 29 Sep 1972; regular NFIP program since 29 Sep 1972; entered CRS 1 Apr 1998. | Flood insurance discount :: CRS class 8 - 10% off NFIP premiums for policies in the Special Flood Hazard Area (class in effect 1 Apr 2021). | State minimum :: 2023 Florida Building Code, Residential R322.2.1 and R322.3.2 - lowest floor (A zones) or bottom of the lowest horizontal structural member (V and Coastal A zones) at BFE + 1 ft or the design flood elevation, whichever is higher. | Look up your zone :: Enter the address in FEMA's Flood Map Service Center (msc.fema.gov), the official public source for FIRMs; an elevation certificate shows how your floor compares with the BFE.","Key Biscayne Code of Ordinances Ch. 10 Floodplain Management, Secs. 10-63, 10-73; FEMA Community Status Book, Florida (www.fema.gov/cis/FL.html, report 10/03/2026); 2023 Florida Building Code, Residential R322.2.1, R322.3.2; 44 CFR 59.1; FEMA Flood Map Service Center",2026-10,verified,Compliance,Miami-Dade,1,0
key-biscayne,dock-permit-size,Dock Permits & Size Limits in Key Biscayne,How big a dock can I build in Key Biscayne?,10 ft or 10% of waterway width,"canal lots, whichever is less; 40 ft on the bayfront","Key Biscayne sets dock reach by location. A canal dock may project 10 ft or 10% of the waterway width, whichever is less; in Hurricane Harbor and Smuggler's Cove 20 ft or 20%; and on the bayfront 40 ft from the property line, with docks and lifts kept inside a 60-degree triangle. Each property gets at most two boat slips.","Canal :: Dock projection 10 ft or 10% of the waterway width, whichever is less; mooring piles 25 ft from the bulkhead or 20% of the width, whichever is less - Village Code 30-100(4) | Hurricane Harbor and Smuggler's Cove :: Dock projection 20 ft or 20% of the width, whichever is less; mooring piles 35 ft or 20%; a boat may not extend past the end of a perpendicular dock by more than 10% of that dock's length - 30-100(4) | Bayfront :: Dock projection 40 ft from the property line; up to 100 ft including piles at 1, 3, 5, 7, 9 and 11 Harbor Point with the neighbours' written consent; mooring piles up to 20 ft from the dock and no more than 55 ft apart - 30-100(4) | Bayfront triangle :: The dock or lift must sit inside a 60-degree triangle with a baseline of at least 100 ft (not required at the Harbor Point addresses above); piles, lift arms and boats may lie outside it - 30-100(4) | Parallel length :: A dock may run no more than 55 ft parallel to the bulkhead - 30-100(4) | No docks :: Docks and moorings are prohibited at 400 Harbor Drive through 500 Bay Lane | Setbacks :: The zoning district's setbacks extend into the water for docks, davits, fender piles, mooring piles and boats; no part of a watercraft, including engines and dive platforms, may encroach - 30-100(4) | Lifts and piles :: Mooring piles no taller than 13 ft NGVD; a boat on a lift no more than 6 inches above mean high water; fender piles within 18 inches of the bulkhead where a dock will not fit - 30-100(4) | Slips :: No more than two boat slips per property, plus one guest boat for up to 24 hours - 30-100(4) | Mangroves :: Where mangroves exist, measurements are taken from their water's edge - 30-100(4) | Approval :: Written approval of the Building, Zoning and Planning Department before construction; the Village may deny a dock that harms safe navigation - 30-100(4) | Rebuilding :: A legal nonconforming dock may be re-decked or repaired in its footprint, and rebuilt after a natural disaster if a permit is obtained within two years - 30-100(4) | Miami-Dade County Class I permit :: Any work in, on, over or upon tidal waters or bay bottom anywhere in Miami-Dade County, cities included, needs a county Class I permit - County Code 24-48.1(1)(a). New boat slips at docks in tidal waters need at least 4 ft of water at mean low water; the depth rule does not apply to docks in bulkheaded artificial canals bordered by uplands on both sides, to lifts, davits and piles in slips at existing permitted docks, or to repair of existing legal docks with at least 3 ft of water - 24-48.3(3). A dock proposed beyond the boundaries in Sec. D-5(03)(2)(a) of the county Public Works Manual gets extra review factors - 24-48.3(1)(j) | State exemption :: A private, non-commercial dock on pilings with 1,000 sq ft or less of over-water surface (500 sq ft in Outstanding Florida Waters), and the only exempt dock along 65 ft of shoreline (or one per lot if the lot is narrower), needs no state environmental permit - Fla. Stat. 403.813(1)(b). The exemption does not grant permission to use state-owned submerged lands and does not override city or county rules - 403.813(1) | Federal :: Structures in navigable waters need a Department of the Army permit, general or individual - 33 CFR 322.3(a)","Village of Key Biscayne Code Ch. 30 (Zoning and Land Development Regulations) Sec. 30-100(4); Miami-Dade County Code Secs. 24-48.1(1)(a), 24-48.3(1)(j),(3); Fla. Stat. 403.813(1)(b) (2026); 33 CFR 322.3(a)",2026-10,verified,Dock,Miami-Dade,1,0
key-biscayne,boat-lift-rules,Boat Lift Rules in Key Biscayne,What are the boat lift rules in Key Biscayne?,Allowed; boat no higher than 6 in above MHW,bottom of raised boat,"Key Biscayne caps how high a lifted boat can sit: the bottom of a watercraft on a boatlift may be no more than six inches above the mean high water mark. The lift or lift arm must stay out of the zoning setback extended into the water, and on bayfront lots the dock or lift has to fit inside a 60-degree triangle drawn from the shoreline.","Raised boat :: The bottom of a watercraft on a boatlift may be no more than six inches above the mean high water mark - Code Sec. 30-100(f)(4)a | Setback :: A boat lift or boat arm may not encroach into the minimum required setback extended into the water; no part of a watercraft (bow pulpit, engines, dive platform) may encroach either - Sec. 30-100(f)(4)a | Permit :: No docking facility may be built without prior written approval of the Building, Zoning and Planning Department, which may deny one that harms navigation, including in Biscayne Bay - Sec. 30-100(f)(4)a | Bayfront triangle :: On bayfront lots a 60-degree triangle with a baseline of at least 100 feet is required and the dock or boat lift must sit inside it; mooring piles, lift arms and watercraft may fall outside. Bayfront docks may project 40 feet (100 feet at 1-11 odd Harbor Point with neighbour consent) and boats are capped at 50 feet - Sec. 30-100(f)(4)b | Projection context :: Canal docks 10 feet or 10% of the waterway, Hurricane Harbor and Smuggler's Cove 20 feet or 20% - Sec. 30-100(f)(4)b | How many :: No more than two boat slips per property, plus one guest boat for up to 24 hours - Sec. 30-100(f)(4)a | Miami-Dade County :: Any work in, on or over tidal waters needs a county permit from the Department (DERM). A single-family boat lift, davit or floating dock that protrudes no more than 25% of the waterway width may use the short-form application, as may installing a boat lift or davit on a dock, seawall or bulkhead - Miami-Dade Code Secs. 24-48(1)(d), 24-48.2(I)(A)(2), (8), (20). | State and federal :: Floating boat lifts and floating vessel platforms that meet s. 403.813(1)(s), F.S. (they float at all times, hold the vessel out of the water, and either sit inside a previously permitted slip or total no more than 500 sq ft - 200 sq ft in Outstanding Florida Waters - beside a qualifying dock or bulkhead) need no state permit; a local government may then ask only for a one-time registration unless the platform is attached to a bulkhead with no dock. Structures in navigable waters otherwise need Army Corps authorization unless exempt or under a general permit - 33 CFR 322.3(a).","Village of Key Biscayne Code of Ordinances Sec. 30-100(f)(4) (Supp. 51 Update 1); Miami-Dade Code Secs. 24-48, 24-48.2 (Supp. 136); s. 403.813(1)(s), F.S. (2026); 33 CFR 322.3(a)",2026-10,verified,Dock,Miami-Dade,1,0
key-biscayne,deck-requirements,Waterfront Deck Rules in Key Biscayne,What are the deck setback and railing rules in Key Biscayne?,0 ft,rear setback for decks on waterfront lots,"Key Biscayne's single-family code sets decks 5 ft from any lot line but allows a zero rear setback on waterfront properties. The 25 ft strip along any body of water is the Waterfront Zone, where fill can rise no more than 6 inches above the bulkhead.","Decks :: Decks shall provide a minimum 5-ft setback to any lot line; zero feet rear yard setback for waterfront properties. Code Sec. 30-100 (Single Family and Two-Family districts). | Deck height :: Decks may not exceed the height allowed for the Maximum Lot Elevation; outside the required yard they may not exceed finished floor elevation. Sec. 30-100. | Waterfront Zone :: The entire area within 25 ft of any body of water; when a lot is filled, this zone may not be filled more than 6 inches above the bulkhead. Sec. 30-100. | Pools :: Waterfront lots may provide a zero setback, measured from the water's edge; the pool wall/fence requirement does not apply to the rear line adjacent to the water. Sec. 30-100. | View corridor and pervious area :: No structure inside a 25 ft isosceles triangle at the intersection of the rear and side lot lines; single-family minimum pervious area 30% of the lot. Sec. 30-100. | Docks and piles :: Mooring piles max 13 ft above NGVD; canal docks project at most 10 ft or 10% of the waterway width; a boat on a lift may sit no more than 6 inches above the mean high water mark; fender piles within 18 inches of the bulkhead where a dock will not fit. Sec. 30-100. | Understory :: Non-air-conditioned understory areas must be pervious or semi-pervious, such as wood deck, gravel or pavers set in sand. Sec. 30-100. | Where it lives :: Chapter 30 Zoning, Sec. 30-100 'Single Family and Two-Family districts', which also carries the Village Waterfront Property Map dock categories (canal, Hurricane Harbor and Smuggler's Cove, bayfront). | Guards (state rule) :: Florida Building Code, Residential, 8th Edition (2023), Sec. R312.1.1-R312.1.3: a guard is required on open sides of a walking surface located more than 30 inches above the floor or grade below at any point within 24 inches of the open edge; it must be at least 36 inches high; openings must not let a 4-inch sphere pass. No local guard amendment was found in this city's code.","Village of Key Biscayne Code Sec. 30-100 (Supp. 51 Update 1); Florida Building Code, Residential, 8th Ed. (2023) R312.1.1-R312.1.3 (ICC Digital Codes)",2026-10,verified,Deck,Miami-Dade,1,0
key-biscayne,licensed-contractors,Checking a Marine Contractor in Key Biscayne,How do I check a marine contractor in Key Biscayne?,Registered with the Village,"licence, liability, BTR and comp","Key Biscayne's permit checklist says all contractors must be registered with the Village, with a valid contractor's licence, liability insurance, a business tax receipt and workers' comp or an exemption. Every permit is filed electronically in Accela Citizen Access, and each contact, qualifier and owner should have a separate login.","Registration :: Valid contractor's licence, liability insurance, business tax receipt and workers' comp or exemption - Permit Application Submittal Checklist (Forms 2025) | Logins :: Runners, consultants and expeditors should not use the same email login for multiple owners, addresses or projects | Notice of commencement :: The village checklist asks for one on work over $2,500, or mechanical work over $7,500, filed with the Miami-Dade Clerk and shown at first inspection; state law exempts direct contracts of $2,500 or less from the lien law (713.02(5)) and sets the building-department copy rule at over $5,000, with HVAC repair under $15,000 excepted (713.135(1)) | Portal :: Accela Citizen Access, aca-prod.accela.com/keybiscayne; Building, Zoning and Planning, 305-365-5512 | County licence :: Miami-Dade's Contractor Licensing Section in Regulatory and Economic Resources licenses contractors under County Code Ch. 10, with the Construction Trades Qualifying Board over licence scopes. The county Contractor Search takes a company name or licence number and also shows complaints - 786-315-2880 | No county marine card :: Miami-Dade's building-specialty licences (communications tower, demolition, drywall, precast erection, reinforcing steel, roofing, screen enclosure, structural steel, unit masonry, door, painting and waterproofing, gutters) have no marine, seawall or dock category, so check the state record | A tax number is not a licence :: The county lists a contractor showing only an occupational licence or business tax number as a warning sign | State licence :: Search the company and the qualifier on DBPR's Verify a Licensee (myfloridalicense.com). A licence number starting with C is a state certification valid anywhere in Florida; one starting with R is a registration, good only where the holder met local competency rules - F.S. 489.105(8),(10) and the DBPR licensing page | Who may build a seawall or dock :: A certified general contractor's scope is unlimited (489.105(3)(a)). The state also certifies five marine specialties: marine specialty, marine seawall work, marine bulkhead work, marine dock work and marine pile driving - Rule 61G4-15.100(1)(b)-(f) | Workers' comp :: In construction a single employee makes coverage mandatory (440.02(20)(b)2). Up to three officers or LLC members owning at least 10% may file exemptions (440.02(18)(b)2), and the exemption certificate itself says it is not a DBPR licence (440.05(4)). Check it on the DWC data portal's Coverage and Exemptions search (dwcdataportal.fldfs.com) | Recovery fund :: For contracts signed on or after 1 July 2024 the Homeowners' Construction Recovery Fund pays at most $100,000 per claim against a Division I contractor (general, building, residential) and $30,000 against a Division II contractor, which includes the marine specialties; the lifetime caps are $2 million and $600,000 per licensee - 489.143(3),(6). Nothing is paid if the contractor was unlicensed when you signed - 489.141(2)(d) - and residential contracts over $2,500 must print the fund notice - 489.1425 | Deposits :: A contractor who takes more than 10% up front on residential work must apply for permits within 30 days and start within 90 days of the permits issuing, unless you agreed to longer in writing - 489.126(2)(a) | Three-day cancel :: If the deal was a home solicitation sale over $25 - signed away from the seller's place of business and not the result of your own request for specific goods or services - you can cancel in writing until midnight of the third business day; Sundays and federal holidays don't count - 501.021, 501.025 | Business tax is not a licence :: A contractor pays business tax where its permanent office is, and no other city or county may levy a business tax or an equivalent registration fee for temporary work there - 205.065","Village of Key Biscayne Permit Application Submittal Checklist (Forms 2025); Miami-Dade RER Contractors & Building Trades, Building Specialty Licenses and Contractor Search pages; Warning Signs When Hiring Contractors page; F.S. 489.105, 489.126, 489.141, 489.1425, 489.143, 440.02, 440.05, 501.021, 501.025, 205.065 (2026); Fla. Admin. Code R. 61G4-15.100; DBPR Construction Industry page and Verify a Licensee; DFS Division of Workers' Compensation construction exemption page and data portal",2026-10,verified,Failing,Miami-Dade,1,0
key-biscayne,storm-prep,Storm Prep for Key Biscayne Waterfront Owners,What are the storm and debris rules in Key Biscayne?,Before the warning,landscape debris must be gone,"Key Biscayne bans putting yard waste on or within ten feet of the right-of-way once a hurricane watch is issued, unless the Village Manager instructs otherwise in writing. Debris can sit on your own swale only for a licensed private hauler, and only if pickup is finished before a hurricane warning is issued, at the owner's cost.","Hurricane watch :: Once an official hurricane watch is issued by the National Weather Service for an area including the Village, no person shall place yard waste - clippings, trees, palm fronds, leaves, branches - on any portion of the public right-of-way or within ten feet of it, unless instructed in writing by the Village Manager - Code Sec. 8-301(a) | Private hauler exception :: Temporary placement on the swale beside the parcel that produced it is allowed for pickup by a licensed private hauler, so long as pickup and removal is fully accomplished before the National Weather Service issues an official hurricane warning and at the private property owner's sole cost - Sec. 8-301(a) | New homes :: Exotic vegetation listed in Exhibit A must be removed before a building permit is issued for a new single-family or duplex residence - Sec. 8-301(b)","Village of Key Biscayne Code of Ordinances Sec. 8-301, Article V Hurricane Protection Measures (Municode)",2026-10,verified,Failing,Miami-Dade,1,0
lighthouse-point,seawall-height-requirement,Lighthouse Point Seawall Height Requirement,How high does a seawall have to be in Lighthouse Point?,,,,,,,not-started,Compliance,Broward,2,0
lighthouse-point,seawall-permit,Seawall Permits in Lighthouse Point,Do I need a permit to repair a seawall in Lighthouse Point?,"Yes, plus county license",city permit + county license,"Yes. Lighthouse Point's Building Department lists repairs to seawalls among projects that need a building permit, and even owner-builders must use a licensed contractor for piling work. Starting without a permit brings a stop work order and double fees. Broward County also requires its own Environmental Resource License, often a general license for a repair in the same place.","City :: 'Repairs to seawalls' are on the city's list of work that needs a building permit; owner-builders may pull most permits, but all electrical, roofing and piling work must be done by a licensed contractor; contractors must register with the city before applying; work begun without a permit draws a stop work order, a code enforcement violation notice and twice the original fee - City Building & Zoning FAQ. Online applications through the city's SmartGov permitting portal - same page After an unpermitted job is permitted, covered work must be uncovered for inspection before the stop work order is lifted, unless the building official lets an engineer or architect inspect it and accept responsibility in a letter - same page. Single-family permits issued after 1 July 2026 are valid for 1 year, each passed inspection extends the permit, and renewals cost 50% of the permit cost the first time and 100% the second; a permit that lapses a third time must be applied for again - same page | Broward County :: Construction in regulated aquatic resources needs a county Environmental Resource License (ERL) - Broward County Code Sec. 27-333(a)(1). Repairing an existing functional seawall no more than 1 ft waterward of its authorized location, or a new wall within 1 ft of the old wet face with the old wall left in place, qualifies for a general license (Sec. 27-336(a)(1)b.), as do refacing, crack filling, seepage holes and other minor repairs (n.) and raising the cap in the same footprint (o.); the code says a general license is issued within 10 days of a complete application - Sec. 27-336(a)(1) | State :: Restoring a seawall at its previous location, upland of it, or within 18 inches waterward is exempt from a state environmental resource permit; the exemption does not replace permission to use state-owned submerged land or county and city requirements, and does not cover chapter 161 coastal permits - s. 403.813(1), (1)(e), F.S. | Federal :: A U.S. Army Corps of Engineers (Department of the Army) authorization is required for structures or work in or affecting navigable waters, unless exempt or covered by a nationwide or regional general permit - 33 CFR 322.3(a) (Rivers and Harbors Act s. 10)","City of Lighthouse Point Building & Zoning FAQ; Broward County Code Ch. 27 Art. XI Secs. 27-333, 27-336 (Supp. 72); s. 403.813(1)(e), F.S. (2026); 33 CFR 322.3(a)",2026-10,verified,Compliance,Broward,2,0
lighthouse-point,flood-zone,Lighthouse Point Flood Zone & Elevation Rules,"What flood zone is Lighthouse Point in, and what does it require?",,,,,,,not-started,Compliance,Broward,2,0
lighthouse-point,dock-permit-size,Dock Permits & Size Limits in Lighthouse Point,How big a dock can I build in Lighthouse Point?,,,,,,,not-started,Dock,Broward,2,0
lighthouse-point,boat-lift-rules,Boat Lift Rules in Lighthouse Point,What are the boat lift rules in Lighthouse Point?,,,,,,,not-started,Dock,Broward,2,0
lighthouse-point,deck-requirements,Waterfront Deck Rules in Lighthouse Point,What are the deck setback and railing rules in Lighthouse Point?,,,,,,,not-started,Deck,Broward,2,0
lighthouse-point,licensed-contractors,Checking a Marine Contractor in Lighthouse Point,How do I check a marine contractor in Lighthouse Point?,Four matching documents,"licence, BTR, liability and comp, filed with the city","Lighthouse Point registers a contractor once all four documents arrive together: general liability, workers' comp or an exemption, a state licence or Broward certificate of competency, and a local business tax receipt. The company name has to be exactly the same on all four and on every permit application.","Registration :: The certificate holder must read verbatim City of Lighthouse Point; first-time registrations send all four documents together by fax (954-784-3447), email (LHPBuilding@lighthousepoint.com) or in person - Contractor Registration Information PDF | Name match :: A company with a DBA must use the same name on all four documents, and the name on permit applications must match the registration exactly | Past permits :: The Building Department Public Portal (SmartGov) lets the public view applications, statuses and inspection results after registering an account - ci-lighthousepoint-fl.smartgovcommunity.com. The old Permit Status page now forwards to Building & Zoning | Insurance in the code :: Sec. 18-1 requires repair and installation services, among other listed businesses, to carry liability insurance and file the certificate when applying for the local business licence; the business tax itself is in Code Ch. 78, Art. II | Also posted :: A 'Hiring Unlicensed Contractors Can Be Disastrous' notice on the Building & Zoning page | County licence :: Broward's Building Code Division handles contractor licensing and enforcement under County Code Ch. 9 through the Central Examining Board of Construction Trades. County-licensed contractors, suspensions and revocations are checked by phone on 954-765-4400; complaints go to CLE-Complaint@broward.org | Marine cards are voluntary :: Broward lists its marine specialty, marine seawall, bulkhead, dock and pile-driving certificates under Division I (Voluntary), so a county card is not mandatory for marine work - Broward Contractor packet | State licence :: Search the company and the qualifier on DBPR's Verify a Licensee (myfloridalicense.com). A licence number starting with C is a state certification valid anywhere in Florida; one starting with R is a registration, good only where the holder met local competency rules - F.S. 489.105(8),(10) and the DBPR licensing page | Who may build a seawall or dock :: A certified general contractor's scope is unlimited (489.105(3)(a)). The state also certifies five marine specialties: marine specialty, marine seawall work, marine bulkhead work, marine dock work and marine pile driving - Rule 61G4-15.100(1)(b)-(f) | Workers' comp :: In construction a single employee makes coverage mandatory (440.02(20)(b)2). Up to three officers or LLC members owning at least 10% may file exemptions (440.02(18)(b)2), and the exemption certificate itself says it is not a DBPR licence (440.05(4)). Check it on the DWC data portal's Coverage and Exemptions search (dwcdataportal.fldfs.com) | Recovery fund :: For contracts signed on or after 1 July 2024 the Homeowners' Construction Recovery Fund pays at most $100,000 per claim against a Division I contractor (general, building, residential) and $30,000 against a Division II contractor, which includes the marine specialties; the lifetime caps are $2 million and $600,000 per licensee - 489.143(3),(6). Nothing is paid if the contractor was unlicensed when you signed - 489.141(2)(d) - and residential contracts over $2,500 must print the fund notice - 489.1425 | Deposits :: A contractor who takes more than 10% up front on residential work must apply for permits within 30 days and start within 90 days of the permits issuing, unless you agreed to longer in writing - 489.126(2)(a) | Three-day cancel :: If the deal was a home solicitation sale over $25 - signed away from the seller's place of business and not the result of your own request for specific goods or services - you can cancel in writing until midnight of the third business day; Sundays and federal holidays don't count - 501.021, 501.025 | Business tax is not a licence :: A contractor pays business tax where its permanent office is, and no other city or county may levy a business tax or an equivalent registration fee for temporary work there - 205.065","City of Lighthouse Point Contractor Registration Information PDF; Building & Zoning page; Code Sec. 18-1; Broward County Building Code Division page; Broward Contractor packet (Contractor Information PDF); F.S. 489.105, 489.126, 489.141, 489.1425, 489.143, 440.02, 440.05, 501.021, 501.025, 205.065 (2026); Fla. Admin. Code R. 61G4-15.100; DBPR Construction Industry page and Verify a Licensee; DFS Division of Workers' Compensation construction exemption page and data portal",2026-10,verified,Failing,Broward,2,0
lighthouse-point,storm-prep,Storm Prep for Lighthouse Point Waterfront Owners,What are the storm and debris rules in Lighthouse Point?,,,,,,,not-started,Failing,Broward,2,0
deerfield-beach,seawall-height-requirement,Deerfield Beach Seawall Height Requirement,How high does a seawall have to be in Deerfield Beach?,5.0,"ft NAVD88, and no more than 7.0","Deerfield Beach adopted the county standard and then went further than any other Broward city we have read: it sets a ceiling as well as a floor, regulates how wide the cap may be, and bans retaining walls on top of it. If you are only checking the minimum, you are checking the easy half.","Minimum :: 5 ft NAVD88 for all new or substantially repaired tidal flood barriers. | The 2035 route :: An application before 1 January 2035 may be permitted at 4 ft NAVD88, if the barrier is designed and constructed to accommodate 5 ft NAVD88 by 1 January 2050. | Maximum :: 7 ft NAVD88, or the required finished grade elevation, whichever is higher. The county sets no ceiling at all, so this one is Deerfield's. | Cap width :: No less than 18 inches and no greater than 42 inches. | Retaining walls :: Prohibited on top of or over a seawall cap. | Riprap is required :: Natural limerock riprap, or approved habitat enhancement, at the waterward face. Placed from one foot above mean high water, at a slope no steeper than two horizontal to one vertical, with no reinforcing rods or protrusions and no filling gaps with concrete. | The whole shoreline :: A barrier undergoing substantial repair must be built along the property's entire shoreline, not only the failing section. | No gaps :: Barriers must adjoin immediately proximate barriers so far as practicable. | The clock :: 60 days to demonstrate progress after a notice, 365 days to complete. Tidal water crossing onto a neighbour or a right-of-way is a public nuisance and a citable offence. | What counts as substantial :: Work on more than 50% of the shoreline length, or an appurtenant structure costing more than 50% of a barrier along that shoreline. | Your dock is tied to it :: A dock may not exceed the height of the seawall, and where it is attached to the cap under sealed engineering it may sit no more than 6 inches above it. Minimum dock height with a seawall is 4 ft NAVD88. | Where it does not apply :: Oceanfront beaches and shorelines seaward of the Coastal Construction Control Line.","City of Deerfield Beach Land Development Code Sec. 98-87(d)(4)b, Docking and Mooring Facilities - Tidal Flood Barriers; Ord. 2022/003 and Ord. 2022/014; Broward County Code Ch. 39, Art. XXV, Sec. 39-407",2026-10,verified,Compliance,Broward,2,0
deerfield-beach,seawall-permit,Seawall Permits in Deerfield Beach,Do I need a permit to repair a seawall in Deerfield Beach?,"Yes, plus county license",city permit + county license,"Yes. Deerfield Beach's land development code says no seawall or other shoreline structure may be built until the plans have the required approvals, and the city's Building Division, with plan review and inspections run by CAP Government, issues Florida Building Code permits. A substantial repair must meet the city's tidal flood barrier standard, including a cap 18 to 42 inches wide. Broward County also requires its own Environmental Resource License, often a general license for a repair in the same place.","City :: Docks and shoreline infrastructure, including seawalls and bulkheads, must meet city, county, state and district rules; no construction may occur until plans have the required approvals, and the owner is responsible for all other agencies' permits - LDC Sec. 98-87(d)(1)a. Substantial repair = work along more than 50% of the property's shoreline, or attached structures costing more than 50% of a tidal flood barrier - Sec. 98-87; such barriers need 5.0 ft NAVD88 (4.0 ft for applications before 1 Jan 2035), natural limerock rip-rap at the face, a top no higher than 7 ft NAVD88 or the required finished grade, a cap 18 to 42 inches wide, and no retaining wall on top of the cap - Sec. 98-87. The city says CAP Government handles Florida Building Code permit applications, plan approvals and inspections, with online submittal since 15 Dec 2025, and that through ePermitsOneStop customers can apply for city building permits and associated Broward County permits together - City Building Services page; inspection requests made by 3:00 PM are scheduled for the next business day. Dock decking may rest on a seawall cap only with sealed engineering showing it can carry the load, and then no more than six inches above the cap - Sec. 98-87(d)(1)g. | Broward County :: Construction in regulated aquatic resources needs a county Environmental Resource License (ERL) - Broward County Code Sec. 27-333(a)(1). Repairing an existing functional seawall no more than 1 ft waterward of its authorized location, or a new wall within 1 ft of the old wet face with the old wall left in place, qualifies for a general license (Sec. 27-336(a)(1)b.), as do refacing, crack filling, seepage holes and other minor repairs (n.) and raising the cap in the same footprint (o.); the code says a general license is issued within 10 days of a complete application - Sec. 27-336(a)(1) | State :: Restoring a seawall at its previous location, upland of it, or within 18 inches waterward is exempt from a state environmental resource permit; the exemption does not replace permission to use state-owned submerged land or county and city requirements, and does not cover chapter 161 coastal permits - s. 403.813(1), (1)(e), F.S. | Federal :: A U.S. Army Corps of Engineers (Department of the Army) authorization is required for structures or work in or affecting navigable waters, unless exempt or covered by a nationwide or regional general permit - 33 CFR 322.3(a) (Rivers and Harbors Act s. 10)","Deerfield Beach LDC Sec. 98-87 (Supp. 87, thru Ord. 2024/011); City Building Services page; Broward County Code Ch. 27 Art. XI Secs. 27-333, 27-336 (Supp. 72); s. 403.813(1)(e), F.S. (2026); 33 CFR 322.3(a)",2026-10,verified,Compliance,Broward,2,0
deerfield-beach,flood-zone,Deerfield Beach Flood Zone & Elevation Rules,"What flood zone is Deerfield Beach in, and what does it require?","18-24 in above road, never below FIRM",residential first floor vs adjacent road centerline,"Deerfield Beach ties first-floor height to the road as well as the flood map: a home's first floor goes 18 to 24 inches above the centerline of the adjacent roadway, and never below the FEMA map elevation. Its floodplain chapter uses the plain 50% substantial-improvement test.","Floor vs road :: Residential first floor a minimum of 18 in and a maximum of 24 in above the centerline of the adjacent roadway; commercial/industrial 6-12 in - LDC Sec. 98-83. | Floor vs flood map :: In no case below the elevation established by the FEMA Flood Insurance Rate Map - LDC Sec. 98-83. | Substantial improvement / damage :: 50 percent of market value, no cumulative period - LDC Ch. 90, Sec. 90-9. | FEMA flood map :: FEMA's Community Status Book (report dated 3 Oct 2026) lists Deerfield Beach as NFIP community 125101 with a current effective FIRM dated 31 Jul 2024. Zones are set parcel by parcel, so no single zone covers the whole city - check your own address. | NFIP history :: FEMA record: first flood hazard boundary map 10 Nov 1972; first FIRM 10 Nov 1972; regular NFIP program since 10 Nov 1972; entered CRS 1 Oct 1992. | Flood insurance discount :: CRS class 8 - 10% off NFIP premiums for policies in the Special Flood Hazard Area (class in effect 1 Oct 2020). | State minimum :: 2023 Florida Building Code, Residential R322.2.1 and R322.3.2 - lowest floor (A zones) or bottom of the lowest horizontal structural member (V and Coastal A zones) at BFE + 1 ft or the design flood elevation, whichever is higher. | Look up your zone :: Enter the address in FEMA's Flood Map Service Center (msc.fema.gov), the official public source for FIRMs; an elevation certificate shows how your floor compares with the BFE.","Deerfield Beach Land Development Code Ch. 90 Floodplain Management Sec. 90-9; Ch. 98 Sec. 98-83; FEMA Community Status Book, Florida (www.fema.gov/cis/FL.html, report 10/03/2026); 2023 Florida Building Code, Residential R322.2.1, R322.3.2; 44 CFR 59.1; FEMA Flood Map Service Center",2026-10,verified,Compliance,Broward,2,0
deerfield-beach,dock-permit-size,Dock Permits & Size Limits in Deerfield Beach,How big a dock can I build in Deerfield Beach?,10% of waterway width,dock; dock + boat together max 25%,"On Deerfield Beach's seawalled canals a dock may reach 10% of the water body's width, and the dock, any mooring structure and the boat together may never take more than 25%. On the Intracoastal the dock limit is 20 ft or what the Army Corps permits, with an overall cap of 25% of the width or 30 ft. Boats must lie parallel to the seawall with no rafting.","Dock projection :: Seawalled tidal lots: 10% of the water body width; Intracoastal shoreline: 20 ft or as permitted by the Army Corps of Engineers; mangrove-fringe shorelines: 20% of the width - LDC 98-87(d)(3), Table A | Total projection :: Dock, mooring structure and vessel together may never exceed 25% of the water body's width - 98-87(d)(2)b. Table A caps Intracoastal projection at 25% of the Intracoastal width or 30 ft, whichever is more restrictive | Width measured :: Laterally across the water body; seawall to seawall where both banks are walled - 98-87(d)(1)j | Side setbacks :: Docks 5 ft from the bisecting lines (property lines extended at 90 degrees from the bulkhead); at canal dead ends and non-parallel waterfronts on lots under 100 ft, 5 ft or 10% of the waterfront lot line, whichever is less; boats 5 ft from each bisecting line - Table A, 98-87(d)(2)c | Height :: With a seawall, the dock may not be higher than the seawall and, if built before 2035, at least 4 ft NAVD88 designed to reach 5 ft NAVD88 by 1 January 2050; decking on the cap needs sealed engineering and may sit no more than 6 inches above it. Without a seawall, between 4 ft above mean low water and 5 ft above mean high water - 98-87(d)(1)e-g | Depth :: At least 4 ft of water at mean low water at the terminal end, unless a dock at the full allowed percentage reaches 4 ft within 5 ft of its end - 98-87(d)(1)d | Platform size :: Where there is no mangrove fringe, a terminal platform may be no wider than 8 ft in one dimension and no more than 160 sq ft - 98-87(d)(4)d | One dock :: One dock per single-family or two-family dwelling; a principal structure with a certificate of occupancy is required first - 98-87(d)(1)c,h | Boats :: Moored parallel to the seawall with no rafting; personal watercraft may sit perpendicular up to 16 ft or 25% of the width, whichever is less - 98-87(d)(2)a | Lifts :: Lots under 100 ft: one lift, 10 ft from the bisecting lines; 100 ft or more: up to two lifts, 25 ft from them - 98-87(d)(3)e | Dolphins :: None on waterways under 80 ft wide; 80-100 ft: up to 2, 25 ft or 25%, keeping a 50 ft clear channel; over 100 ft: 30 ft or 25%; 10 ft from bisecting lines; 6-8 ft above mean high water - 98-87(d)(3)f, Table B | Lighting :: Dock lights no higher than 48 inches above the decking, no red or green lights - 98-87(d)(4)a | Ladders :: One safety ladder to 2 ft below mean low water; two on docks over 50 ft long - 98-87(d)(1)k | Broward County license :: Work in the county's regulated aquatic resources, which include canals and tidal waters, needs a Broward County Environmental Resource License - County Code 27-332, 27-333(a)(1). A new dock, floating dock or other over-water structure of 500 sq ft or less, measured from the seawall's wet face at mean high water, with no dredging or filling beyond the pilings, qualifies for a general license issued within 10 days of a complete application - 27-336(a)(1)e. A county ordinance that sets minimum environmental-protection standards prevails over city ordinances - Broward County Charter Sec. 11.01 | State exemption :: A private, non-commercial dock on pilings with 1,000 sq ft or less of over-water surface (500 sq ft in Outstanding Florida Waters), and the only exempt dock along 65 ft of shoreline (or one per lot if the lot is narrower), needs no state environmental permit - Fla. Stat. 403.813(1)(b). The exemption does not grant permission to use state-owned submerged lands and does not override city or county rules - 403.813(1) | Federal :: Structures in navigable waters need a Department of the Army permit, general or individual - 33 CFR 322.3(a)","Deerfield Beach Land Development Code Sec. 98-87 (through Ord. 2022/014, 8-16-22); Broward County Code Secs. 27-332, 27-333, 27-336 (through Ord. 2026-16); Broward County Charter Sec. 11.01; Fla. Stat. 403.813(1)(b) (2026); 33 CFR 322.3(a)",2026-10,verified,Dock,Broward,2,0
deerfield-beach,boat-lift-rules,Boat Lift Rules in Deerfield Beach,What are the boat lift rules in Deerfield Beach?,"Allowed; 1 lift under 100 ft frontage, 2 above",10 ft / 25 ft from bisecting lines,"Deerfield Beach ties the number of lifts to water frontage: one boat lift on a lot with less than 100 feet, set back 10 feet from the bisecting lines, and up to two on 100 feet or more, set back 25 feet. A lift platform holding up to three jet skis counts as one lift. Dock, lift and boat together may not take more than 25% of the water body, and any dock with a lift must have cleats or rings to tie the boat down in high wind.","How many and setback :: Frontage under 100 feet - one boat lift, 10 feet from the bisecting lines; 100 feet or more - up to two boat lifts, 25 feet from the bisecting lines - LDC Sec. 98-87(d)(3)e.1-2 | Jet skis :: Personal watercraft elevators and platforms holding up to three personal watercraft count as one boat lift - Sec. 98-87(d)(3)e.3 | Reach :: Docks, boat lifts and mooring structures may extend 25% of the canal width; on the Intracoastal, 25% of the width or 30 feet, whichever is more restrictive; nontidal lakes 101-199 feet wide, 25% or 25 feet; over 200 feet, 25% or 50 feet - Table A | Total footprint :: The dock, mooring structure and vessel together may never exceed 25% of the water body width - Sec. 98-87(d)(2)b | Tie-downs :: Docks with boat lifts, davits or similar lifting mechanisms must provide cleats, rings or similar points to tie the vessel down out of the water in high wind - Sec. 98-87(d)(1)m | Principal structure first :: No dock or mooring structure on a property without a principal structure with a certificate of occupancy - Sec. 98-87(d)(1)c | Definition :: A boat lift/davit is a manual, electronic or fuel-operated device fixed to the ground, seawall, finger pier or dock to lift watercraft clear of the water - Sec. 98-87(c) | Approvals :: Plans need approval from every agency with jurisdiction before construction, and the applicant must own the waterfront land or have the owner's consent - Sec. 98-87(d)(1)a-b | Broward County :: Boatlifts and davits are listed among the projects that qualify for a county general environmental resource license, which the code says is issued within ten days of a complete application - Broward County Code Sec. 27-336(a)(1)f. | State and federal :: Floating boat lifts and floating vessel platforms that meet s. 403.813(1)(s), F.S. (they float at all times, hold the vessel out of the water, and either sit inside a previously permitted slip or total no more than 500 sq ft - 200 sq ft in Outstanding Florida Waters - beside a qualifying dock or bulkhead) need no state permit; a local government may then ask only for a one-time registration unless the platform is attached to a bulkhead with no dock. Structures in navigable waters otherwise need Army Corps authorization unless exempt or under a general permit - 33 CFR 322.3(a).","City of Deerfield Beach Land Development Code Sec. 98-87 (Supp. 87); Broward County Code Sec. 27-336 (Supp. 72); s. 403.813(1)(s), F.S. (2026); 33 CFR 322.3(a)",2026-10,verified,Dock,Broward,2,0
deerfield-beach,deck-requirements,Waterfront Deck Rules in Deerfield Beach,What are the deck setback and railing rules in Deerfield Beach?,0 ft,at-grade decking may extend to the waterfront property line,"Deerfield Beach lets at-grade decking, pavers and poured patios run to a waterfront property line in every district. Raised accessory structures are different: they must stay 15 ft from a waterfront lot line, 5 ft from side and rear lines, and no taller than 15 ft.","Decking at or below grade :: In RS-5, RM-7, RM-10 and RSO: no closer than 2 ft to side or rear lines and 5 ft to a street side line, never in the front setback; in all other districts 10 ft front/street side and 5 ft side/rear. In every district 'Decking may extend to a waterfront property line.' LDC Sec. 98-73(3). | Accessory structures in R-districts :: Allowed in a required rear yard but not over 15 ft tall, not within 5 ft of a side or rear lot line, and not within 15 ft of the street side (corner) lot line and waterfront lot line. Sec. 98-73(1)a. | Landscaped area :: No accessory structure, pool, deck, driveway or other paved surface may reduce the minimum landscaped area required by Sec. 98-61. Sec. 98-73. | Equipment :: A/C units and pool pumps may sit in a rear, side or waterfront yard if at least 3 ft from the adjacent lot line and screened. Sec. 98-73(1)b. | Other districts :: Outside R-districts, accessory structures meet the front and waterfront yard of the principal structure and stay 10 ft from side and rear lines; above-ground pools count as accessory structures. Sec. 98-73(2), (4). | Where it lives :: Land Development Code Chapter 98, Article IV supplemental regulations, Sec. 98-73 'Minimum yard regulations for accessory structures'; the landscaped-area minimum it protects is in Sec. 98-61. | Easements :: No accessory structure in a public utility easement unless approved by the utility and the City, and none in a required front yard. Sec. 98-73(1)a. | Equipment detail :: The yard allowance covers air conditioning units, pool circulation pumps and similar equipment, which must be screened from public view. Sec. 98-73(1)b. | Citywide :: The landscaped-area protection in Sec. 98-73 applies to properties in all zoning districts. | Guards (state rule) :: Florida Building Code, Residential, 8th Edition (2023), Sec. R312.1.1-R312.1.3: a guard is required on open sides of a walking surface located more than 30 inches above the floor or grade below at any point within 24 inches of the open edge; it must be at least 36 inches high; openings must not let a 4-inch sphere pass. No local guard amendment was found in this city's code.","City of Deerfield Beach Land Development Code Sec. 98-73 (LDC Supp. 87); Florida Building Code, Residential, 8th Ed. (2023) R312.1.1-R312.1.3 (ICC Digital Codes)",2026-10,verified,Deck,Broward,2,0
deerfield-beach,licensed-contractors,Checking a Marine Contractor in Deerfield Beach,How do I check a marine contractor in Deerfield Beach?,,,,,,,not-started,Failing,Broward,2,0
deerfield-beach,storm-prep,Storm Prep for Deerfield Beach Waterfront Owners,What are the storm and debris rules in Deerfield Beach?,Right of entry first,before the city clears private-property debris,"Deerfield Beach clears disaster debris from public and private rights-of-way, and gated communities must give the city access during a declared emergency, but the city will not enter private property to remove debris until the owner signs a disaster debris removal agreement holding the federal government, state and city harmless. Tidal flood barriers must be kept in good repair, with 60 and 365 days to act after notice.","Rights-of-way :: The city, through its contract agents, will clear disaster-generated debris from public and private rights-of-way; communities with private rights-of-way, gated or not, must allow the city unlimited access during a state of emergency - Code Sec. 30-30(a)-(b) | Private property :: The city has no responsibility to enter and remove event-generated debris from private property until the owner grants the right to enter and signs an agreement to indemnify, defend and hold harmless the federal government, the State and the city - Sec. 30-33 | Derelict vessels :: During an emergency the city manager may authorize removal of derelict vessels under state law and with the Florida Fish and Wildlife Conservation Commission - Sec. 30-29(14) | Boat repairs at the dock :: Boat repair is allowed only at licensed facilities in the B-3 and I-2 districts, but minor emergency repairs may be made for the shortest time necessary - Sec. 98-87(d)(1)p | Seawall clock :: Owners must maintain a tidal flood barrier in good repair; show progress within 60 days after notice and complete repairs within 365 days - Sec. 98-87","City of Deerfield Beach Code of Ordinances Secs. 30-29, 30-30, 30-33, 98-87 (Municode)",2026-10,verified,Failing,Broward,2,0
dania-beach,seawall-height-requirement,Dania Beach Seawall Height Requirement,How high does a seawall have to be in Dania Beach?,5.0,ft NAVD88,"New, substantially repaired or substantially rehabilitated seawalls in Dania Beach must reach at least 5.0 ft NAVD88. Permit applications filed before 1 Jan 2035 can be approved at 4.0 ft NAVD88 if the wall is designed to be raised to 5.0 ft by 2050. The city code sets no maximum seawall height.","Minimum :: 5.0 ft NAVD88 - Code Sec. 12-87(a) | Interim :: Applications submitted before 1 Jan 2035 may be permitted at 4.0 ft NAVD88 if designed and constructed to accommodate 5.0 ft NAVD88 by 1 Jan 2050 - Sec. 12-87(a) | LDC cross-reference :: same standard restated in LDC Sec. 240-30 | Applies to :: new tidal flood barriers and substantial repair/rehab; not oceanfront seaward of the CCCL - Sec. 12-85 | Maintenance :: walls must be kept in good repair; repairs due within 365 days of citation - Sec. 12-87(b)-(c) | Whole shoreline :: substantial repair/rehab must cover the property's entire shoreline - Sec. 12-87(f) | Adopted :: Ord. No. 2021-027, 26 Oct 2021 - Sec. 12-84 to 12-88 | Dock work counts :: The article also applies when fixed infrastructure such as a dock, davit or lift is attached to the barrier - Sec. 12-85 | Riprap on every barrier :: All tidal flood barriers, not only walls on new shorelines, must carry natural limerock riprap or approved habitat enhancement at the waterward face - Sec. 12-87(g) | Fences at the water :: Within 10 ft of the waterway, measured from the outer face of the seawall, no hedge, wall or opaque fence may stand more than 5 ft above the seawall; a see-through fence may go to 6 ft - LDC Sec. 235-30(B) | Dock deck :: No higher than 3 ft above mean high tide, unless the yard is higher, in which case it may match the average ground level abutting the seawall - LDC Sec. 240-20(D) | Selling :: Sale contracts for property in a tidally influenced area signed after 31 Dec 2020 must include a tidal flood barrier disclosure in at least 14-point capitalized bold type - Sec. 12-88","Dania Beach Code of Ordinances Ch. 12, Art. XVII, Sec. 12-87 (Ord. No. 2021-027); LDC Sec. 240-30; Secs. 12-85 and 12-88; LDC Secs. 235-30, 240-20",2026-10,verified,Compliance,Broward,2,0
dania-beach,seawall-permit,Seawall Permits in Dania Beach,Do I need a permit to repair a seawall in Dania Beach?,"Yes, plus county license",city permit + county license,"Yes. Dania Beach adopts the Florida Building Code in its entirety, and its seawall article covers new walls, substantial repairs and attached structures such as docks. A substantial repair (more than half the shoreline) must meet the city's tidal flood barrier height, run the whole shoreline and carry limerock rip-rap at the face. Broward County also requires its own Environmental Resource License, often a general license for a repair in the same place.","City :: The Florida Building Code is adopted by reference in its entirety as the city's building code - Code Sec. 8-1. The article sets a barrier standard meant to hold back tides through 2070 under sea level rise, high tides and high-frequency storm surge - Sec. 12-84; it applies to new tidal flood barriers, substantial repair of shorelines and attached structures such as docks, but not to oceanfront beaches or shorelines seaward of the Coastal Construction Control Line - Sec. 12-85. Substantial repair = work along more than 50% of the property's shoreline, or work on an attached structure such as a dock costing more than 50% of a tidal flood barrier - Sec. 12-86; such walls need 5.0 ft NAVD88 (4.0 ft for applications before 1 Jan 2035 if designed to reach 5.0 ft by 2050), must run along the entire shoreline and must have natural limerock rip-rap or other approved habitat enhancement at the face - Sec. 12-87(a), (f), (g). After a disrepair citation, an owner whose fix is a substantial repair must design, obtain permits, build and pass final inspection within 365 days - Sec. 12-87(b) (Ord. 2021-027). Sale contracts for tidally influenced property signed after 31 Dec 2020 must carry a capitalized, bold, 14-point disclosure of these elevation duties - Sec. 12-88 | Broward County :: Construction in regulated aquatic resources needs a county Environmental Resource License (ERL) - Broward County Code Sec. 27-333(a)(1). Repairing an existing functional seawall no more than 1 ft waterward of its authorized location, or a new wall within 1 ft of the old wet face with the old wall left in place, qualifies for a general license (Sec. 27-336(a)(1)b.), as do refacing, crack filling, seepage holes and other minor repairs (n.) and raising the cap in the same footprint (o.); the code says a general license is issued within 10 days of a complete application - Sec. 27-336(a)(1) | State :: Restoring a seawall at its previous location, upland of it, or within 18 inches waterward is exempt from a state environmental resource permit; the exemption does not replace permission to use state-owned submerged land or county and city requirements, and does not cover chapter 161 coastal permits - s. 403.813(1), (1)(e), F.S. | Federal :: A U.S. Army Corps of Engineers (Department of the Army) authorization is required for structures or work in or affecting navigable waters, unless exempt or covered by a nationwide or regional general permit - 33 CFR 322.3(a) (Rivers and Harbors Act s. 10)","Dania Beach Code Secs. 8-1, 12-85, 12-86, 12-87 (Supp. 163); Broward County Code Ch. 27 Art. XI Secs. 27-333, 27-336 (Supp. 72); s. 403.813(1)(e), F.S. (2026); 33 CFR 322.3(a)",2026-10,verified,Compliance,Broward,2,0
dania-beach,flood-zone,Dania Beach Flood Zone & Elevation Rules,"What flood zone is Dania Beach in, and what does it require?",Higher of FBC or Broward future map,lowest floor in special flood hazard areas,"Dania Beach builds to the future, not just today's map: new and substantially improved buildings go to the higher of the Florida Building Code elevation or the Broward County Future Conditions 100-year flood elevation. Its substantial-improvement test is 49%, counted over one year.","Freeboard :: Higher of the FBC elevation or the elevation on the Broward County Future Conditions One-Hundred Year Flood Elevation Map, residential and nonresidential - Sec. 12-53(c)(1). | Critical facilities :: Highest of ASCE 24, BFE + 3 ft, or the 500-year flood elevation - Sec. 12-53. | Substantial improvement :: Work during a one (1) year period whose cumulative cost equals or exceeds forty-nine (49) percent of market value - Sec. 12-52. | Substantial damage :: 49 percent, and also flood damage on two separate occasions within ten years - Sec. 12-52. | Zone X homes :: New residential buildings outside special flood hazard areas also have a minimum elevation - Sec. 12-53(c). | FEMA flood map :: FEMA's Community Status Book (report dated 3 Oct 2026) lists Dania Beach as NFIP community 120034 with a current effective FIRM dated 31 Jul 2024. Zones are set parcel by parcel, so no single zone covers the whole city - check your own address. | NFIP history :: FEMA record: first flood hazard boundary map 28 Jun 1974; first FIRM 15 Feb 1978; regular NFIP program since 15 Feb 1978; entered CRS 1 Oct 1993. | Flood insurance discount :: CRS class 5 - 25% off NFIP premiums for policies in the Special Flood Hazard Area (class in effect 1 Apr 2025). | State minimum :: 2023 Florida Building Code, Residential R322.2.1 and R322.3.2 - lowest floor (A zones) or bottom of the lowest horizontal structural member (V and Coastal A zones) at BFE + 1 ft or the design flood elevation, whichever is higher. | Look up your zone :: Enter the address in FEMA's Flood Map Service Center (msc.fema.gov), the official public source for FIRMs; an elevation certificate shows how your floor compares with the BFE.","Dania Beach Code of Ordinances Ch. 12 Flood Damage Prevention, Secs. 12-52, 12-53; FEMA Community Status Book, Florida (www.fema.gov/cis/FL.html, report 10/03/2026); 2023 Florida Building Code, Residential R322.2.1, R322.3.2; 44 CFR 59.1; FEMA Flood Map Service Center",2026-10,needs-content,Compliance,Broward,2,0
dania-beach,dock-permit-size,Dock Permits & Size Limits in Dania Beach,How big a dock can I build in Dania Beach?,10% of waterway width or 20 ft,whichever is smaller; 5 ft on waterways 50 ft or narrower,"In Dania Beach a dock may reach only 5 ft past the property line unless the waterway is wider than 50 ft; then it may reach 10% of the width or 20 ft, whichever is smaller. Mooring and dolphin piles follow the same limit, except on the Dania Cut-off Canal, where piles may match docks that existed on 22 September 1987. Submersible lifts get 25% of the width, capped at 15 ft.","Dock projection :: Not more than 5 ft beyond the property line unless the waterway exceeds 50 ft in width; then up to 10% of the width or 20 ft, whichever is smaller, measured from the property line - Land Development Code 240-20(B) | Principal building :: Docks only on a waterfront lot where a principal building exists - 240-20(A) | Deck height :: No more than 3 ft above mean high tide, or level with the average ground abutting the seawall if that is higher - 240-20(D) | Mooring and dolphin piles :: Same 5 ft / 10% / 20 ft limits - 240-20(F). On the Dania Cut-off Canal, piles may extend as far as docks existing on 22 September 1987 - 240-20(G) | Lifts :: A submersible boat-lift extension may not exceed 25% of the waterway width or 15 ft unless the Planning and Zoning Board grants a variance; a guide pole at least 1.5 inches in diameter and 6 ft above the water is required - 240-20(K) | Rebuilding :: Previously built residential docks with structural evidence remaining that sustained substantial damage may be rebuilt with all agency approvals - 240-20(C) | No covers :: No boathouse or boat covering in the zoning setback or over a public waterway; no cooking, sleeping or business on a dock - 240-20(H),(L) | Permit :: Building department permit plus approval of every authority regulating navigable waters; owner certification or written owner consent - 240-20(I) | Broward County license :: Work in the county's regulated aquatic resources, which include canals and tidal waters, needs a Broward County Environmental Resource License - County Code 27-332, 27-333(a)(1). A new dock, floating dock or other over-water structure of 500 sq ft or less, measured from the seawall's wet face at mean high water, with no dredging or filling beyond the pilings, qualifies for a general license issued within 10 days of a complete application - 27-336(a)(1)e. A county ordinance that sets minimum environmental-protection standards prevails over city ordinances - Broward County Charter Sec. 11.01 | State exemption :: A private, non-commercial dock on pilings with 1,000 sq ft or less of over-water surface (500 sq ft in Outstanding Florida Waters), and the only exempt dock along 65 ft of shoreline (or one per lot if the lot is narrower), needs no state environmental permit - Fla. Stat. 403.813(1)(b). The exemption does not grant permission to use state-owned submerged lands and does not override city or county rules - 403.813(1) | Federal :: Structures in navigable waters need a Department of the Army permit, general or individual - 33 CFR 322.3(a)","Dania Beach Land Development Code Sec. 240-20 (through Ord. 2012-025, 10-9-12); Broward County Code Secs. 27-332, 27-333, 27-336 (through Ord. 2026-16); Broward County Charter Sec. 11.01; Fla. Stat. 403.813(1)(b) (2026); 33 CFR 322.3(a)",2026-10,verified,Dock,Broward,2,0
dania-beach,boat-lift-rules,Boat Lift Rules in Dania Beach,What are the boat lift rules in Dania Beach?,Allowed; submersible lift 25% / 15 ft,guide pole required,"Dania Beach caps how far a submersible boat-lifting device may extend: 25% of the waterway width and never more than 15 feet, unless the planning and zoning board grants a variance and a guide pole is fitted. Lifts need a building department permit, and no permanent or temporary boat covering is allowed in the setback or over a public waterway.","Reach :: No extension of a boat-lifting device capable of being submerged may extend more than 25% of the waterway width, not to exceed 15 feet, unless a variance is granted by the planning and zoning board and a guide pole is attached - LDC Sec. 240-20(K) | Guide pole :: At least 1.5 inches in diameter, permanently attached, vertical, at least 6 feet above the water at all times, with a reflective colour - Sec. 240-20(K) | Permit :: A building department permit is required before erecting docks, boat davits, hoists or similar mooring structures; on navigable waters every regulating authority must approve, and the applicant must own the land or have written consent - Sec. 240-20(I) | Covers :: No boathouse, permanent covering or temporary covering for a boat within the zoning setback area, or within or over any public waterway - Sec. 240-20(H) | Principal building first :: Boat slips and docks only where a principal building exists - Sec. 240-20(A) | Projection context :: Docks may extend 5 feet beyond the property line, or where the waterway is wider than 50 feet, 10% of the width up to 20 feet - Sec. 240-20(B) | Dock height :: A dock deck may not exceed 3 feet above mean high tide unless the adjacent ground is higher, in which case it may match the average ground level at the seawall - LDC Sec. 240-20(D) | On the dock :: No cooking, sleeping or business activity on a dock - Sec. 240-20(L) | Unsafe structures :: The community development department inspects mooring structures; owners get 30 days' written notice to correct unsafe ones - Sec. 240-20(J) | Broward County :: Boatlifts and davits are listed among the projects that qualify for a county general environmental resource license, which the code says is issued within ten days of a complete application - Broward County Code Sec. 27-336(a)(1)f. | State and federal :: Floating boat lifts and floating vessel platforms that meet s. 403.813(1)(s), F.S. (they float at all times, hold the vessel out of the water, and either sit inside a previously permitted slip or total no more than 500 sq ft - 200 sq ft in Outstanding Florida Waters - beside a qualifying dock or bulkhead) need no state permit; a local government may then ask only for a one-time registration unless the platform is attached to a bulkhead with no dock. Structures in navigable waters otherwise need Army Corps authorization unless exempt or under a general permit - 33 CFR 322.3(a).","City of Dania Beach Land Development Code Art. 240, Sec. 240-20 (Supp. 163; Ord. 2010-20, 2012-025); Broward County Code Sec. 27-336 (Supp. 72); s. 403.813(1)(s), F.S. (2026); 33 CFR 322.3(a)",2026-10,verified,Dock,Broward,2,0
dania-beach,deck-requirements,Waterfront Deck Rules in Dania Beach,What are the deck setback and railing rules in Dania Beach?,0 ft,rear setback for pool and pool deck on a canal or waterway,"Dania Beach drops the pool and pool deck setback to zero on a rear lot line abutting a canal or waterway, but nothing may be built beyond the bulkhead line. Pool decks may not stand more than 6 inches above the home's finished floor, and raised wood decks and concrete patios keep 2 ft from side and rear lines.","Pools and pool decks :: 5 ft from any lot line except a rear lot line abutting a canal or other waterway, where there is no minimum setback. No part of a pool or pool deck may sit more than 6 inches above the finished floor of the house. LDC Sec. 105-60(C)-(D). | Bulkhead line :: No structure may be built beyond the established bulkhead or bulkhead line or over any waterway, except docks and moorings under Article 240. Sec. 215-100. | Raised decks and patios :: Unroofed raised wood decks and unroofed raised concrete patios: 6 ft from a street line and 2 ft from a side or rear lot line, enclosed only with open mesh screening. Covered patios/decks: 5 ft from side and rear lines. Sec. 215-90. | Without a pool :: Patio and deck sun canopies and gazebos not associated with a pool keep 5 ft from internal and rear property lines (single-family and duplex districts). Sec. 215-50(H). | Screens and proximity :: Pool screen enclosures 5 ft from interior side and rear lines and 15 ft (or the principal corner setback) from a street side; an accessory structure within 10 ft of the house is treated as attached and meets principal setbacks. Secs. 105-60(E), 215-90(3). | Where it lives :: Chapter 28 Land Development Code, Sec. 105-60 'Swimming pools', Sec. 215-100 'Waterway setbacks' (Ord. 2010-20), Sec. 215-90 'Accessory structure setbacks' and Sec. 215-50 permitted yard encroachments for E-1, RS and RD districts. | Carports :: Carports 2 ft from an interior side line and principal setbacks elsewhere; storage closets inside a carport share its setback. Sec. 215-90(B)(1). | Guards (state rule) :: Florida Building Code, Residential, 8th Edition (2023), Sec. R312.1.1-R312.1.3: a guard is required on open sides of a walking surface located more than 30 inches above the floor or grade below at any point within 24 inches of the open edge; it must be at least 36 inches high; openings must not let a 4-inch sphere pass. No local guard amendment was found in this city's code.","City of Dania Beach Code of Ordinances Ch. 28 LDC Secs. 105-60, 215-100, 215-90, 215-50 (Supp. 163); Florida Building Code, Residential, 8th Ed. (2023) R312.1.1-R312.1.3 (ICC Digital Codes)",2026-10,verified,Deck,Broward,2,0
dania-beach,licensed-contractors,Checking a Marine Contractor in Dania Beach,How do I check a marine contractor in Dania Beach?,Registration form required,plus the qualifier's driver's licence,"Dania Beach's permit instructions say contractors must also complete the city's Contractor Registration Form and include a copy of a valid driver's licence with the supporting documents. Applications start on Broward County's Building Permit Application with two sets of plans, and residents of a homeowners' association add an Affidavit of Awareness.","Registration :: Contractor Registration Form plus a valid driver's licence, filed with the permit package - Permit Application Process page | Past permits :: The City Permit Portal (Tyler eSuite) at cityofdaniabeachfl.nwerp.tylerapp.com/nwprod/eSuite.Permits. Asbestos certificates, notices of commencement and transportation or environmental review go to Broward County's ePermits OneStop | Certificates in the code :: City Code Ch. 8, Art. VI deals with reciprocity for contractor certificates (Secs. 8-77, 8-78) | County licence :: Broward's Building Code Division handles contractor licensing and enforcement under County Code Ch. 9 through the Central Examining Board of Construction Trades. County-licensed contractors, suspensions and revocations are checked by phone on 954-765-4400; complaints go to CLE-Complaint@broward.org | Marine cards are voluntary :: Broward lists its marine specialty, marine seawall, bulkhead, dock and pile-driving certificates under Division I (Voluntary), so a county card is not mandatory for marine work - Broward Contractor packet | State licence :: Search the company and the qualifier on DBPR's Verify a Licensee (myfloridalicense.com). A licence number starting with C is a state certification valid anywhere in Florida; one starting with R is a registration, good only where the holder met local competency rules - F.S. 489.105(8),(10) and the DBPR licensing page | Who may build a seawall or dock :: A certified general contractor's scope is unlimited (489.105(3)(a)). The state also certifies five marine specialties: marine specialty, marine seawall work, marine bulkhead work, marine dock work and marine pile driving - Rule 61G4-15.100(1)(b)-(f) | Workers' comp :: In construction a single employee makes coverage mandatory (440.02(20)(b)2). Up to three officers or LLC members owning at least 10% may file exemptions (440.02(18)(b)2), and the exemption certificate itself says it is not a DBPR licence (440.05(4)). Check it on the DWC data portal's Coverage and Exemptions search (dwcdataportal.fldfs.com) | Recovery fund :: For contracts signed on or after 1 July 2024 the Homeowners' Construction Recovery Fund pays at most $100,000 per claim against a Division I contractor (general, building, residential) and $30,000 against a Division II contractor, which includes the marine specialties; the lifetime caps are $2 million and $600,000 per licensee - 489.143(3),(6). Nothing is paid if the contractor was unlicensed when you signed - 489.141(2)(d) - and residential contracts over $2,500 must print the fund notice - 489.1425 | Deposits :: A contractor who takes more than 10% up front on residential work must apply for permits within 30 days and start within 90 days of the permits issuing, unless you agreed to longer in writing - 489.126(2)(a) | Three-day cancel :: If the deal was a home solicitation sale over $25 - signed away from the seller's place of business and not the result of your own request for specific goods or services - you can cancel in writing until midnight of the third business day; Sundays and federal holidays don't count - 501.021, 501.025 | Business tax is not a licence :: A contractor pays business tax where its permanent office is, and no other city or county may levy a business tax or an equivalent registration fee for temporary work there - 205.065","City of Dania Beach Permit Application Process page; Broward County ePermits - OneStop page; Code Ch. 8 Art. VI; Broward County Building Code Division page; Broward Contractor packet (Contractor Information PDF); F.S. 489.105, 489.126, 489.141, 489.1425, 489.143, 440.02, 440.05, 501.021, 501.025, 205.065 (2026); Fla. Admin. Code R. 61G4-15.100; DBPR Construction Industry page and Verify a Licensee; DFS Division of Workers' Compensation construction exemption page and data portal",2026-10,verified,Failing,Broward,2,0
dania-beach,storm-prep,Storm Prep for Dania Beach Waterfront Owners,What are the storm and debris rules in Dania Beach?,Tie it down,"loose lumber, trash and materials on a hurricane advisory","Dania Beach requires every lot owner, occupied or not, to securely tie down loose lumber, trash and other materials once a hurricane advisory is issued for the Broward County area. Commercial construction sites must take down wind screening on a hurricane warning and put it back within ten days. A cited tidal flood barrier must show progress in 60 days and be repaired within 365.","Every lot :: Upon an advisory alerting the Broward County area to a hurricane condition, every owner of any lot, tract or parcel, occupied as well as unoccupied, shall securely tie down all loose lumber, trash and other materials on the property - Code Sec. 17-8 | Commercial job sites :: Wind barrier or screening and fence covering materials on commercial properties under construction shall be removed on a hurricane warning applicable to the city and reinstalled not more than ten (10) days after the threat has ended - Sec. 8-7(4) | Seawall clock :: Failure to maintain a tidal flood barrier in good repair is a citable offence; show progress within sixty (60) days and complete repairs within three hundred sixty-five (365) days after the citation - Sec. 12-87(b) | Substantial repairs :: Where the repair meets the substantial repair or rehabilitation threshold, the owner must design, obtain permits, build and obtain final inspection approval within three hundred sixty-five (365) days of the citation - Sec. 12-87(b) | Fence timing :: Construction fences and coverings go up no later than issuance of the building permit and come down when the certificate of occupancy is received - Sec. 8-7(5); see also Sec. 13-28 on storing waste likely to be blown about","City of Dania Beach Code of Ordinances Secs. 8-7, 12-87, 17-8 (Municode)",2026-10,verified,Failing,Broward,2,0
hallandale-beach,seawall-height-requirement,Hallandale Beach Seawall Height Requirement,How high does a seawall have to be in Hallandale Beach?,5.0,ft NAVD88,"New, substantially repaired or substantially rehabilitated seawalls in Hallandale Beach must reach at least 5.0 ft NAVD88. Applications filed before 1 Jan 2035 can be approved at 4.0 ft NAVD88 if the wall is designed to be raised to 5.0 ft by 2050. The city code sets no maximum seawall height.","Minimum :: 5.0 ft NAVD88 - Code Sec. 8-90(a) | Interim :: Applications submitted before 1 Jan 2035 may be permitted at 4.0 ft NAVD88 if designed and constructed to accommodate 5.0 ft NAVD88 by 1 Jan 2050 - Sec. 8-90(a) | Applies to :: new tidal flood barriers and substantial repair/rehab; not oceanfront seaward of the CCCL - Sec. 8-89 | Side containment :: owners must add side containment barriers as needed to keep rainwater on their property - Sec. 8-90(c) | Whole shoreline :: substantial repair/rehab must cover the entire shoreline - Sec. 8-90(f) | Adopted :: Ord. No. 2020-030, 18 Nov 2020 - Sec. 8-89 to 8-91 | Selling :: Owners and buyers must follow the Broward County Code Sec. 39-408 tidal-area disclosure in sale contracts - Sec. 8-91 | Condo conversions :: Before rental units are sold as condominiums, the owner's certificate-of-compliance application must list any known seawall defects or deficiencies, and a licensed building contractor must certify the repairs - Sec. 8-111(c)(5), (d) | The city's call :: No seawall is required where, in the city's opinion, other flood protection does the job just as well - Sec. 8-90(i)","Hallandale Beach Code of Ordinances Ch. 8, Art. III, Div. 3, Sec. 8-90 (Ord. No. 2020-030); Secs. 8-91 and 8-111",2026-10,verified,Compliance,Broward,2,0
hallandale-beach,seawall-permit,Seawall Permits in Hallandale Beach,Do I need a permit to repair a seawall in Hallandale Beach?,"Yes, plus county license",city permit + county license,"Yes. Hallandale Beach recognizes the Florida Building Code with Broward County's administrative provisions, and its Building Division takes permit documents only through the city's online portal. A substantial repair must meet the city's tidal flood barrier height, and owners must add side containment barriers where needed to keep rainwater on their own lot. Broward County also requires its own Environmental Resource License, often a general license for a repair in the same place.","City :: The Florida Building Code with Broward County Administrative Provisions is the city's building code - Code Sec. 8-31; the Building Division of the Sustainable Development department says all permit documents must go through its online portal and emailed documents will not be processed - city Building Division page. Substantial repair = work along more than 50% of the property's shoreline, or attached structures such as docks costing more than 50% of a tidal flood barrier - Sec. 8-80; such barriers need 5.0 ft NAVD88 (4.0 ft for applications before 1 Jan 2035), must run along the entire shoreline and carry natural limerock rip-rap at the face - Sec. 8-90(a), (f), (g); side containment barriers must be added as needed to keep rainwater within the owner's property - Sec. 8-90(c). In V zones and coastal A zones a seawall also needs authorization from the appropriate agency and a design professional's analysis - Sec. 8-87(g). Not applicable seaward of the Coastal Construction Control Line - Sec. 8-89 (Ord. 2020-030) During construction, contractors must keep the site perimeter and adjacent rights-of-way broom-swept every day and restore them afterwards; the city may withhold final approvals until a contractor does - Sec. 8-35(a)(1)-(3) | Broward County :: Construction in regulated aquatic resources needs a county Environmental Resource License (ERL) - Broward County Code Sec. 27-333(a)(1). Repairing an existing functional seawall no more than 1 ft waterward of its authorized location, or a new wall within 1 ft of the old wet face with the old wall left in place, qualifies for a general license (Sec. 27-336(a)(1)b.), as do refacing, crack filling, seepage holes and other minor repairs (n.) and raising the cap in the same footprint (o.); the code says a general license is issued within 10 days of a complete application - Sec. 27-336(a)(1) | State :: Restoring a seawall at its previous location, upland of it, or within 18 inches waterward is exempt from a state environmental resource permit; the exemption does not replace permission to use state-owned submerged land or county and city requirements, and does not cover chapter 161 coastal permits - s. 403.813(1), (1)(e), F.S. | Federal :: A U.S. Army Corps of Engineers (Department of the Army) authorization is required for structures or work in or affecting navigable waters, unless exempt or covered by a nationwide or regional general permit - 33 CFR 322.3(a) (Rivers and Harbors Act s. 10)","Hallandale Beach Code Secs. 8-31, 8-35, 8-80, 8-87, 8-89, 8-90 (Supp. 16 Upd. 2); city Building Division page; Broward County Code Ch. 27 Art. XI Secs. 27-333, 27-336 (Supp. 72); s. 403.813(1)(e), F.S. (2026); 33 CFR 322.3(a)",2026-10,verified,Compliance,Broward,2,0
hallandale-beach,flood-zone,Hallandale Beach Flood Zone & Elevation Rules,"What flood zone is Hallandale Beach in, and what does it require?",FBC or 18 in above crown,"residential lowest floor, whichever is higher","Hallandale Beach labels its rule 'additional elevation (freeboard)': homes go to the Florida Building Code elevation or 18 inches above the crown of the adjacent roads, whichever is higher. It counts A-zone land seaward of SR A1A as coastal A zone, and its substantial-improvement trigger is 49%.","Freeboard :: Residential: FBC elevation or at least 18 in above the highest point of the crown of road, whichever is highest; nonresidential 6 in above crown - Sec. 8-81(1). | Critical facilities :: BFE + 2 ft, the 500-year elevation, or 24 in above crown - Sec. 8-81(1). | Coastal A zone :: Defined to include A-zone land seaward of SR A1A - Sec. 8-80. | Substantial improvement / damage :: 49 percent of market value, no cumulative period - Sec. 8-80. | Zone X :: New residential buildings outside the special flood hazard area have their own minimum elevation - Sec. 8-81(2). | More trigger points :: $541,000 building value -> $265,090 trigger; $689,500 -> $337,855. | FEMA flood map :: FEMA's Community Status Book (report dated 3 Oct 2026) lists Hallandale Beach as NFIP community 125110 with a current effective FIRM dated 31 Jul 2024. Zones are set parcel by parcel, so no single zone covers the whole city - check your own address. | NFIP history :: FEMA record: first flood hazard boundary map 24 Nov 1972; first FIRM 24 Nov 1972; regular NFIP program since 24 Nov 1972; entered CRS 1 Oct 1994. | Flood insurance discount :: CRS class 6 - 20% off NFIP premiums for policies in the Special Flood Hazard Area (class in effect 1 Oct 2008). | State minimum :: 2023 Florida Building Code, Residential R322.2.1 and R322.3.2 - lowest floor (A zones) or bottom of the lowest horizontal structural member (V and Coastal A zones) at BFE + 1 ft or the design flood elevation, whichever is higher. | Look up your zone :: Enter the address in FEMA's Flood Map Service Center (msc.fema.gov), the official public source for FIRMs; an elevation certificate shows how your floor compares with the BFE.","Hallandale Beach Code of Ordinances Ch. 8 Art. III Floodplain Management, Secs. 8-80, 8-81; FEMA Community Status Book, Florida (www.fema.gov/cis/FL.html, report 10/03/2026); 2023 Florida Building Code, Residential R322.2.1, R322.3.2; 44 CFR 59.1; FEMA Flood Map Service Center",2026-10,verified,Compliance,Broward,2,0
hallandale-beach,dock-permit-size,Dock Permits & Size Limits in Hallandale Beach,How big a dock can I build in Hallandale Beach?,5 ft from the seawall,lots over 40 ft wide; 20 ft on lots 40 ft or narrower,"Hallandale Beach ties dock length to lot width. On a lot more than 40 ft wide at the water a dock may project only 5 ft from the seawall and must stay 10 ft from residential neighbours; on a lot 40 ft wide or less it may project 20 ft with a 2 ft side setback. Nothing - dock, piles or docked boat - may take more than 25% of the distance across the waterway.","Lots over 40 ft wide :: No dock may project more than 5 ft from the seawall or come closer than 10 ft to the lot line of residentially zoned property; dolphin piles no more than 20 ft out and 10 ft from adjacent lot lines; davits 10 ft from adjacent lot lines - Zoning and Land Development Code 32-291 | Lots 40 ft wide or less :: Docks may project up to 20 ft from the seawall and must stay 2 ft from residentially zoned lot lines; dolphin piles up to 20 ft, 2 ft from lot lines; davits 2 ft from lot lines - 32-291 | Golden Isles Lake and Venetian Marina :: Docks, piers, dolphins and other mooring facilities may project up to 50 ft from the seawall if a clear width of 25 ft from the waterway centerline is kept (the published sentence opens 'No docks... may project up to 50 feet', an apparent drafting error); these are also the only places perpendicular mooring is allowed - 32-291 | Overall cap :: No docked boat, dock or dolphin piling may project more than 25% of the distance across the waterway - 32-291 | Height :: No dock higher than the seawall - 32-291 | Boats :: Boats may not encroach into the water in front of adjacent property; no living aboard; reflectors on docks and piles extending more than 5 ft - 32-291 | Commercial districts :: Docks are accessory only and may not be used for any commercial purpose such as fee docking, charters, training or selling fuel or gear - 32-291 | Broward County license :: Work in the county's regulated aquatic resources, which include canals and tidal waters, needs a Broward County Environmental Resource License - County Code 27-332, 27-333(a)(1). A new dock, floating dock or other over-water structure of 500 sq ft or less, measured from the seawall's wet face at mean high water, with no dredging or filling beyond the pilings, qualifies for a general license issued within 10 days of a complete application - 27-336(a)(1)e. A county ordinance that sets minimum environmental-protection standards prevails over city ordinances - Broward County Charter Sec. 11.01 | State exemption :: A private, non-commercial dock on pilings with 1,000 sq ft or less of over-water surface (500 sq ft in Outstanding Florida Waters), and the only exempt dock along 65 ft of shoreline (or one per lot if the lot is narrower), needs no state environmental permit - Fla. Stat. 403.813(1)(b). The exemption does not grant permission to use state-owned submerged lands and does not override city or county rules - 403.813(1) | Federal :: Structures in navigable waters need a Department of the Army permit, general or individual - 33 CFR 322.3(a)","Hallandale Beach Code Ch. 32 (Zoning and Land Development Code) Sec. 32-291 (Ord. 2004-19) as published on Gridics CodeHub; Broward County Code Secs. 27-332, 27-333, 27-336 (through Ord. 2026-16); Broward County Charter Sec. 11.01; Fla. Stat. 403.813(1)(b) (2026); 33 CFR 322.3(a)",2026-10,verified,Dock,Broward,2,0
hallandale-beach,boat-lift-rules,Boat Lift Rules in Hallandale Beach,What are the boat lift rules in Hallandale Beach?,Davits allowed 10 ft from side line,2 ft on lots 40 ft wide or less,"Hallandale Beach's zoning code regulates davits rather than lifts by name. On lots wider than 40 feet at the water, davits must stay 10 feet from the neighbour's lot line; on narrower lots, 2 feet. No docked boat, dock or dolphin may reach more than 25% across the waterway, and boats may not be moored perpendicular except on Golden Isles Lake and the Venetian Marina.","Davits :: Allowed if not closer than 10 feet to the adjacent lot line on lots more than 40 feet wide at the waterway; 2 feet on lots 40 feet wide or less - Code Sec. 32-291 | Reach :: No docked boat, dock or dolphin piling may project more than 25% of the distance across the waterway - Sec. 32-291 | Golden Isles Lake and Venetian Marina :: Docks, piers, dolphins and other mooring facilities may project up to 50 feet from the seawall if a 25-foot clear width from the waterway centreline remains; perpendicular mooring is allowed only here - Sec. 32-291 | Neighbours' water :: Boats may not be moored or stored so as to encroach into the water abutting adjacent property - Sec. 32-291 | Definition :: The city's seawall rules define a mooring structure to include a davit, hoist and lift - Code Sec. 8-80 | Not in the code :: No lift height, raised-boat height or canopy rule appears in Sec. 32-291 | Broward County :: Boatlifts and davits are listed among the projects that qualify for a county general environmental resource license, which the code says is issued within ten days of a complete application - Broward County Code Sec. 27-336(a)(1)f. | State and federal :: Floating boat lifts and floating vessel platforms that meet s. 403.813(1)(s), F.S. (they float at all times, hold the vessel out of the water, and either sit inside a previously permitted slip or total no more than 500 sq ft - 200 sq ft in Outstanding Florida Waters - beside a qualifying dock or bulkhead) need no state permit; a local government may then ask only for a one-time registration unless the platform is attached to a bulkhead with no dock. Structures in navigable waters otherwise need Army Corps authorization unless exempt or under a general permit - 33 CFR 322.3(a).","City of Hallandale Beach Code Ch. 32 Sec. 32-291 (Gridics rev. 8 Jan 2026; Ord. 2004-19) and Sec. 8-80 (Municode Supp. 16 Update 2); Broward County Code Sec. 27-336 (Supp. 72); s. 403.813(1)(s), F.S. (2026); 33 CFR 322.3(a)",2026-10,verified,Dock,Broward,2,0
hallandale-beach,deck-requirements,Waterfront Deck Rules in Hallandale Beach,What are the deck setback and railing rules in Hallandale Beach?,,,,,,,not-started,Deck,Broward,2,0
hallandale-beach,licensed-contractors,Checking a Marine Contractor in Hallandale Beach,How do I check a marine contractor in Hallandale Beach?,File and update yearly,state licence or Broward card + county occupational licence,"Hallandale Beach makes registration a condition of getting a building permit: licensed contractors must file with the building division, and update every year, a state licence or a Broward certificate of competency with the state registration card, a current county occupational licence, and liability insurance sent directly by their agent (Code Sec. 8-32). An annual records fee is set by resolution.","Code :: Sec. 8-32 'Contractors registration requirements' (Code 1980, Sec. 8-5.2) | Registration form :: The rev. 1/24 form asks for the qualifier's driver's licence, a city occupational licence or business tax receipt, state certification or state registration plus Broward certificate of competency, workers' comp or exemption, and general liability with the City of Hallandale Beach as certificate holder; notarised. Building Division, 954-457-2220 | Past permits :: HB-ePermitting Portal, also called the Citizen Self Service portal, at www.cohb.org/HBePermitting; support bldgpermitsupport@cohb.org | County licence :: Broward's Building Code Division handles contractor licensing and enforcement under County Code Ch. 9 through the Central Examining Board of Construction Trades. County-licensed contractors, suspensions and revocations are checked by phone on 954-765-4400; complaints go to CLE-Complaint@broward.org | Marine cards are voluntary :: Broward lists its marine specialty, marine seawall, bulkhead, dock and pile-driving certificates under Division I (Voluntary), so a county card is not mandatory for marine work - Broward Contractor packet | State licence :: Search the company and the qualifier on DBPR's Verify a Licensee (myfloridalicense.com). A licence number starting with C is a state certification valid anywhere in Florida; one starting with R is a registration, good only where the holder met local competency rules - F.S. 489.105(8),(10) and the DBPR licensing page | Who may build a seawall or dock :: A certified general contractor's scope is unlimited (489.105(3)(a)). The state also certifies five marine specialties: marine specialty, marine seawall work, marine bulkhead work, marine dock work and marine pile driving - Rule 61G4-15.100(1)(b)-(f) | Workers' comp :: In construction a single employee makes coverage mandatory (440.02(20)(b)2). Up to three officers or LLC members owning at least 10% may file exemptions (440.02(18)(b)2), and the exemption certificate itself says it is not a DBPR licence (440.05(4)). Check it on the DWC data portal's Coverage and Exemptions search (dwcdataportal.fldfs.com) | Recovery fund :: For contracts signed on or after 1 July 2024 the Homeowners' Construction Recovery Fund pays at most $100,000 per claim against a Division I contractor (general, building, residential) and $30,000 against a Division II contractor, which includes the marine specialties; the lifetime caps are $2 million and $600,000 per licensee - 489.143(3),(6). Nothing is paid if the contractor was unlicensed when you signed - 489.141(2)(d) - and residential contracts over $2,500 must print the fund notice - 489.1425 | Deposits :: A contractor who takes more than 10% up front on residential work must apply for permits within 30 days and start within 90 days of the permits issuing, unless you agreed to longer in writing - 489.126(2)(a) | Three-day cancel :: If the deal was a home solicitation sale over $25 - signed away from the seller's place of business and not the result of your own request for specific goods or services - you can cancel in writing until midnight of the third business day; Sundays and federal holidays don't count - 501.021, 501.025 | Business tax is not a licence :: A contractor pays business tax where its permanent office is, and no other city or county may levy a business tax or an equivalent registration fee for temporary work there - 205.065","City of Hallandale Beach Code Sec. 8-32; Contractor Registration Form (rev. 1/24); Development Services FAQ (HB-ePermitting); Broward County Building Code Division page; Broward Contractor packet (Contractor Information PDF); F.S. 489.105, 489.126, 489.141, 489.1425, 489.143, 440.02, 440.05, 501.021, 501.025, 205.065 (2026); Fla. Admin. Code R. 61G4-15.100; DBPR Construction Industry page and Verify a Licensee; DFS Division of Workers' Compensation construction exemption page and data portal",2026-10,verified,Failing,Broward,2,0
hallandale-beach,storm-prep,Storm Prep for Hallandale Beach Waterfront Owners,What are the storm and debris rules in Hallandale Beach?,Before you leave,seasonal residents must secure loose objects,"Hallandale Beach requires owners and occupants with a balcony, open terrace or unenclosed yard to remove or secure loose objects when a hurricane watch is issued - and anyone leaving the city for more than seven days between June 1 and November 30 must do it before they go. A cited tidal flood barrier must show progress within 60 days and be repaired within 365.","Hurricane watch :: Any owner or occupant of a building with a balcony, open terrace or unenclosed yard must remove or secure all loose objects in the open area when a hurricane watch advisory is issued by the National Hurricane Center - Code Sec. 8-1(a) | Away for the season :: Seasonal residents or anyone absent more than seven days during the June 1 to November 30 hurricane season must remove or secure those objects before leaving - Sec. 8-1(b) | Seawall clock :: Failure to maintain a tidal flood barrier in good repair is a citable offence; progress within 60 days and repairs complete within 365 days of the citation - Sec. 8-90(b) | Boat trailers :: Hurricane blocking and anchoring rules for mobile homes do not apply to boat trailers or to luggage and travel trailers that are not permanent residences, and no building permit is required to block and anchor them - Sec. 17-4(b)","City of Hallandale Beach Code of Ordinances Secs. 8-1, 8-90 (Municode)",2026-10,verified,Failing,Broward,2,0
lauderdale-by-the-sea,seawall-height-requirement,Lauderdale-by-the-Sea Seawall Height Requirement,How high does a seawall have to be in Lauderdale-by-the-Sea?,5.0,ft NAVD88,"New, substantially repaired or substantially rehabilitated seawalls in Lauderdale-By-The-Sea must reach at least 5.0 ft NAVD88. Applications filed before 1 Jan 2035 can be approved at 4.0 ft NAVD88 if the wall is designed to be raised to 5.0 ft by 2050. The town code sets no maximum seawall height.","Minimum :: 5.0 ft NAVD88 - Code Sec. 9-63(a) | Interim :: Applications submitted before 1 Jan 2035 may be permitted at 4.0 ft NAVD88 if designed and constructed to accommodate 5.0 ft NAVD88 by 1 Jan 2050 - Sec. 9-63(a) | Applies to :: new tidal flood barriers and substantial repair/rehab; not oceanfront seaward of the CCCL - Sec. 9-61 | Enforcement :: failure to maintain is a civil infraction under Ch. 6.5; repairs due within 365 days - Sec. 9-63(b) | Docks :: dock deck may not be higher than the abutting seawall - Sec. 30-311(3) | Adopted :: Ord. No. 2022-01, 22 Feb 2022 - Sec. 9-60 to 9-64 | Setbacks from the wall :: In the RD-10 duplex district, a lot backing onto the Intracoastal or inland waterways needs a 15 ft rear setback from the seawall; on RM-25 lots 60 ft wide or less south of Pine Avenue, a side abutting the waterway is set back at least 12 ft from the seawall - Sec. 30-221(c)(3), 30-242(b)(2) | Who administers :: The Town Engineer is designated floodplain administrator under Ch. 9 - Sec. 9-14 | Self-raising barriers :: Barriers that rise on their own ahead of high tides are permitted, as long as the automation does not depend on someone operating it every day - Sec. 9-63(f)","Lauderdale-By-The-Sea Code of Ordinances Ch. 9, Art. XI, Sec. 9-63 (Ord. No. 2022-01); Sec. 9-14; ULDR Secs. 30-221, 30-242",2026-10,verified,Compliance,Broward,2,0
lauderdale-by-the-sea,seawall-permit,Seawall Permits in Lauderdale-by-the-Sea,Do I need a permit to repair a seawall in Lauderdale-by-the-Sea?,"Yes, plus county license",town permit + county license,"Yes. Lauderdale-By-The-Sea adopts the Florida Building Code as the town's building code, and its seawall article covers new walls, substantial repairs and attached structures such as docks. A substantial repair must meet the town's tidal flood barrier height, and leaving a wall in disrepair is a civil infraction. Broward County also requires its own Environmental Resource License, often a general license for a repair in the same place.","City :: 'The Florida Building Code is hereby adopted as the building code for the Town' - Code Sec. 6-1(a). The seawall article applies to new tidal flood barriers, substantial repair of shorelines and attached structures such as docks, but not seaward of the Coastal Construction Control Line - Sec. 9-61 (Ord. 2022-01). Substantial repair = work along more than 50% of the shoreline, or attached structures costing more than 50% of a tidal flood barrier - Sec. 9-62; then 5.0 ft NAVD88 (4.0 ft for applications before 1 Jan 2035), construction along the entire shoreline and limerock rip-rap at the face - Sec. 9-63(a), (d)(3), (d)(4). A wall in disrepair is a citable civil infraction under Chapter 6.5; the owner must show progress, as determined by the Town, within 60 days and finish within 365 days - Sec. 9-63(b). The town need not require a seawall where other flood protection measures are equally effective, and barriers that rise automatically before high tides are allowed if the automation needs no daily human intervention - Sec. 9-63(e), (f). No watercraft may moor or tie up to a private seawall without the owner's written permission - Sec. 5-53(a) | Broward County :: Construction in regulated aquatic resources needs a county Environmental Resource License (ERL) - Broward County Code Sec. 27-333(a)(1). Repairing an existing functional seawall no more than 1 ft waterward of its authorized location, or a new wall within 1 ft of the old wet face with the old wall left in place, qualifies for a general license (Sec. 27-336(a)(1)b.), as do refacing, crack filling, seepage holes and other minor repairs (n.) and raising the cap in the same footprint (o.); the code says a general license is issued within 10 days of a complete application - Sec. 27-336(a)(1) | State :: Restoring a seawall at its previous location, upland of it, or within 18 inches waterward is exempt from a state environmental resource permit; the exemption does not replace permission to use state-owned submerged land or county and city requirements, and does not cover chapter 161 coastal permits - s. 403.813(1), (1)(e), F.S. | Federal :: A U.S. Army Corps of Engineers (Department of the Army) authorization is required for structures or work in or affecting navigable waters, unless exempt or covered by a nationwide or regional general permit - 33 CFR 322.3(a) (Rivers and Harbors Act s. 10)","Lauderdale-By-The-Sea Code Secs. 6-1, 9-61, 9-62, 9-63 (Supp. 51); Broward County Code Ch. 27 Art. XI Secs. 27-333, 27-336 (Supp. 72); s. 403.813(1)(e), F.S. (2026); 33 CFR 322.3(a)",2026-10,verified,Compliance,Broward,2,0
lauderdale-by-the-sea,flood-zone,Lauderdale-by-the-Sea Flood Zone & Elevation Rules,"What flood zone is Lauderdale-by-the-Sea in, and what does it require?",BFE +1 ft (state code),no extra town freeboard,"Lauderdale-by-the-Sea's flood chapter sets no extra freeboard for homes, so the Florida Building Code's BFE + 1 ft governs. The town uses the plain 50% substantial-improvement test without a look-back period, and requires critical facilities at BFE + 3 ft. In practice the town leans on the statewide floor rather than writing a stricter local figure.","Town freeboard :: None for ordinary buildings in Ch. 9; critical facilities BFE + 3 ft or the 500-year elevation, whichever is higher - Sec. 9-53. | Substantial improvement / damage :: 50 percent of market value, no cumulative period - Sec. 9-52. | Chapter history :: Chapter 9, Flood Prevention and Control, was rewritten by Ord. No. 2014-03 (24 June 2014), which repealed the former chapter; later amended by Ord. No. 2019-09 (12 Dec 2019). | Critical facilities detail :: Flood proofing and sealing must keep toxic substances from being displaced by or released into floodwaters, and access routes at or above the BFE must be provided - Sec. 9-53. | FEMA flood map :: FEMA's Community Status Book (report dated 3 Oct 2026) lists Lauderdale-by-the-Sea as NFIP community 125123 with a current effective FIRM dated 31 Jul 2024. Zones are set parcel by parcel, so no single zone covers the whole city - check your own address. | NFIP history :: FEMA record: first flood hazard boundary map 27 Oct 1972; first FIRM 27 Oct 1972; regular NFIP program since 27 Oct 1972; entered CRS 1 May 2000. | Flood insurance discount :: CRS class 8 - 10% off NFIP premiums for policies in the Special Flood Hazard Area (class in effect 1 May 2017). | State minimum :: 2023 Florida Building Code, Residential R322.2.1 and R322.3.2 - lowest floor (A zones) or bottom of the lowest horizontal structural member (V and Coastal A zones) at BFE + 1 ft or the design flood elevation, whichever is higher. | Look up your zone :: Enter the address in FEMA's Flood Map Service Center (msc.fema.gov), the official public source for FIRMs; an elevation certificate shows how your floor compares with the BFE.","Lauderdale-By-The-Sea Code of Ordinances Ch. 9 Flood Prevention and Control, Secs. 9-52, 9-53; FEMA Community Status Book, Florida (www.fema.gov/cis/FL.html, report 10/03/2026); 2023 Florida Building Code, Residential R322.2.1, R322.3.2; 44 CFR 59.1; FEMA Flood Map Service Center",2026-10,needs-content,Compliance,Broward,2,0
lauderdale-by-the-sea,dock-permit-size,Dock Permits & Size Limits in Lauderdale-by-the-Sea,How big a dock can I build in Lauderdale-by-the-Sea?,10% of waterway width or 8 ft,whichever is less; 15 ft on the Intracoastal,"On Lauderdale-By-The-Sea's canals (100 ft wide or less) a dock may reach 10% of the waterway's width or 8 ft from the recorded property line, whichever is less. On waterways wider than 100 ft, which in practice means the Intracoastal, the dock limit is a flat 15 ft. Boathouses and boat slips dug into platted lots are banned.","Canals 100 ft or narrower :: Docks 10% of the waterway width or 8 ft, whichever is less, measured from the recorded property line, without encroaching on the navigation channel - Zoning 30-311(c)(1)a | Finger piers on canals :: 10% of the width or 20 ft, whichever is less (16% or 25 ft in a designated marina mooring area); no wider than ADA access requires; at least 25 ft apart (20 ft in a marina mooring area) - 30-311(c)(1)b | Lifts and dolphins on canals :: Lifts up to 25% of the width fully raised, with a reflective guide pole at least 6 ft above the water; dolphin piles up to 25%, at least 10 ft apart, with a 6-inch reflective band 2 ft below the top - 30-311(c)(1)c-d | Side setback :: No dock, finger pier, lift or dolphin within 5 ft of an extended side property line - 30-311(c)(2)a | Deck height :: Not above the top of the abutting seawall - 30-311(c)(3) | Shared docking areas :: Lots sharing a docking area need a recorded agreement approved by the Town; a court ruling on docking rights overrides these rules - 30-311(c)(4)-(5) | Prohibited :: Boathouses, and boat canals dug into platted waterfront lots - 30-311(c)(7) | Intracoastal (over 100 ft) :: Docks a maximum of 15 ft from the recorded property line; finger piers 10% or 20 ft; lifts 20% or 20 ft fully raised; dolphins no further than the navigation channel boundary; commercial lots beside residential use keep a 10 ft side setback - 30-311(d)(1) | Boats :: Moored only at an approved dock, pier or dolphin, inside the standard mooring area, at least 5 ft from the extended side line and out of the navigation channel; the Development Services Director may limit boat size or number for safety - 30-311(e) | Permit :: Required Broward County permits or approvals first, then a Town building permit, plus Army Corps or other approvals where applicable - 30-311(b) | Marina mooring areas :: A marina in the B-1 district may ask for a designated marina mooring area as part of a conditional use application, subject to Sec. 30-271 - 30-311(f) | Upkeep and removal :: Any structure in a waterway must be kept in good repair; the Town may remove one it finds unsafe or a navigation hazard, at the owner's cost, after notice and a hearing - 30-311(c)(6) | Scope :: The section controls waterway development town-wide, marinas included, and structures not similar to those listed are prohibited - 30-311(a) | Broward County license :: Work in the county's regulated aquatic resources, which include canals and tidal waters, needs a Broward County Environmental Resource License - County Code 27-332, 27-333(a)(1). A new dock, floating dock or other over-water structure of 500 sq ft or less, measured from the seawall's wet face at mean high water, with no dredging or filling beyond the pilings, qualifies for a general license issued within 10 days of a complete application - 27-336(a)(1)e. A county ordinance that sets minimum environmental-protection standards prevails over city ordinances - Broward County Charter Sec. 11.01 | State exemption :: A private, non-commercial dock on pilings with 1,000 sq ft or less of over-water surface (500 sq ft in Outstanding Florida Waters), and the only exempt dock along 65 ft of shoreline (or one per lot if the lot is narrower), needs no state environmental permit - Fla. Stat. 403.813(1)(b). The exemption does not grant permission to use state-owned submerged lands and does not override city or county rules - 403.813(1) | Federal :: Structures in navigable waters need a Department of the Army permit, general or individual - 33 CFR 322.3(a)","Lauderdale-By-The-Sea Code Ch. 30 (Unified Land Development Regulations) Sec. 30-311 (through Ord. 2023-07, 1-23-2024); Broward County Code Secs. 27-332, 27-333, 27-336 (through Ord. 2026-16); Broward County Charter Sec. 11.01; Fla. Stat. 403.813(1)(b) (2026); 33 CFR 322.3(a)",2026-10,verified,Dock,Broward,2,0
lauderdale-by-the-sea,boat-lift-rules,Boat Lift Rules in Lauderdale-by-the-Sea,What are the boat lift rules in Lauderdale-by-the-Sea?,"Allowed; 25% on canals, 20% or 20 ft on the ICW",fully raised; guide pole,"Lauderdale-By-The-Sea measures boat lifts in the fully raised position. In waterways 100 feet wide or less a lift may reach 25% of the width; on the Intracoastal and other waterways over 100 feet, 20% or 20 feet, whichever is less. Every lift needs a reflective vertical guide pole at its outer end, must stay 5 feet off the extended side property line, and needs Broward County approval before the Town building permit.","Permit order :: Required Broward County permits or approvals first, then a Town building permit, plus Army Corps or other agency approval where applicable - Code Sec. 30-311(b)(1) | Reach, 100 ft or less :: In the fully raised position, no more than 25% of the waterway width from the recorded property line - Sec. 30-311(c)(1)c.1 | Reach, over 100 ft :: In the fully raised position, 20% of the width or 20 feet, whichever is less - Sec. 30-311(d)(1)d.1 | Guide pole :: A vertical guide pole with reflective marking permanently mounted at the outer end of the lift, at least 6 feet above the water at all times - Sec. 30-311(c)(1)c.2, (d)(1)d.2 | Side setback :: No boat lift within 5 feet of an extended side property line; on the Intracoastal, commercial lots next to residential use keep 10 feet - Sec. 30-311(c)(2)a, (d)(1)a | Boathouses :: Boathouses are prohibited - Sec. 30-311(c)(7) | Compared with docks :: Docks may reach only 10% or 8 feet on narrow waterways and 15 feet on the Intracoastal, so the lift limit is separate - Sec. 30-311(c)(1)a, (d)(1)b | Dolphin piles :: On waterways 100 feet or less, up to 25% of the width, a six-inch reflective band two feet below the top, and at least ten feet apart - Sec. 30-311(c)(1)d | Shared docking areas :: Where two or more lots share a common docking area, the owners must sign and record an agreement with the Town approving the placement before any permit - Sec. 30-311(c)(4) | Boat size :: The development services department may regulate the size or number of watercraft moored at a property to protect public safety - Sec. 30-311(e)(2) | Court rulings :: Where a court has adjudicated neighbours' docking rights, the ruling controls if proof is filed with the permit application - Sec. 30-311(c)(5) | Marina mooring area :: A marina in the B-1 district may ask for a designated marina mooring area through conditional use review - Sec. 30-311(f) | Broward County :: Boatlifts and davits are listed among the projects that qualify for a county general environmental resource license, which the code says is issued within ten days of a complete application - Broward County Code Sec. 27-336(a)(1)f. | State and federal :: Floating boat lifts and floating vessel platforms that meet s. 403.813(1)(s), F.S. (they float at all times, hold the vessel out of the water, and either sit inside a previously permitted slip or total no more than 500 sq ft - 200 sq ft in Outstanding Florida Waters - beside a qualifying dock or bulkhead) need no state permit; a local government may then ask only for a one-time registration unless the platform is attached to a bulkhead with no dock. Structures in navigable waters otherwise need Army Corps authorization unless exempt or under a general permit - 33 CFR 322.3(a).","Town of Lauderdale-By-The-Sea Code Sec. 30-311 (Supp. 51; Ord. 2023-07); Broward County Code Sec. 27-336 (Supp. 72); s. 403.813(1)(s), F.S. (2026); 33 CFR 322.3(a)",2026-10,verified,Dock,Broward,2,0
lauderdale-by-the-sea,deck-requirements,Waterfront Deck Rules in Lauderdale-by-the-Sea,What are the deck setback and railing rules in Lauderdale-by-the-Sea?,0 ft,decks may extend to the waterway plot line,"Lauderdale-By-The-Sea allows a deck on a waterway lot to run to the waterway, with a gap to the dock allowed if secured. The catch: any part of a deck within 5 ft of the seawall cannot be higher than the seawall. Pool decks and patios otherwise keep 2.5 ft from lot lines.","Decks on the water :: Decks that abut a plot line that is a waterway may be allowed, but are not required, to extend to the waterway. Code Sec. 30-313(q)(1). | Height near the seawall :: Decks need not be flush with a dock or seawall, but any portion of a deck within 5 ft of the seawall cannot be constructed higher than the seawall. A gap between deck and dock is allowed if properly secured. Sec. 30-313(q)(2)-(3). | Pool decks, patios, terraces :: Side or rear yard only (or the front yard of a corner lot with a front-yard pool), at least 2.5 ft from lot lines, outside utility easements. Sec. 30-313(p)(1)d. | Pools :: Water-bearing walls 5 ft from property lines; pools need a 5 ft fence, wall or mesh screen enclosure, but no enclosure is required along a waterway. Sec. 30-313(p). | Seawall design :: Seawalls must be sloping high energy-absorbing or vertical with a rubble mound on the water side, and the U.S. Army Corps of Engineers must approve any encroachment into the Atlantic or a navigable waterway. Sec. 30-313(w). | Guards (state rule) :: Florida Building Code, Residential, 8th Edition (2023), Sec. R312.1.1-R312.1.3: a guard is required on open sides of a walking surface located more than 30 inches above the floor or grade below at any point within 24 inches of the open edge; it must be at least 36 inches high; openings must not let a 4-inch sphere pass. No local guard amendment was found in this city's code.","Town of Lauderdale-By-The-Sea Code Sec. 30-313 (p), (q) (Supp. 51); Florida Building Code, Residential, 8th Ed. (2023) R312.1.1-R312.1.3 (ICC Digital Codes)",2026-10,verified,Deck,Broward,2,0
lauderdale-by-the-sea,licensed-contractors,Checking a Marine Contractor in Lauderdale-by-the-Sea,How do I check a marine contractor in Lauderdale-by-the-Sea?,Credentials on record,"every contractor and sub, with a county BTR","In Lauderdale-by-the-Sea a permit for licensed construction or alteration work is issued only when every contractor and subcontractor has its registration credentials on record with the Building Division. Building permit and inspection services are provided for the Town by CAP Government, Inc., with staff at Town Hall.","Registration :: Contractor Registration Form plus state registration and Broward certificate of competency (if applicable), liability and workers' comp naming the Town of Lauderdale-By-The-Sea, comp exemption if any, and a county business tax receipt; one form per qualifier, same business name on every document. building@lbts-fl.gov, 954-640-4215 | Past permits :: Online Building Permit Submittal & Permit Search (Citizenserve), linked from the Building Division page | Town business tax :: Every person engaged in or managing any business in the Town needs a Town business tax receipt, and the property is inspected before the first one is issued - Code Sec. 12-2 | Who reviews :: Emailed registrations go to davidl@lauderdalebythesea-fl.gov and yanid@lauderdalebythesea-fl.gov through building@lbts-fl.gov | County licence :: Broward's Building Code Division handles contractor licensing and enforcement under County Code Ch. 9 through the Central Examining Board of Construction Trades. County-licensed contractors, suspensions and revocations are checked by phone on 954-765-4400; complaints go to CLE-Complaint@broward.org | Marine cards are voluntary :: Broward lists its marine specialty, marine seawall, bulkhead, dock and pile-driving certificates under Division I (Voluntary), so a county card is not mandatory for marine work - Broward Contractor packet | State licence :: Search the company and the qualifier on DBPR's Verify a Licensee (myfloridalicense.com). A licence number starting with C is a state certification valid anywhere in Florida; one starting with R is a registration, good only where the holder met local competency rules - F.S. 489.105(8),(10) and the DBPR licensing page | Who may build a seawall or dock :: A certified general contractor's scope is unlimited (489.105(3)(a)). The state also certifies five marine specialties: marine specialty, marine seawall work, marine bulkhead work, marine dock work and marine pile driving - Rule 61G4-15.100(1)(b)-(f) | Workers' comp :: In construction a single employee makes coverage mandatory (440.02(20)(b)2). Up to three officers or LLC members owning at least 10% may file exemptions (440.02(18)(b)2), and the exemption certificate itself says it is not a DBPR licence (440.05(4)). Check it on the DWC data portal's Coverage and Exemptions search (dwcdataportal.fldfs.com) | Recovery fund :: For contracts signed on or after 1 July 2024 the Homeowners' Construction Recovery Fund pays at most $100,000 per claim against a Division I contractor (general, building, residential) and $30,000 against a Division II contractor, which includes the marine specialties; the lifetime caps are $2 million and $600,000 per licensee - 489.143(3),(6). Nothing is paid if the contractor was unlicensed when you signed - 489.141(2)(d) - and residential contracts over $2,500 must print the fund notice - 489.1425 | Deposits :: A contractor who takes more than 10% up front on residential work must apply for permits within 30 days and start within 90 days of the permits issuing, unless you agreed to longer in writing - 489.126(2)(a) | Three-day cancel :: If the deal was a home solicitation sale over $25 - signed away from the seller's place of business and not the result of your own request for specific goods or services - you can cancel in writing until midnight of the third business day; Sundays and federal holidays don't count - 501.021, 501.025 | Business tax is not a licence :: A contractor pays business tax where its permanent office is, and no other city or county may levy a business tax or an equivalent registration fee for temporary work there - 205.065","Town of Lauderdale-By-The-Sea Contractor Registration page; Building Division page; Code Sec. 12-2; Broward County Building Code Division page; Broward Contractor packet (Contractor Information PDF); F.S. 489.105, 489.126, 489.141, 489.1425, 489.143, 440.02, 440.05, 501.021, 501.025, 205.065 (2026); Fla. Admin. Code R. 61G4-15.100; DBPR Construction Industry page and Verify a Licensee; DFS Division of Workers' Compensation construction exemption page and data portal",2026-10,verified,Failing,Broward,2,0
lauderdale-by-the-sea,storm-prep,Storm Prep for Lauderdale-by-the-Sea Waterfront Owners,What are the storm and debris rules in Lauderdale-by-the-Sea?,10 working days,max time roofing materials sit on a roof in season,"Lauderdale-By-The-Sea requires construction materials, roof tiles and debris on all sites to be secured, stored or removed when a tropical storm or hurricane watch or warning covers any part of Broward County, and from June 1 to November 30 roofing materials may be loaded no earlier than ten working days before installation. After a disaster the Town clears private roads only for emergency access - no other private property.","Watch or warning :: All construction materials, including roof tiles, and debris on all building and construction sites shall be secured, stored or removed; broadcasts by the National Weather Service or National Hurricane Center count as notice - Code Sec. 6-9(a)-(b) | Rooftop stockpiles :: Materials stockpiled on a structure must be installed, or banded and mechanically fastened, tied down on the ground, removed, or stored inside - Sec. 6-9(c); in season, roofing materials loaded no earlier than ten working days before permanent installation - Sec. 6-9(e); owner and general contractor jointly responsible - Sec. 6-9(f) | Private-road debris :: The Town clears debris from private streets, rights-of-way and easements only to give emergency vehicles access; no other property will be cleared in a private community - Sec. 10-46 (Ord. 2010-14) | Seawall clock :: A tidal flood barrier in disrepair is a citable civil infraction; progress within 60 days, as determined by the Town, and completion within 365 days - Sec. 9-63 | Town steps in :: If the section is violated, the Town may take whatever emergency action it deems necessary to secure, store or remove loose construction materials and debris; materials stay secured until every portion of Broward County is out of the watch or warning - Sec. 6-9(d), (g)","Town of Lauderdale-By-The-Sea Code of Ordinances Secs. 6-9, 9-63, 10-46 (Municode)",2026-10,verified,Failing,Broward,2,0
miami,seawall-height-requirement,Miami Seawall Height Requirement,How high does a seawall have to be in the City of Miami?,6.0,"ft NAVD88 (Miami River: 4 ft, built to rise 2 ft)","Miami-Dade County sets no countywide seawall elevation, so the City of Miami sets its own. On tidally influenced and waterfront properties citywide, seawalls, bulkheads, living shorelines and other shoreline protection must be built to at least 6 ft NAVD88. The Miami River and its tributaries are the exception: 4 ft NAVD88, designed so the wall can be raised at least 2 ft more through 2070. City Code Sec. 29-89(a)(4).","Citywide :: Minimum 6 ft NAVD88 for seawalls, bulkheads, living shorelines and other shoreline protection on all tidally influenced and waterfront properties, except those fronting the Miami River and its tributaries. Sec. 29-89(a)(4). | The Miami River :: Minimum 4 ft NAVD88 for new walls fronting the river or its tributaries, designed and built so they can be raised incrementally by at least 2 ft through 2070. Sec. 29-89(a)(4). | The raise plan :: A permit application must be accompanied by a plan for incremental improvements through 2070, with modification details and load calculations showing the wall can be raised at least 2 ft. Sec. 29-89(a)(4). | When it applies :: New construction, or when substantial improvements to a property are performed. Sec. 29-89(a)(4). | The 50% trigger :: A repair covering 50% or more of the wall's length, costing 50% or more of a new wall, or changing the elevation along 50% or more of its length must meet the standard for the length of the property. Sec. 29-89(a)(5). | Built to hold water :: Walls must be substantially impermeable, stopping water flowing through or over them while still relieving hydrostatic pressure from the land side. Sec. 29-89(a)(2). | The variance route :: An owner can ask the city manager's designee for a variance, for example an alternative construction method where an existing building stops the wall being raised, or to keep safe boat dockage at a single-family home, provided tidal water is still kept off neighbours and the right-of-way. A denial can be appealed within 30 days to a four-director review committee. Sec. 29-89(a)(6). | The county layer still applies :: Miami-Dade RER-DERM permitting under Chapter 24 runs on top of the city permit, whatever the elevation.","City of Miami Code Ch. 29, Art. III, Sec. 29-89(a)(2), (4)-(6) (Ord. No. 13980, 3-25-21; Municode Supp. 24 Upd. 1); Miami-Dade County Code Ch. 24 (RER-DERM permitting)",2026-10,verified,Compliance,Miami-Dade,2,0
miami,seawall-permit,Seawall Permits in Miami,Do I need a permit to repair a seawall in Miami?,"Yes, plus DERM Class I",City of Miami building permit + county Class I,"Miami's code says no waterfront structure may be built, rebuilt or repaired without a Building Department permit, and the application must include the county's preliminary environmental approval. Most repairs also need a Miami-Dade DERM Class I permit, which the county requires for work in tidal waters in every city; sealing cracks and repairing pilasters are exempt. Repairs that reach the city's 50% substantial-repair threshold must meet its 6 ft NAVD88 minimum height (4 ft on the Miami River, built to be raised 2 ft).","City permit :: No waterfront improvement or structure may be constructed, reconstructed or repaired until a permit is obtained from the Building Department - Miami Code Sec. 29-83 | County approval first :: The application must include preliminary approval from the county's environmental permitting department (the code still uses its former name, PERA) and, unless shown not to be required, title to bay-bottom lands from the Internal Improvement Fund - Sec. 29-85 | Plans :: Owner-builder or licensed contractor; every job needs signed and sealed plans, a survey under one year old and a cost estimate backed by an executed contract; work of $5,000 or more also needs a top-of-wall survey with elevations no more than 10 ft apart - Sec. 29-84 | Height :: Minimum 6 ft NAVD88 (Miami River and tributaries: 4 ft NAVD88, built to be raised 2 ft) for new work and substantial improvements - Sec. 29-89(a)(4) | Substantial repair :: Repairs to 50% or more of the wall length, costing 50% or more of a new wall, or changing elevation along 50% or more of the length must meet current elevation and design standards for the length of the property - Sec. 29-89(a)(5) | Fees :: A repair permit costs $90 or 10% of the repair cost up to $525, whichever is greater; work done without a permit pays four times the fee - Sec. 29-86(b) | Duty to repair :: After a citation, the owner must start abating within 180 days, begin repairs within 18 months and finish within 24 months (12 and 18 months for walls designed to be raised); meeting the deadlines entitles the owner to full mitigation of fines - Sec. 29-95 | Hardship :: The city manager's designee may waive some or all city permit fees for an owner required to repair a failing seawall who shows extreme financial hardship - Sec. 29-83 | County Class I permit :: Miami-Dade DERM must issue a Class I permit before any work in, on, over or upon tidal waters anywhere in the county, including inside cities - County Code Sec. 24-48(1)(d) and 24-48.1(1)(a) | Short form :: Rebuilding or repairing a seawall at the mean high water line or no more than 18 inches waterward of the existing wall qualifies for a short-form application. It also qualifies where existing primary support piles stick out no more than 14 inches, if the new wall is no more than 18 inches waterward of those piles - Sec. 24-48.2(I)(A)(1) | Who decides :: A short-form application limited to seawalls is decided by the Department with no County Commission hearing. Most standard-form applications are now decided by the Director, apart from listed exceptions such as variances - Sec. 24-48.2(I)(B)(1)(iii)-(iv) and (II)(C)(1), as amended by Ord. 25-73 (1 July 2025) | County clock :: Ord. 25-73 Sec. 8 directs the County to issue a Completeness Summary within 10 calendar days of submission and a final decision on short-form seawall applications within 90 calendar days after that summary. The applicant may waive these limits in writing. The County Mayor reported the timeframes apply from 1 Dec 2025 (report to the Commission dated 17 Apr 2026) | No Class I needed :: Sealing cracks and spalls on the cap or face, repairing pilasters, backfilling behind the wall, and limited riprap or sand-cement bags at the toe (no more than 2 ft out) - Sec. 24-48(3)(b)-(f) | Quick approval instead :: Repairing or replacing the cap or the tieback system gets a written expedited administrative authorization, answered within 10 business days, if the contractor submits structurally approved plans from the building authority - Sec. 24-48(4)(f)-(g) | Not a substitute :: A county permit does not relieve the applicant from obtaining all required federal, state and local permits - Sec. 24-48.5(1) | State (FDEP) :: No state environmental permit is needed to restore a seawall at its previous location, upland of it, or within 18 inches waterward of it - Fla. Stat. 403.813(1)(e). The exemption does not cover permission to use state-owned submerged lands or local requirements - 403.813(1) | State-owned bottom :: Work over sovereign submerged lands still needs Board of Trustees permission even when the seawall work is exempt - Fla. Stat. 403.813(1) | Federal (Army Corps) :: A Department of the Army permit is required for structures or work in or affecting navigable waters, either under a nationwide or regional general permit or an individual permit - 33 CFR 322.3(a)","City of Miami Code Ch. 29 Art. III, Secs. 29-83 to 29-86, 29-89, 29-95; Miami-Dade County Code Ch. 24, Secs. 24-48, 24-48.1, 24-48.2, 24-48.5 (as amended by Ord. 25-73, 7-1-25); Ord. 25-73 Sec. 8 (Clerk's official file copy); Fla. Stat. 403.813(1) (2026); 33 CFR 322.3",2026-10,verified,Compliance,Miami-Dade,2,0
miami,flood-zone,Miami Flood Zone & Elevation Rules,"What flood zone is Miami in, and what does it require?",+1 ft above BFE,residential lowest floor freeboard,"The City of Miami requires residential lowest floors at the base flood elevation plus one foot of freeboard. It counts improvements over two years, and five years inside coastal high hazard areas, when testing the 50% substantial-improvement line.","Freeboard :: Residential new construction or substantial improvement: lowest floor at or above BFE (100-year flood) plus one foot of freeboard; nonresidential the same or dry floodproofed to that level - Sec. 20-4(a)-(b). | Substantial improvement :: Cumulative cost over a two-year period of 50% or more; the accumulation period in a coastal high hazard area is five years - Sec. 20-1. | Minimum finished grade :: Miami-Dade County flood criteria maps or the crown of the adjacent road, whichever is higher - Sec. 20-1. | Nonresidential option :: If a nonresidential lowest floor is below BFE, the building with its utility and sanitary facilities must be dry floodproofed to BFE (100-year flood) plus one foot - Sec. 20-4(b). | Permit plans :: Plans must include Miami-Dade County flood criteria, crown-of-road data, flood hazard area and BFE; as-built elevations are certified in NAVD 88 by a registered land surveyor or professional engineer - Sec. 20-3. | FEMA flood map :: FEMA's Community Status Book (report dated 3 Oct 2026) lists Miami as NFIP community 120650 with a current effective FIRM dated 11 Sep 2009. Zones are set parcel by parcel, so no single zone covers the whole city - check your own address. | NFIP history :: FEMA record: first FIRM 29 Sep 1972; regular NFIP program since 29 Sep 1972; entered CRS 1 Oct 1994. | Flood insurance discount :: CRS class 6 - 20% off NFIP premiums for policies in the Special Flood Hazard Area (class in effect 1 Oct 2022). | State minimum :: 2023 Florida Building Code, Residential R322.2.1 and R322.3.2 - lowest floor (A zones) or bottom of the lowest horizontal structural member (V and Coastal A zones) at BFE + 1 ft or the design flood elevation, whichever is higher. | Look up your zone :: Enter the address in FEMA's Flood Map Service Center (msc.fema.gov), the official public source for FIRMs; an elevation certificate shows how your floor compares with the BFE.","City of Miami Code of Ordinances Ch. 20 Flood Damage Prevention, Secs. 20-1, 20-4; FEMA Community Status Book, Florida (www.fema.gov/cis/FL.html, report 10/03/2026); 2023 Florida Building Code, Residential R322.2.1, R322.3.2; 44 CFR 59.1; FEMA Flood Map Service Center",2026-10,verified,Compliance,Miami-Dade,2,0
miami,dock-permit-size,Dock Permits & Size Limits in Miami,How big a dock can I build in Miami?,10 ft or 10% of waterway width,"whichever is less, by right; 65 ft into Biscayne Bay","Under Miami 21, a dock on a canal, river or other waterway may extend 10 ft or 10% of the waterway's width by right, whichever is less. Into Biscayne Bay a dock may reach 65 ft from the mean high-water line by right, up to 95 ft by Warrant when Miami-Dade environmental staff verify the need, and further only by Exception. Docks must stay 10 ft from abutting property and boats 5 ft.","Other waterways :: Up to 10 ft or 10% of the waterway width, whichever is less, by right; further extensions only by process of Exception - Miami 21 Art. 6, Table 13 (Docks and Piers) | Biscayne Bay :: Up to 65 ft from the mean high-water line by right; more than 65 ft but no more than 95 ft by Warrant when the extension is justified on environmental grounds as verified by Miami-Dade County's Department of Regulatory and Economic Resources (DERM); beyond that only by Exception - Art. 6, Table 13 | Setbacks :: Dock or pier at least 10 ft from any abutting property; vessels at least 5 ft - Art. 6, Table 13 | Residential zones :: Only recreational vessels may be docked or moored next to T3-R, T4-R, T5-R and T6-R property - Art. 6, Table 13 | Boat houses and slips :: A boat house may be no more than 20 ft wide, 40 ft long and 15 ft high; an inland boat slip no more than 35% of the waterfront setback - Art. 6, Table 13 | Approvals :: Docks and piers are subject to approval by the applicable agencies - Art. 6, Table 13 | Recent change :: Ordinance 14458 (23 April 2026) updated the supplemental regulations for boat slips, boat houses and docks/piers - Art. 6 amendment history | Miami-Dade County Class I permit :: Any work in, on, over or upon tidal waters or bay bottom anywhere in Miami-Dade County, cities included, needs a county Class I permit - County Code 24-48.1(1)(a). New boat slips at docks in tidal waters need at least 4 ft of water at mean low water; the depth rule does not apply to docks in bulkheaded artificial canals bordered by uplands on both sides, to lifts, davits and piles in slips at existing permitted docks, or to repair of existing legal docks with at least 3 ft of water - 24-48.3(3). A dock proposed beyond the boundaries in Sec. D-5(03)(2)(a) of the county Public Works Manual gets extra review factors - 24-48.3(1)(j) | State exemption :: A private, non-commercial dock on pilings with 1,000 sq ft or less of over-water surface (500 sq ft in Outstanding Florida Waters), and the only exempt dock along 65 ft of shoreline (or one per lot if the lot is narrower), needs no state environmental permit - Fla. Stat. 403.813(1)(b). The exemption does not grant permission to use state-owned submerged lands and does not override city or county rules - 403.813(1) | Federal :: Structures in navigable waters need a Department of the Army permit, general or individual - 33 CFR 322.3(a)","Miami 21 Zoning Code Article 6, Table 13 (T3 Sub-Urban zone rows; as amended by Ord. 14458, 4-23-2026), Gridics CodeHub; Miami-Dade County Code Secs. 24-48.1(1)(a), 24-48.3(1)(j),(3); Fla. Stat. 403.813(1)(b) (2026); 33 CFR 322.3(a)",2026-10,verified,Dock,Miami-Dade,2,0
miami,boat-lift-rules,Boat Lift Rules in Miami,What are the boat lift rules in Miami?,Allowed as part of a dock; davits over 3 tons banned,dock limits apply to the lift,"Under Miami 21 a boat lift is part of the dock, so it takes the dock's limits: on Biscayne Bay up to 65 feet from mean high water by right, and on other waterways 10 feet or 10% of the width, whichever is less. Docks must stay 10 feet from abutting property and boats 5 feet. Davits with more than a 3-ton capacity are prohibited.","Lift counts as dock :: A boat lift is a device that raises and lowers a boat and is a component of a dock or pier; docks include associated boat lifts and mooring piles - Miami 21 Art. 1, Sec. 1.2 (definitions) | Biscayne Bay :: Docks or piers up to 65 feet from the mean high water line by right; in T3 and T4 zones 65 to 95 feet by warrant when justified on environmental grounds verified by Miami-Dade County; beyond that by exception - Miami 21 Art. 6, Table 13 | Other waterways :: Up to 10 feet or 10% of the waterway width, whichever is less, by right; further only by exception - Art. 6, Table 13 | Setbacks :: Dock or pier at least 10 feet from any abutting property; vessels at least 5 feet - Art. 6, Table 13 | Prohibited :: Davits in excess of 3-ton capacity, commercial vessels, commercial boat ramps, and commercial hauling and fueling - Art. 6, Table 13 | Agency approval :: Docks and piers are subject to approval by applicable agencies - Art. 6, Table 13 | Not in the code :: No lift height, raised-boat height or canopy rule appears in the Miami 21 text reviewed | Miami-Dade County :: Any work in, on or over tidal waters needs a county permit from the Department (DERM). A single-family boat lift, davit or floating dock that protrudes no more than 25% of the waterway width may use the short-form application, as may installing a boat lift or davit on a dock, seawall or bulkhead - Miami-Dade Code Secs. 24-48(1)(d), 24-48.2(I)(A)(2), (8), (20). | State and federal :: Floating boat lifts and floating vessel platforms that meet s. 403.813(1)(s), F.S. (they float at all times, hold the vessel out of the water, and either sit inside a previously permitted slip or total no more than 500 sq ft - 200 sq ft in Outstanding Florida Waters - beside a qualifying dock or bulkhead) need no state permit; a local government may then ask only for a one-time registration unless the platform is attached to a bulkhead with no dock. Structures in navigable waters otherwise need Army Corps authorization unless exempt or under a general permit - 33 CFR 322.3(a).","City of Miami - Miami 21 Zoning Code Art. 1 Sec. 1.2 and Art. 6 Table 13 (Gridics rev. 17 Sep 2026); Miami-Dade Code Secs. 24-48, 24-48.2 (Supp. 136); s. 403.813(1)(s), F.S. (2026); 33 CFR 322.3(a)",2026-10,verified,Dock,Miami-Dade,2,0
miami,deck-requirements,Waterfront Deck Rules in Miami,What are the deck setback and railing rules in Miami?,,,,,,,not-started,Deck,Miami-Dade,2,0
miami,licensed-contractors,Checking a Marine Contractor in Miami,How do I check a marine contractor in Miami?,Registered to verify certification,documents by email; insurer sends certificates,"The City of Miami says contractors must be registered to verify their certification before building or renovating in the city. Registration is by email to the Building Department with a DBPR state licence, a business occupational licence or local business tax receipt, a driver's licence and the company's EIN, and insurance certificates must come directly from the insurance provider naming the City of Miami Building Department.","Documents :: State licence (DBPR), Business Occupational License or Local Business Tax Receipt, driver's licence, company EIN, company name, address, email and phone - Register as a Building Contractor page | Insurance :: Liability and workers' comp certificates sent directly by the insurer to eplanbuilding@miamigov.com, with the City of Miami Building Department as certificate holder | Portal :: iBuild, the city's building permit portal (miami.gov/Permits-Construction/iBuild-Portal-Link); questions 305-416-1100 | Contact :: Building Department phone 305-416-1180, fax 305-416-2158 | Keep records current :: To obtain a permit, all documents must be up to date, including the company name, email and phone number | Why it matters :: The city says contractor registration protects homeowners and the City from legal liability and ensures the structural integrity of its buildings | County licence :: Miami-Dade's Contractor Licensing Section in Regulatory and Economic Resources licenses contractors under County Code Ch. 10, with the Construction Trades Qualifying Board over licence scopes. The county Contractor Search takes a company name or licence number and also shows complaints - 786-315-2880 | No county marine card :: Miami-Dade's building-specialty licences (communications tower, demolition, drywall, precast erection, reinforcing steel, roofing, screen enclosure, structural steel, unit masonry, door, painting and waterproofing, gutters) have no marine, seawall or dock category, so check the state record | A tax number is not a licence :: The county lists a contractor showing only an occupational licence or business tax number as a warning sign | State licence :: Search the company and the qualifier on DBPR's Verify a Licensee (myfloridalicense.com). A licence number starting with C is a state certification valid anywhere in Florida; one starting with R is a registration, good only where the holder met local competency rules - F.S. 489.105(8),(10) and the DBPR licensing page | Who may build a seawall or dock :: A certified general contractor's scope is unlimited (489.105(3)(a)). The state also certifies five marine specialties: marine specialty, marine seawall work, marine bulkhead work, marine dock work and marine pile driving - Rule 61G4-15.100(1)(b)-(f) | Workers' comp :: In construction a single employee makes coverage mandatory (440.02(20)(b)2). Up to three officers or LLC members owning at least 10% may file exemptions (440.02(18)(b)2), and the exemption certificate itself says it is not a DBPR licence (440.05(4)). Check it on the DWC data portal's Coverage and Exemptions search (dwcdataportal.fldfs.com) | Recovery fund :: For contracts signed on or after 1 July 2024 the Homeowners' Construction Recovery Fund pays at most $100,000 per claim against a Division I contractor (general, building, residential) and $30,000 against a Division II contractor, which includes the marine specialties; the lifetime caps are $2 million and $600,000 per licensee - 489.143(3),(6). Nothing is paid if the contractor was unlicensed when you signed - 489.141(2)(d) - and residential contracts over $2,500 must print the fund notice - 489.1425 | Deposits :: A contractor who takes more than 10% up front on residential work must apply for permits within 30 days and start within 90 days of the permits issuing, unless you agreed to longer in writing - 489.126(2)(a) | Three-day cancel :: If the deal was a home solicitation sale over $25 - signed away from the seller's place of business and not the result of your own request for specific goods or services - you can cancel in writing until midnight of the third business day; Sundays and federal holidays don't count - 501.021, 501.025 | Business tax is not a licence :: A contractor pays business tax where its permanent office is, and no other city or county may levy a business tax or an equivalent registration fee for temporary work there - 205.065","City of Miami Register as a Building Contractor page; Miami-Dade RER Contractors & Building Trades, Building Specialty Licenses and Contractor Search pages; Warning Signs When Hiring Contractors page; F.S. 489.105, 489.126, 489.141, 489.1425, 489.143, 440.02, 440.05, 501.021, 501.025, 205.065 (2026); Fla. Admin. Code R. 61G4-15.100; DBPR Construction Industry page and Verify a Licensee; DFS Division of Workers' Compensation construction exemption page and data portal",2026-10,verified,Failing,Miami-Dade,2,0
miami,storm-prep,Storm Prep for Miami Waterfront Owners,What are the storm and debris rules in Miami?,Evacuate early,city marinas recommend leaving before a watch,"Miami's own marinas say city mooring facilities are not safe in tropical storms or hurricanes and recommend vessels leave before a hurricane watch or warning; if an owner does not, the Harbormaster may move or secure the boat and charge a fee. Licensees must keep a hurricane plan on file. Private seawalls must be kept in good repair, with 180 days to start abating after a citation.","City mooring facilities :: City mooring facilities are not safe locations for vessels during tropical storms or hurricanes; the city recommends vessels evacuate prior to a hurricane watch or warning. If a vessel is not removed before a storm, the city may remove it if reasonable or have the Harbormaster secure it, may charge a reasonable fee, and is not liable for storm damage - Code Sec. 50-16 | Hurricane plan on file :: Licensees at all city marinas and mooring facilities must file and maintain a plan with emergency contacts and the names of people authorized to secure the vessel in advance of a tropical storm or hurricane - Sec. 50-17 | Emergency vessel repairs :: Licensees consent to the dockmaster or harbormaster making emergency repairs (failed bilge, fuel or sewage pumps, leaks, chafed or broken lines); costs are billed to the owner, payable within 24 hours of return - Sec. 50-15 | Seawall repair clock :: Owners must keep seawalls and other shoreline protection in good repair; privately owned waterfront improvements are privately maintained even where they extend into public land. On citation: begin abating within 180 days by retaining a licensed contractor to apply for a permit, begin repairs within 18 months and finish within 24 months (12 and 18 months for walls designed to be raised); extensions in six-month increments - Sec. 29-95 | State law :: Private marinas may not require vessels to leave after a hurricane watch or warning, but may by contract remove or secure a vessel that is not promptly removed after a tropical storm or hurricane watch, for a reasonable fee - s. 327.59(1)-(3), Fla. Stat. (2026)","City of Miami Code of Ordinances Secs. 29-95, 50-15, 50-16, 50-17 (Municode); s. 327.59, Fla. Stat. (2026)",2026-10,verified,Failing,Miami-Dade,2,0
surfside,seawall-height-requirement,Surfside Seawall Height Requirement,How high does a seawall have to be in Surfside?,BFE,"FEMA base flood elevation, max town DFE","Surfside ties its seawall height to the FEMA flood map, not to a fixed number. Since Ordinance 23-1734 (14 March 2023), the top of a seawall on Biscayne Bay, Indian Creek or Point Lake must be at or above the base flood elevation on the FIRM, may not exceed the town's minimum design flood elevation, and must be built so at least two more feet can be added later. Code Sec. 90-63.4.","Minimum :: At or above the base flood elevation (BFE) on the applicable FEMA Flood Insurance Rate Map, for every seawall fronting Biscayne Bay, Indian Creek and Point Lake. Surfside Code Sec. 90-63.4. | Maximum :: No higher than the town's minimum design flood elevation (DFE), which the code puts at approximately plus 8.5 NAVD as of the 2023 ordinance. Sec. 90-63.4(a). | Built to go higher :: The wall must be structurally designed and built to take at least two feet of additional elevation for projected sea level rise. Sec. 90-63.4(b). | When it applies :: A new seawall; repairs or renovations costing more than 50% of a new seawall; a new home; or renovations to an existing home exceeding 50% of the home's fair market value. Sec. 90-63.4(c). | The house can trigger the wall :: Building a new home, or renovating one past half its value, brings the seawall under this rule even when nobody planned to touch the wall. Sec. 90-63.4(c)(iii)-(iv). | Mind the datum :: Your BFE is read from the FIRM in the datum the map states, and the DFE cap is given in NAVD. Take both from your survey and the map rather than converting by rule of thumb. | No county floor :: Miami-Dade sets no countywide elevation, so the town's rule is the one that governs. | The county still permits :: Miami-Dade RER-DERM review under Chapter 24 applies regardless of the town's elevation.","Town of Surfside Code of Ordinances Sec. 90-63 (90-63.1, 90-63.3, 90-63.4), as amended by Ord. No. 23-1734, Sec. 2, 3-14-23 (Municode); Miami-Dade County Code Ch. 24",2026-10,verified,Compliance,Miami-Dade,2,0
surfside,seawall-permit,Seawall Permits in Surfside,Do I need a permit to repair a seawall in Surfside?,"Yes, plus DERM Class I",town permit + county Class I,"Surfside makes it unlawful to build a bulkhead or seawall without a permit from the town manager or designee, and the wall must stay inside the bulkhead line. Most repairs also need a Miami-Dade DERM Class I permit, which the county requires for work in tidal waters in every city; sealing cracks and repairing pilasters are exempt. Repairs costing more than half the price of a new wall trigger the town's height rules.","Town permit :: Unlawful to construct or erect any bulkhead, sea wall or other shore protection work without a permit from the town manager or designee; applies on Indian Creek, Biscayne Bay, Point Lake and its north and south canals - Surfside Code Secs. 90-60.2(1), 90-60.3 | Wall rules :: Must stay within the bulkhead line, be precast or reinforced concrete, with top at or above FEMA base flood elevation - Sec. 90-60.2(2)(c) | Height :: Minimum FEMA base flood elevation, maximum the town design flood elevation, built so it can be raised 2 ft - Sec. 90-63.4 (Ord. 23-1734) | When height applies :: New walls, repairs costing over 50% of a new wall, new homes, and home renovations over 50% of market value - Sec. 90-63.4(c) | Plan approval :: All plans need approval of the town manager or designee before a permit is issued - Sec. 14-28(a) | Small repairs :: No permit for maintenance or repairs of $500 or less in labour and materials that do not change the structure's use or outside appearance - Sec. 14-28(b) | Sign-off :: Owner and contractor certify to the town manager that the wall was built to the permit - Sec. 90-60.5 | Wall strength :: Plans must show the wall deep enough to retain all fill on the landward side and heavy enough to withstand hurricanes, windstorms and high tides - Sec. 90-60.2(2)(c) | H30A lots :: Permit applications must include a certified survey showing where the Indian Creek or other regulated seawall line meets the side and street lot lines, with an engineer's or surveyor's certificate that all the work complies - Sec. 90-60.4 | County Class I permit :: Miami-Dade DERM must issue a Class I permit before any work in, on, over or upon tidal waters anywhere in the county, including inside cities - County Code Sec. 24-48(1)(d) and 24-48.1(1)(a) | Short form :: Rebuilding or repairing a seawall at the mean high water line or no more than 18 inches waterward of the existing wall qualifies for a short-form application. It also qualifies where existing primary support piles stick out no more than 14 inches, if the new wall is no more than 18 inches waterward of those piles - Sec. 24-48.2(I)(A)(1) | Who decides :: A short-form application limited to seawalls is decided by the Department with no County Commission hearing. Most standard-form applications are now decided by the Director, apart from listed exceptions such as variances - Sec. 24-48.2(I)(B)(1)(iii)-(iv) and (II)(C)(1), as amended by Ord. 25-73 (1 July 2025) | County clock :: Ord. 25-73 Sec. 8 directs the County to issue a Completeness Summary within 10 calendar days of submission and a final decision on short-form seawall applications within 90 calendar days after that summary. The applicant may waive these limits in writing. The County Mayor reported the timeframes apply from 1 Dec 2025 (report to the Commission dated 17 Apr 2026) | No Class I needed :: Sealing cracks and spalls on the cap or face, repairing pilasters, backfilling behind the wall, and limited riprap or sand-cement bags at the toe (no more than 2 ft out) - Sec. 24-48(3)(b)-(f) | Quick approval instead :: Repairing or replacing the cap or the tieback system gets a written expedited administrative authorization, answered within 10 business days, if the contractor submits structurally approved plans from the building authority - Sec. 24-48(4)(f)-(g) | Not a substitute :: A county permit does not relieve the applicant from obtaining all required federal, state and local permits - Sec. 24-48.5(1) | State (FDEP) :: No state environmental permit is needed to restore a seawall at its previous location, upland of it, or within 18 inches waterward of it - Fla. Stat. 403.813(1)(e). The exemption does not cover permission to use state-owned submerged lands or local requirements - 403.813(1) | State-owned bottom :: Work over sovereign submerged lands still needs Board of Trustees permission even when the seawall work is exempt - Fla. Stat. 403.813(1) | Federal (Army Corps) :: A Department of the Army permit is required for structures or work in or affecting navigable waters, either under a nationwide or regional general permit or an individual permit - 33 CFR 322.3(a)","Town of Surfside Code Secs. 90-60.2 to 90-60.5, 90-63.4, 14-28; Miami-Dade County Code Ch. 24, Secs. 24-48, 24-48.1, 24-48.2, 24-48.5 (as amended by Ord. 25-73, 7-1-25); Ord. 25-73 Sec. 8 (Clerk's official file copy); Fla. Stat. 403.813(1) (2026); 33 CFR 322.3",2026-10,verified,Compliance,Miami-Dade,2,0
surfside,flood-zone,Surfside Flood Zone & Elevation Rules,"What flood zone is Surfside in, and what does it require?",BFE +1 ft (state code),no extra town freeboard found,"Surfside's Chapter 42 counts improvements over five years: any combination of work in a five-year period reaching 50% of market value is a substantial improvement, with the clock running from the first improvement permitted after 9 September 2009. No extra freeboard number appears, so the Florida Building Code floor applies. That long tally means a kitchen remodel followed a few seasons later by a roof-and-window package can be judged together.","Substantial improvement :: Five-year cumulative period at 50%; accumulation begins with the first improvement permitted after September 9, 2009 - Secs. 42-9, 42-11. | Substantial damage :: 50 percent of market value - Sec. 42-9. | Where the rules sit :: Chapter 42 Floods of the Surfside Code of Ordinances, Part II. | How the five-year clock runs :: Accumulation starts when the first improvement or repair of each building or structure is permitted after September 9, 2009; once a structure has sustained substantial damage, any repair counts as substantial improvement - Sec. 42-11. | FEMA flood map :: FEMA's Community Status Book (report dated 3 Oct 2026) lists Surfside as NFIP community 120659 with a current effective FIRM dated 11 Sep 2009. Zones are set parcel by parcel, so no single zone covers the whole city - check your own address. | NFIP history :: FEMA record: first FIRM 29 Sep 1972; regular NFIP program since 29 Sep 1972; entered CRS 1 May 2016. | Flood insurance discount :: CRS class 6 - 20% off NFIP premiums for policies in the Special Flood Hazard Area (class in effect 1 Apr 2022). | State minimum :: 2023 Florida Building Code, Residential R322.2.1 and R322.3.2 - lowest floor (A zones) or bottom of the lowest horizontal structural member (V and Coastal A zones) at BFE + 1 ft or the design flood elevation, whichever is higher. | Look up your zone :: Enter the address in FEMA's Flood Map Service Center (msc.fema.gov), the official public source for FIRMs; an elevation certificate shows how your floor compares with the BFE.","Surfside Code of Ordinances Ch. 42 Floods, Secs. 42-9, 42-11; FEMA Community Status Book, Florida (www.fema.gov/cis/FL.html, report 10/03/2026); 2023 Florida Building Code, Residential R322.2.1, R322.3.2; 44 CFR 59.1; FEMA Flood Map Service Center",2026-10,verified,Compliance,Miami-Dade,2,0
surfside,dock-permit-size,Dock Permits & Size Limits in Surfside,How big a dock can I build in Surfside?,10% of waterway width or 10 ft,whichever is less on Point Lake and the canals,"Surfside sets dock reach by waterway. On Point Lake and the North and South Canals a dock, pier or mooring structure may project 10% of the waterway width or 10 ft, whichever is less. On Indian Creek the limit is 10% of the width up to 35 ft, and on Biscayne Bay up to 45 ft. The dock and a moored boat together must leave a 25 ft channel.","Point Lake, North and South Canals :: A marine structure may project no more than 10% of the adjacent waterway width or 10 ft, whichever is less - Town Code 90-57(3). For Lots 1-4, Block 23A and Lots 9-18, Block 27 of the Second Amended Plat of Normandy Beach on Point Lake, the limit is 10% of the lot's own water frontage or 10 ft - 90-57(2) | Indian Creek and Biscayne Bay :: 10% of the adjacent waterway width, up to 35 ft in Indian Creek (Lot 13, Block 26 and properties north along Biscaya or Bay Drive) and up to 45 ft in Biscayne Bay (Lot 14, Block 26 and properties east along Biscaya or 88th Street) - 90-57(4)a-b | Width :: Any part of a dock more than 15 ft from the seawall may be no wider than 8 ft; where county or state environmental staff will not allow more than 8 ft next to the seawall, a platform up to 30 ft wide and 15 ft deep may be built within 25 ft of the seawall - 90-57(4)c | Channel :: The dock and moored boat together may not narrow the waterway to less than a 25 ft channel anywhere along the lot's frontage - 90-57(5) | Setback :: At least 10 ft from the waterward extension of each property line - 90-57(6) | Two waterfronts :: A lot with water on two or more sides may build only on the side facing the widest waterway - 90-57(1) | Measuring :: Waterway width is the narrowest distance from the waterward side of the lot's seawall to the nearest land or seawall; projection is measured from the waterward side of the seawall - 90-57(8)-(9) | Neighbour notice :: Courtesy notice of the permit application by first-class mail, return receipt requested, to all owners within 300 ft; the building permit cannot issue until 15 days after proof of mailing reaches the town planner - 90-57(10) | Rebuilding :: Structures existing before 1 January 2026 may be rebuilt as previously permitted after total destruction - 90-57(7) | Miami-Dade County Class I permit :: Any work in, on, over or upon tidal waters or bay bottom anywhere in Miami-Dade County, cities included, needs a county Class I permit - County Code 24-48.1(1)(a). New boat slips at docks in tidal waters need at least 4 ft of water at mean low water; the depth rule does not apply to docks in bulkheaded artificial canals bordered by uplands on both sides, to lifts, davits and piles in slips at existing permitted docks, or to repair of existing legal docks with at least 3 ft of water - 24-48.3(3). A dock proposed beyond the boundaries in Sec. D-5(03)(2)(a) of the county Public Works Manual gets extra review factors - 24-48.3(1)(j) | State exemption :: A private, non-commercial dock on pilings with 1,000 sq ft or less of over-water surface (500 sq ft in Outstanding Florida Waters), and the only exempt dock along 65 ft of shoreline (or one per lot if the lot is narrower), needs no state environmental permit - Fla. Stat. 403.813(1)(b). The exemption does not grant permission to use state-owned submerged lands and does not override city or county rules - 403.813(1) | Federal :: Structures in navigable waters need a Department of the Army permit, general or individual - 33 CFR 322.3(a)","Town of Surfside Code Sec. 90-57 (through Ord. 26-1797, 1-13-26); Miami-Dade County Code Secs. 24-48.1(1)(a), 24-48.3(1)(j),(3); Fla. Stat. 403.813(1)(b) (2026); 33 CFR 322.3(a)",2026-10,verified,Dock,Miami-Dade,2,0
surfside,boat-lift-rules,Boat Lift Rules in Surfside,What are the boat lift rules in Surfside?,No lift-specific rule; marine structures 10 ft off side lines,"Indian Creek 35 ft, Bay 45 ft","Surfside's code does not mention boat lifts. Its rules cover 'marine structures' - a dock, pier or mooring structure - which must sit 10 feet from the waterward extension of every property line, may project only 10 feet or 10% on Point Lake and the North and South canals, and must leave a 25-foot channel with the moored boat. Before the permit issues, owners within 300 feet get mailed notice.","Scope :: Sec. 90-57 governs construction of a dock, pier or mooring structure, each called a marine structure; no section names boat lifts or davits (searched lift, davit, hoist) - Code Sec. 90-57 | Setback :: At least 10 feet from the waterward extension of any property line of the lot - Sec. 90-57(6) | Projection :: Point Lake (named lots): lesser of 10% of the lot's frontage or 10 feet; other Point Lake, North Canal and South Canal lots: lesser of 10% of the waterway or 10 feet; Indian Creek: 10% up to 35 feet; Biscayne Bay: 10% up to 45 feet - Sec. 90-57(2)-(4) | Channel :: No marine structure where the dock and moored vessel together would leave less than a 25-foot-wide channel - Sec. 90-57(5) | Two frontages :: Only on the side facing the widest waterway - Sec. 90-57(1) | Neighbour notice :: Courtesy notice by first-class mail, return receipt, to owners within 300 feet; no permit until 15 days after proof is filed with the town planner - Sec. 90-57(10) | Miami-Dade County :: Any work in, on or over tidal waters needs a county permit from the Department (DERM). A single-family boat lift, davit or floating dock that protrudes no more than 25% of the waterway width may use the short-form application, as may installing a boat lift or davit on a dock, seawall or bulkhead - Miami-Dade Code Secs. 24-48(1)(d), 24-48.2(I)(A)(2), (8), (20). | State and federal :: Floating boat lifts and floating vessel platforms that meet s. 403.813(1)(s), F.S. (they float at all times, hold the vessel out of the water, and either sit inside a previously permitted slip or total no more than 500 sq ft - 200 sq ft in Outstanding Florida Waters - beside a qualifying dock or bulkhead) need no state permit; a local government may then ask only for a one-time registration unless the platform is attached to a bulkhead with no dock. Structures in navigable waters otherwise need Army Corps authorization unless exempt or under a general permit - 33 CFR 322.3(a).","Town of Surfside Code of Ordinances Sec. 90-57 (Supp. 55; Ord. 26-1797); Miami-Dade Code Secs. 24-48, 24-48.2 (Supp. 136); s. 403.813(1)(s), F.S. (2026); 33 CFR 322.3(a)",2026-10,verified,Dock,Miami-Dade,2,0
surfside,deck-requirements,Waterfront Deck Rules in Surfside,What are the deck setback and railing rules in Surfside?,,,,,,,not-started,Deck,Miami-Dade,2,0
surfside,licensed-contractors,Checking a Marine Contractor in Surfside,How do I check a marine contractor in Surfside?,What you need to pull a permit,"licence, Town-named insurance, occupational licences","Surfside lists what a contractor must have to pull a permit: a copy of the state certified licence, an insurance certificate naming the Town of Surfside that covers the category of work plus workers' comp, an occupational licence from a permanent or branch office in Florida and a Metro-Dade County State Contractor's Certificate of Registration. A state comp exemption alone needs a notarised letter that no employees will do the work.","Dade-certified contractors :: County certificate of competency, state registration if required, a municipal contractors occupational licence, a Dade County occupational licence and the insurance certificate - About Building page | Same name everywhere :: All documents must be in the same company or individual name; electrical contractors need at least $500,000 of coverage | Corporate exemptions :: A corporation's exemption needs a letter that the person named on it is the only one actually doing the work | Portal :: Customer Self Service (CSS) portal, surfsidefl-energovpub.tylerhost.net; public records through JustFOIA (surfsidefl.justfoia.com) | Where to buy it :: The page says a municipal contractor's occupational licence may be purchased at 140 West Flagler Street, 1st floor; Town inspectors work part-time and are generally available by appointment | County licence :: Miami-Dade's Contractor Licensing Section in Regulatory and Economic Resources licenses contractors under County Code Ch. 10, with the Construction Trades Qualifying Board over licence scopes. The county Contractor Search takes a company name or licence number and also shows complaints - 786-315-2880 | No county marine card :: Miami-Dade's building-specialty licences (communications tower, demolition, drywall, precast erection, reinforcing steel, roofing, screen enclosure, structural steel, unit masonry, door, painting and waterproofing, gutters) have no marine, seawall or dock category, so check the state record | A tax number is not a licence :: The county lists a contractor showing only an occupational licence or business tax number as a warning sign | State licence :: Search the company and the qualifier on DBPR's Verify a Licensee (myfloridalicense.com). A licence number starting with C is a state certification valid anywhere in Florida; one starting with R is a registration, good only where the holder met local competency rules - F.S. 489.105(8),(10) and the DBPR licensing page | Who may build a seawall or dock :: A certified general contractor's scope is unlimited (489.105(3)(a)). The state also certifies five marine specialties: marine specialty, marine seawall work, marine bulkhead work, marine dock work and marine pile driving - Rule 61G4-15.100(1)(b)-(f) | Workers' comp :: In construction a single employee makes coverage mandatory (440.02(20)(b)2). Up to three officers or LLC members owning at least 10% may file exemptions (440.02(18)(b)2), and the exemption certificate itself says it is not a DBPR licence (440.05(4)). Check it on the DWC data portal's Coverage and Exemptions search (dwcdataportal.fldfs.com) | Recovery fund :: For contracts signed on or after 1 July 2024 the Homeowners' Construction Recovery Fund pays at most $100,000 per claim against a Division I contractor (general, building, residential) and $30,000 against a Division II contractor, which includes the marine specialties; the lifetime caps are $2 million and $600,000 per licensee - 489.143(3),(6). Nothing is paid if the contractor was unlicensed when you signed - 489.141(2)(d) - and residential contracts over $2,500 must print the fund notice - 489.1425 | Deposits :: A contractor who takes more than 10% up front on residential work must apply for permits within 30 days and start within 90 days of the permits issuing, unless you agreed to longer in writing - 489.126(2)(a) | Three-day cancel :: If the deal was a home solicitation sale over $25 - signed away from the seller's place of business and not the result of your own request for specific goods or services - you can cancel in writing until midnight of the third business day; Sundays and federal holidays don't count - 501.021, 501.025 | Business tax is not a licence :: A contractor pays business tax where its permanent office is, and no other city or county may levy a business tax or an equivalent registration fee for temporary work there - 205.065","Town of Surfside About Building page; Customer Self Service (CSS) portal page; Miami-Dade RER Contractors & Building Trades, Building Specialty Licenses and Contractor Search pages; Warning Signs When Hiring Contractors page; F.S. 489.105, 489.126, 489.141, 489.1425, 489.143, 440.02, 440.05, 501.021, 501.025, 205.065 (2026); Fla. Admin. Code R. 61G4-15.100; DBPR Construction Industry page and Verify a Licensee; DFS Division of Workers' Compensation construction exemption page and data portal",2026-10,verified,Failing,Miami-Dade,2,0
surfside,storm-prep,Storm Prep for Surfside Waterfront Owners,What are the storm and debris rules in Surfside?,Secure or remove,boats and trailers on a hurricane warning,"Surfside requires boats and boat trailers stored on lots in the H30A and H30B districts to be secured or removed immediately on a hurricane warning, and portable storage units to be removed. Construction sites - including single-family and duplex jobs - must be secured on a hurricane watch or tropical storm warning, and permitted emergency repairs may be done outside normal hours with after-the-fact approval.","Boats on lots :: Boats and boat trailers stored on any lot in the H30A or H30B districts shall be secured or removed immediately upon issuance of a hurricane warning by a recognized governmental agency - Code Sec. 90-65(k); boats may be parked only on a lot with a dwelling whose occupant owns them, and no major repairs or overhauls on the premises - Sec. 90-65(i)-(j) | Construction sites :: In the event a hurricane watch or tropical storm warning is issued, the owner and contractor of a construction site, including single-family or duplex construction, shall comply with Miami-Dade County Code Sec. 8-16 by securing the site, including removing or securing hazardous or loose objects - Sec. 14-104(b)(4) | Emergency repairs :: Emergency repairs which require a building permit are allowed as necessary outside regular construction hours, and must be approved after the fact by the town manager or designee - Sec. 14-32(2) | Storage pods :: All portable storage units shall be removed immediately upon the issuance of a hurricane warning by a recognized government agency - Sec. 90-53","Town of Surfside Code of Ordinances Secs. 14-32, 14-104, 90-53, 90-65 (Municode)",2026-10,verified,Failing,Miami-Dade,2,0
aventura,seawall-height-requirement,Aventura Seawall Height Requirement,How high does a seawall have to be in Aventura?,,,,,,,not-started,Compliance,Miami-Dade,2,0
aventura,seawall-permit,Seawall Permits in Aventura,Do I need a permit to repair a seawall in Aventura?,"Yes, plus DERM Class I",city building permit + county Class I,"Aventura has no seawall-specific section, but no development may start until the Building Division issues a permit, and work next to tidal waters needs county environmental approval first. Most repairs also need a Miami-Dade DERM Class I permit, which the county requires for work in tidal waters in every city; sealing cracks and repairing pilasters are exempt.","City permit :: No development until the Community Development Department's Building Division issues a building permit, and every other approval the land development regulations require must be obtained first - Aventura Code Sec. 31-81(a) | Application :: Must describe the land by legal description and address, state the value of the work, include plans and specifications and be attested by the applicant and the property owner; the Building Official checks it for compliance with the land development regulations, the City Code and the Florida Building Code - Sec. 31-81(b),(c) | Permit card :: Shows the owner, the contractor and the work being done, and stays posted in a conspicuous place at the front of the property during working hours, available to the Building Official on demand - Sec. 31-81(d) | County approval first :: Before any development permit next to tidal waters, the owner must obtain approval from Miami-Dade County environmental resources management - Sec. 31-236 | Coastal flood zones :: Seawalls in V and Coastal A zones need other agency authorisation and a design professional's analysis - Sec. 30-147(d) | After the work :: No fertilizer within 20 ft of the top of a seawall or of Biscayne Bay, canals and other surface waters - Sec. 30-224(a) | Small jobs :: A licensed contractor needs a permit for general maintenance over $500; the city asks for a notarized application signed by owner and contractor, proof of ownership and a job cost evaluation - Building Division Residential/Commercial Requirements | County Class I permit :: Miami-Dade DERM must issue a Class I permit before any work in, on, over or upon tidal waters anywhere in the county, including inside cities - County Code Sec. 24-48(1)(d) and 24-48.1(1)(a) | Short form :: Rebuilding or repairing a seawall at the mean high water line or no more than 18 inches waterward of the existing wall qualifies for a short-form application. It also qualifies where existing primary support piles stick out no more than 14 inches, if the new wall is no more than 18 inches waterward of those piles - Sec. 24-48.2(I)(A)(1) | Who decides :: A short-form application limited to seawalls is decided by the Department with no County Commission hearing. Most standard-form applications are now decided by the Director, apart from listed exceptions such as variances - Sec. 24-48.2(I)(B)(1)(iii)-(iv) and (II)(C)(1), as amended by Ord. 25-73 (1 July 2025) | County clock :: Ord. 25-73 Sec. 8 directs the County to issue a Completeness Summary within 10 calendar days of submission and a final decision on short-form seawall applications within 90 calendar days after that summary. The applicant may waive these limits in writing. The County Mayor reported the timeframes apply from 1 Dec 2025 (report to the Commission dated 17 Apr 2026) | No Class I needed :: Sealing cracks and spalls on the cap or face, repairing pilasters, backfilling behind the wall, and limited riprap or sand-cement bags at the toe (no more than 2 ft out) - Sec. 24-48(3)(b)-(f) | Quick approval instead :: Repairing or replacing the cap or the tieback system gets a written expedited administrative authorization, answered within 10 business days, if the contractor submits structurally approved plans from the building authority - Sec. 24-48(4)(f)-(g) | Not a substitute :: A county permit does not relieve the applicant from obtaining all required federal, state and local permits - Sec. 24-48.5(1) | State (FDEP) :: No state environmental permit is needed to restore a seawall at its previous location, upland of it, or within 18 inches waterward of it - Fla. Stat. 403.813(1)(e). The exemption does not cover permission to use state-owned submerged lands or local requirements - 403.813(1) | State-owned bottom :: Work over sovereign submerged lands still needs Board of Trustees permission even when the seawall work is exempt - Fla. Stat. 403.813(1) | Federal (Army Corps) :: A Department of the Army permit is required for structures or work in or affecting navigable waters, either under a nationwide or regional general permit or an individual permit - 33 CFR 322.3(a)","City of Aventura Code Secs. 31-81, 31-236, 30-147, 30-224; Building Division Residential/Commercial Requirements; Miami-Dade County Code Ch. 24, Secs. 24-48, 24-48.1, 24-48.2, 24-48.5 (as amended by Ord. 25-73, 7-1-25); Ord. 25-73 Sec. 8 (Clerk's official file copy); Fla. Stat. 403.813(1) (2026); 33 CFR 322.3",2026-10,verified,Compliance,Miami-Dade,2,0
aventura,flood-zone,Aventura Flood Zone & Elevation Rules,"What flood zone is Aventura in, and what does it require?",+1 ft or 18 in above crown,"lowest floor, whichever is higher","Aventura's land development rules put the lowest floor at least 1 foot above base flood elevation or 18 inches above the highest point of the adjacent road crown, whichever is higher. Its substantial-improvement test uses a 12-month window and the pre-destruction reconstruction value set by the Miami-Dade Property Appraiser.","Freeboard :: Residential and nonresidential lowest floor no lower than one foot above BFE or 18 in above the highest point of the adjacent road crown, whichever is higher - Sec. 31-232. | Substantial improvement :: Repair or improvement within any 12-month period costing 50% or more of the predestruction reconstruction value as determined by the Miami-Dade Property Appraiser - Sec. 31-21. | Floodproofing :: Structures in A zones may be flood-proofed instead of elevated if watertight below the required elevation - Sec. 31-232. | More trigger points :: $623,000 building value -> $311,500 trigger. | FEMA flood map :: FEMA's Community Status Book (report dated 3 Oct 2026) lists Aventura as NFIP community 120676 with a current effective FIRM dated 11 Sep 2009. Zones are set parcel by parcel, so no single zone covers the whole city - check your own address. | NFIP history :: FEMA record: first FIRM 30 Sep 1972; regular NFIP program since 22 Oct 1997; entered CRS 1 Oct 2000. | Flood insurance discount :: CRS class 6 - 20% off NFIP premiums for policies in the Special Flood Hazard Area (class in effect 1 Oct 2025). | State minimum :: 2023 Florida Building Code, Residential R322.2.1 and R322.3.2 - lowest floor (A zones) or bottom of the lowest horizontal structural member (V and Coastal A zones) at BFE + 1 ft or the design flood elevation, whichever is higher. | Look up your zone :: Enter the address in FEMA's Flood Map Service Center (msc.fema.gov), the official public source for FIRMs; an elevation certificate shows how your floor compares with the BFE.","Aventura Code of Ordinances Ch. 31 Land Development Regulations, Secs. 31-21, 31-232; FEMA Community Status Book, Florida (www.fema.gov/cis/FL.html, report 10/03/2026); 2023 Florida Building Code, Residential R322.2.1, R322.3.2; 44 CFR 59.1; FEMA Flood Map Service Center",2026-10,verified,Compliance,Miami-Dade,2,0
aventura,dock-permit-size,Dock Permits & Size Limits in Aventura,How big a dock can I build in Aventura?,15 ft onto public property,maximum; actual reach set case by case by waterway width,"Aventura leaves dock reach largely discretionary: there is no fixed length for private waterways. The Community Development Department sizes each dock case by case from the waterway's width, with a hard ceiling of 15 ft of protrusion onto public property. Miami-Dade County environmental staff and the drainage district must also sign off before construction.","Projection :: The amount a dock protrudes onto public property is at the discretion of the Community Development Department based on waterway width; in no case more than 15 ft - City Code 31-238(m) | Approvals :: Before construction, approval from the Community Development Department, Miami-Dade County Environmental Resource Management and the appropriate drainage district - 31-238(m) | Upkeep :: Docks must be kept in repair; a dock not properly built or maintained must be removed within 15 days of notice - 31-238(m) | Governing section :: Dock rules sit in City Code Ch. 31 (Land Development Regulations), Sec. 31-238(m); it sets no side setback, width or height figure for docks | Waterfront setback :: Separately, a 20 ft rear setback measured landward from the rear or waterfront line applies to buildings, principal and accessory alike; no building construction is allowed in it - City Code 31-238(l) | Miami-Dade County Class I permit :: Any work in, on, over or upon tidal waters or bay bottom anywhere in Miami-Dade County, cities included, needs a county Class I permit - County Code 24-48.1(1)(a). New boat slips at docks in tidal waters need at least 4 ft of water at mean low water; the depth rule does not apply to docks in bulkheaded artificial canals bordered by uplands on both sides, to lifts, davits and piles in slips at existing permitted docks, or to repair of existing legal docks with at least 3 ft of water - 24-48.3(3). A dock proposed beyond the boundaries in Sec. D-5(03)(2)(a) of the county Public Works Manual gets extra review factors - 24-48.3(1)(j) | State exemption :: A private, non-commercial dock on pilings with 1,000 sq ft or less of over-water surface (500 sq ft in Outstanding Florida Waters), and the only exempt dock along 65 ft of shoreline (or one per lot if the lot is narrower), needs no state environmental permit - Fla. Stat. 403.813(1)(b). The exemption does not grant permission to use state-owned submerged lands and does not override city or county rules - 403.813(1) | Federal :: Structures in navigable waters need a Department of the Army permit, general or individual - 33 CFR 322.3(a)","City of Aventura Code Sec. 31-238(m) (section history through Ord. 2017-07); Miami-Dade County Code Secs. 24-48.1(1)(a), 24-48.3(1)(j),(3); Fla. Stat. 403.813(1)(b) (2026); 33 CFR 322.3(a)",2026-10,verified,Dock,Miami-Dade,2,0
aventura,boat-lift-rules,Boat Lift Rules in Aventura,What are the boat lift rules in Aventura?,,,,,,,not-started,Dock,Miami-Dade,2,0
aventura,deck-requirements,Waterfront Deck Rules in Aventura,What are the deck setback and railing rules in Aventura?,,,,,,,not-started,Deck,Miami-Dade,2,0
aventura,licensed-contractors,Checking a Marine Contractor in Aventura,How do I check a marine contractor in Aventura?,Register every year,by 30 September; $35,"Aventura's code requires every contractor working in the city, or applying for a building permit there, to register annually with the Community Development Department - at business tax renewal or before the permit application - and to renew by 30 September (Sec. 14-62). The qualifier must appear in person unless the business has no principal place of business in Florida, and every building permit carries the qualifier's notarised signature.","Documents :: Certificate of competency; liability and workers' comp addressed to the City; if Miami-Dade licensed, both state and county registration, or the state certificate if state-certified; a local business tax receipt from the area of primary business - Sec. 14-62(1) | On the job :: If the department deems it necessary, the qualifier must appear at inspections and sign for all permits, or risk losing the privilege to contract in the city - Sec. 14-62(3) | Fee :: $35 a year, or as amended by resolution - Sec. 14-62(4) | Portal :: eTRAKiT, the Community Development Department Web Portal (etrakit.cityofaventura.com) - permits, business tax receipts and code cases; registered contractors get extra features | County licence :: Miami-Dade's Contractor Licensing Section in Regulatory and Economic Resources licenses contractors under County Code Ch. 10, with the Construction Trades Qualifying Board over licence scopes. The county Contractor Search takes a company name or licence number and also shows complaints - 786-315-2880 | No county marine card :: Miami-Dade's building-specialty licences (communications tower, demolition, drywall, precast erection, reinforcing steel, roofing, screen enclosure, structural steel, unit masonry, door, painting and waterproofing, gutters) have no marine, seawall or dock category, so check the state record | A tax number is not a licence :: The county lists a contractor showing only an occupational licence or business tax number as a warning sign | State licence :: Search the company and the qualifier on DBPR's Verify a Licensee (myfloridalicense.com). A licence number starting with C is a state certification valid anywhere in Florida; one starting with R is a registration, good only where the holder met local competency rules - F.S. 489.105(8),(10) and the DBPR licensing page | Who may build a seawall or dock :: A certified general contractor's scope is unlimited (489.105(3)(a)). The state also certifies five marine specialties: marine specialty, marine seawall work, marine bulkhead work, marine dock work and marine pile driving - Rule 61G4-15.100(1)(b)-(f) | Workers' comp :: In construction a single employee makes coverage mandatory (440.02(20)(b)2). Up to three officers or LLC members owning at least 10% may file exemptions (440.02(18)(b)2), and the exemption certificate itself says it is not a DBPR licence (440.05(4)). Check it on the DWC data portal's Coverage and Exemptions search (dwcdataportal.fldfs.com) | Recovery fund :: For contracts signed on or after 1 July 2024 the Homeowners' Construction Recovery Fund pays at most $100,000 per claim against a Division I contractor (general, building, residential) and $30,000 against a Division II contractor, which includes the marine specialties; the lifetime caps are $2 million and $600,000 per licensee - 489.143(3),(6). Nothing is paid if the contractor was unlicensed when you signed - 489.141(2)(d) - and residential contracts over $2,500 must print the fund notice - 489.1425 | Deposits :: A contractor who takes more than 10% up front on residential work must apply for permits within 30 days and start within 90 days of the permits issuing, unless you agreed to longer in writing - 489.126(2)(a) | Three-day cancel :: If the deal was a home solicitation sale over $25 - signed away from the seller's place of business and not the result of your own request for specific goods or services - you can cancel in writing until midnight of the third business day; Sundays and federal holidays don't count - 501.021, 501.025 | Business tax is not a licence :: A contractor pays business tax where its permanent office is, and no other city or county may levy a business tax or an equivalent registration fee for temporary work there - 205.065","City of Aventura Code Sec. 14-62; eTRAKiT Community Development Department Web Portal; Miami-Dade RER Contractors & Building Trades, Building Specialty Licenses and Contractor Search pages; Warning Signs When Hiring Contractors page; F.S. 489.105, 489.126, 489.141, 489.1425, 489.143, 440.02, 440.05, 501.021, 501.025, 205.065 (2026); Fla. Admin. Code R. 61G4-15.100; DBPR Construction Industry page and Verify a Licensee; DFS Division of Workers' Compensation construction exemption page and data portal",2026-10,verified,Failing,Miami-Dade,2,0
aventura,storm-prep,Storm Prep for Aventura Waterfront Owners,What are the storm and debris rules in Aventura?,Hurricane watch,construction sites must be secured,"Aventura's construction-site rules require the owner, occupant or user of a site to secure it once a hurricane watch is issued, following Miami-Dade County Code Sec. 8-16. 'Secure' is defined broadly: construction shacks, temporary toilets, roofing tile, building materials, trash, forms and temporary power poles fastened down or removed, and exposed glass protected with storm shutters.","What 'secure' means :: Fastening down or removing all hazardous objects such as construction shacks, temporary toilets, roofing tile, building materials, trash, forms, insecure structures and temporary electric service poles, and protecting exposed glass areas with storm shutters - Code Sec. 14-100(b)(2)a | When :: In the event a hurricane watch is issued by the United States Weather Bureau, the owner, occupant or user of a construction site shall comply with Miami-Dade County Code Sec. 8-16 by taking all steps necessary to secure the site - Sec. 14-100(f)(4) | Which sites :: Construction site includes all sites where new construction, remodeling or additions take place, other than interior work not visible from outside - Sec. 14-100(b)(1)",City of Aventura Code of Ordinances Sec. 14-100 (Municode),2026-10,verified,Failing,Miami-Dade,2,0
sunny-isles-beach,seawall-height-requirement,Sunny Isles Beach Seawall Height Requirement,How high does a seawall have to be in Sunny Isles Beach?,,,,,,,not-started,Compliance,Miami-Dade,2,0
sunny-isles-beach,seawall-permit,Seawall Permits in Sunny Isles Beach,Do I need a permit to repair a seawall in Sunny Isles Beach?,"Yes, plus DERM Class I",city building permit + county Class I,"Sunny Isles Beach has no seawall-specific code section, but no development may happen until the Building Department issues a building permit under the Florida Building Code. Most repairs also need a Miami-Dade DERM Class I permit, which the county requires for work in tidal waters in every city; sealing cracks and repairing pilasters are exempt.","City permit :: The city adopts the Florida Building Code; applications go on a Development Services Department form, and no development may occur until the Building Department issues a building permit - Sunny Isles Beach Code Sec. 265-20(A) | Issuance :: The Chief Building Official issues the permit only if the work meets all codes and any development orders tied to the project and all fees are paid; the permit card is posted at the front of the premises - Sec. 265-20(C)-(D) | Flood zones :: Development in a flood hazard area needs a permit from the Floodplain Administrator and the Building Official - Sec. 161-4(A) | Coastal zone V :: Seawalls and bulkheads allowed only with federal, state or local authorisation and a design professional's analysis showing no harmful diversion of floodwater or wave reflection - Sec. 161-17(G) | Outside agencies :: Building staff refer projects to outside agencies; Miami-Dade Fire and DERM are the two typically involved - city Building Permits page | Contractor tax :: The city's local business tax schedule lists seawall work under the engineering contractor category, $175 - Code Ch. 197 (schedule codified with Sec. 197-20) | County Class I permit :: Miami-Dade DERM must issue a Class I permit before any work in, on, over or upon tidal waters anywhere in the county, including inside cities - County Code Sec. 24-48(1)(d) and 24-48.1(1)(a) | Short form :: Rebuilding or repairing a seawall at the mean high water line or no more than 18 inches waterward of the existing wall qualifies for a short-form application. It also qualifies where existing primary support piles stick out no more than 14 inches, if the new wall is no more than 18 inches waterward of those piles - Sec. 24-48.2(I)(A)(1) | Who decides :: A short-form application limited to seawalls is decided by the Department with no County Commission hearing. Most standard-form applications are now decided by the Director, apart from listed exceptions such as variances - Sec. 24-48.2(I)(B)(1)(iii)-(iv) and (II)(C)(1), as amended by Ord. 25-73 (1 July 2025) | County clock :: Ord. 25-73 Sec. 8 directs the County to issue a Completeness Summary within 10 calendar days of submission and a final decision on short-form seawall applications within 90 calendar days after that summary. The applicant may waive these limits in writing. The County Mayor reported the timeframes apply from 1 Dec 2025 (report to the Commission dated 17 Apr 2026) | No Class I needed :: Sealing cracks and spalls on the cap or face, repairing pilasters, backfilling behind the wall, and limited riprap or sand-cement bags at the toe (no more than 2 ft out) - Sec. 24-48(3)(b)-(f) | Quick approval instead :: Repairing or replacing the cap or the tieback system gets a written expedited administrative authorization, answered within 10 business days, if the contractor submits structurally approved plans from the building authority - Sec. 24-48(4)(f)-(g) | Not a substitute :: A county permit does not relieve the applicant from obtaining all required federal, state and local permits - Sec. 24-48.5(1) | State (FDEP) :: No state environmental permit is needed to restore a seawall at its previous location, upland of it, or within 18 inches waterward of it - Fla. Stat. 403.813(1)(e). The exemption does not cover permission to use state-owned submerged lands or local requirements - 403.813(1) | State-owned bottom :: Work over sovereign submerged lands still needs Board of Trustees permission even when the seawall work is exempt - Fla. Stat. 403.813(1) | Federal (Army Corps) :: A Department of the Army permit is required for structures or work in or affecting navigable waters, either under a nationwide or regional general permit or an individual permit - 33 CFR 322.3(a)","City of Sunny Isles Beach Code Secs. 265-20, 161-4, 161-17, Ch. 197; Building Department Building Permits page; Miami-Dade County Code Ch. 24, Secs. 24-48, 24-48.1, 24-48.2, 24-48.5 (as amended by Ord. 25-73, 7-1-25); Ord. 25-73 Sec. 8 (Clerk's official file copy); Fla. Stat. 403.813(1) (2026); 33 CFR 322.3",2026-10,verified,Compliance,Miami-Dade,2,0
sunny-isles-beach,flood-zone,Sunny Isles Beach Flood Zone & Elevation Rules,"What flood zone is Sunny Isles Beach in, and what does it require?",BFE +1 ft (state code),no extra city freeboard found,"Sunny Isles Beach has the longest look-back among the Miami-Dade cities here: improvements are added up over ten years, counting from the first permit after 15 July 1999, when testing the 50% substantial-improvement line. No extra freeboard number appears, so the Florida Building Code floor applies. A decade-long window catches piecemeal upgrades that shorter look-backs would miss.","Substantial improvement :: Ten-year period, cumulative cost of 50% or more; accumulation begins with the first improvement permitted after July 15, 1999 - Sec. 161-10 and the Ch. 161 FBC amendment. | Where the rules sit :: Chapter 161 Flood Damage Prevention, in Part II of the Sunny Isles Beach code. | No-BFE areas :: Where no BFE is mapped, the floodplain administrator may specify a BFE two feet above the highest adjacent grade if there is no evidence of deeper flooding - Ch. 161. | FEMA flood map :: FEMA's Community Status Book (report dated 3 Oct 2026) lists Sunny Isles Beach as NFIP community 120688 with a current effective FIRM dated 11 Sep 2009. Zones are set parcel by parcel, so no single zone covers the whole city - check your own address. | NFIP history :: FEMA record: first FIRM 2 Mar 1994; regular NFIP program since 10 Sep 2003; entered CRS 1 Oct 2007. | Flood insurance discount :: CRS class 7 - 15% off NFIP premiums for policies in the Special Flood Hazard Area (class in effect 1 Oct 2026). | State minimum :: 2023 Florida Building Code, Residential R322.2.1 and R322.3.2 - lowest floor (A zones) or bottom of the lowest horizontal structural member (V and Coastal A zones) at BFE + 1 ft or the design flood elevation, whichever is higher. | Look up your zone :: Enter the address in FEMA's Flood Map Service Center (msc.fema.gov), the official public source for FIRMs; an elevation certificate shows how your floor compares with the BFE.","Sunny Isles Beach Code of Ordinances Ch. 161 Flood Damage Prevention, Sec. 161-10; FEMA Community Status Book, Florida (www.fema.gov/cis/FL.html, report 10/03/2026); 2023 Florida Building Code, Residential R322.2.1, R322.3.2; 44 CFR 59.1; FEMA Flood Map Service Center",2026-10,verified,Compliance,Miami-Dade,2,0
sunny-isles-beach,dock-permit-size,Dock Permits & Size Limits in Sunny Isles Beach,How big a dock can I build in Sunny Isles Beach?,20% of canal width,"or half the rear lot line, whichever is less; 5 ft wide max","In Sunny Isles Beach a pier or dock may protrude no more than 20% of the canal's width or half the length of the rear property line, whichever is less, and may be no wider than 5 ft - essentially a narrow walkway. It must sit in the middle half of the water frontage, at least 10 ft from each side line. On the Intracoastal or another waterway over 1,000 ft wide, up to 100 ft may be approved.","Projection :: Piers and docks may not protrude onto the public waterway more than 20% of the canal width or half the rear property line length, whichever is less - Zoning 265-45(M)(1) | Wide waterways :: On the Intracoastal or another waterway more than 1,000 ft wide, protrusion of no more than 100 ft may be approved, as shown in Attachment 6:13 - 265-45(M)(1) | Width :: No wider than 5 ft, and not beyond the triangle shown in Attachment 6:12 unless approved by Miami-Dade County's environmental resources manager - 265-45(M)(1) | Location :: In residential and commercial zoning, within the middle one-half of the water frontage, at least 10 ft from each side property line - 265-45(M)(1) | Navigation :: Protrusions, including boats, may not obstruct navigation or encroach on neighbours' rights - 265-45(M)(1) | Approvals :: Development Services Department, Miami-Dade County Environmental Resources Management, the drainage district and the U.S. Army Corps of Engineers; if the county and other agencies approve, the City approves the permit - 265-45(M)(1)-(2) | Definitions :: A pier or dock is a fixed platform extending from shore or bulkhead over the water; protrusion is anything beyond the bulkhead line - 265-45(M)(2) | Upkeep :: The owner must keep docks in a constant state of repair; a dock improperly constructed or maintained must be removed at the Development Services Department's direction within 15 days of receiving notice - 265-45(M)(1) | Navigation and neighbours :: Protrusions, including a moored vessel, may not obstruct navigation or encroach upon the riparian rights of adjacent owners - 265-45(M)(1) | Wording :: The code spells the waterway 'Intercoastal' and defines protrusion as any formation extending beyond the bulkhead line into the water - 265-45(M)(1)-(2) | Applies to :: Both residential and commercial zoning districts - 265-45(M)(2) | Diagrams :: The permitted triangle and the 100 ft Intracoastal protrusion are drawn in Attachments 6:12 and 6:13 of the zoning chapter - 265-45(M)(1) | Miami-Dade County Class I permit :: Any work in, on, over or upon tidal waters or bay bottom anywhere in Miami-Dade County, cities included, needs a county Class I permit - County Code 24-48.1(1)(a). New boat slips at docks in tidal waters need at least 4 ft of water at mean low water; the depth rule does not apply to docks in bulkheaded artificial canals bordered by uplands on both sides, to lifts, davits and piles in slips at existing permitted docks, or to repair of existing legal docks with at least 3 ft of water - 24-48.3(3). A dock proposed beyond the boundaries in Sec. D-5(03)(2)(a) of the county Public Works Manual gets extra review factors - 24-48.3(1)(j) | State exemption :: A private, non-commercial dock on pilings with 1,000 sq ft or less of over-water surface (500 sq ft in Outstanding Florida Waters), and the only exempt dock along 65 ft of shoreline (or one per lot if the lot is narrower), needs no state environmental permit - Fla. Stat. 403.813(1)(b). The exemption does not grant permission to use state-owned submerged lands and does not override city or county rules - 403.813(1) | Federal :: Structures in navigable waters need a Department of the Army permit, general or individual - 33 CFR 322.3(a)","City of Sunny Isles Beach Code Ch. 265 (Zoning) Sec. 265-45(M) (through Ord. 2021-562, 3-18-2021); Miami-Dade County Code Secs. 24-48.1(1)(a), 24-48.3(1)(j),(3); Fla. Stat. 403.813(1)(b) (2026); 33 CFR 322.3(a)",2026-10,verified,Dock,Miami-Dade,2,0
sunny-isles-beach,boat-lift-rules,Boat Lift Rules in Sunny Isles Beach,What are the boat lift rules in Sunny Isles Beach?,No lift-specific rule; docks 20% of canal,middle half of frontage,"Sunny Isles Beach has no boat lift section. Its dock rules place piers and docks in the middle half of the water frontage with 10 feet on each side, cap protrusion at 20% of the canal width or half the rear property line, whichever is less, and require Miami-Dade environmental and Army Corps approvals before the city issues the permit.","Not in the code :: No boat lift, davit or hoist rule (the only 'boat lift' search hit is a parking-lift standard) - Code Ch. 265 search | Placement :: Piers and docks within the middle one-half of the water frontage, at least 10 feet from each side property line - Code Sec. 265-45M(1) | Reach :: Protrusion may not exceed 20% of the canal width or half the rear property line length, whichever is less; on waterways over 1,000 feet wide up to 100 feet; outside the attachment triangle only with county approval - Sec. 265-45M(1) | Width :: Piers and docks no more than 5 feet wide - Sec. 265-45M(1) | Approvals :: Development Services Department, Miami-Dade environmental resources management and the drainage district, plus Army Corps approval - Sec. 265-45M(1)-(2) | Neighbours and navigation :: Protrusions, including the vessel, may not obstruct navigation or encroach on the rights of adjacent owners - Sec. 265-45M(1) | What counts :: A pier or dock is a fixed platform extending from shore or bulkhead over the water; protrusion means anything extending beyond the bulkhead line - Sec. 265-45M(2) | Wide water :: For waterways over 1,000 feet wide, protrusion up to 100 feet is approved as shown in Attachment 6:13 - Sec. 265-45M(1) | History :: The dock construction requirements were amended by Ord. 2010-355 (14 October 2010) and later ordinances through Ord. 2021-562 - Sec. 265-45M | Miami-Dade County :: Any work in, on or over tidal waters needs a county permit from the Department (DERM). A single-family boat lift, davit or floating dock that protrudes no more than 25% of the waterway width may use the short-form application, as may installing a boat lift or davit on a dock, seawall or bulkhead - Miami-Dade Code Secs. 24-48(1)(d), 24-48.2(I)(A)(2), (8), (20). | State and federal :: Floating boat lifts and floating vessel platforms that meet s. 403.813(1)(s), F.S. (they float at all times, hold the vessel out of the water, and either sit inside a previously permitted slip or total no more than 500 sq ft - 200 sq ft in Outstanding Florida Waters - beside a qualifying dock or bulkhead) need no state permit; a local government may then ask only for a one-time registration unless the platform is attached to a bulkhead with no dock. Structures in navigable waters otherwise need Army Corps authorization unless exempt or under a general permit - 33 CFR 322.3(a).","City of Sunny Isles Beach Code Sec. 265-45M (Supp. 43); Miami-Dade Code Secs. 24-48, 24-48.2 (Supp. 136); s. 403.813(1)(s), F.S. (2026); 33 CFR 322.3(a)",2026-10,verified,Dock,Miami-Dade,2,0
sunny-isles-beach,deck-requirements,Waterfront Deck Rules in Sunny Isles Beach,What are the deck setback and railing rules in Sunny Isles Beach?,,,,,,,not-started,Deck,Miami-Dade,2,0
sunny-isles-beach,licensed-contractors,Checking a Marine Contractor in Sunny Isles Beach,How do I check a marine contractor in Sunny Isles Beach?,"Annual registration, in person","$50; originals, no faxes","Sunny Isles Beach requires contractors working in the city, or applying for permits there, to register every year with the Building Department (Code Sec. 138-2, Ord. 2021-562), and its form says faxed licences are no longer accepted - originals must be brought in person. The $50 fee does not apply where F.S. 205.065 preempts it.","Miami-Dade contractors :: Certificate of competency (front and back), state registration if holding a master licence, liability and workers' comp addressed to the City of Sunny Isles Beach, the qualifier's driver's licence, and a notarised letter naming anyone authorised to pick up permits - Contractor Registration/Renewal Requirements | State contractors :: State licence, the same insurance certificates and the qualifier's driver's licence; every permit application needs the qualifier's notarised signature; renew by 30 September | Code :: Registration covers contractors performing work in the city or applying for permits; an agent appears in person with the certificate of competency and an occupational licence from the area of primary business - Sec. 138-2 | Portal :: Building Permits Online (SmartGov), ci-sunnyislesbeach-fl.smartgovcommunity.com; the city also posts a 'Hiring a Contractor? Know Before You Start' guide | Office :: Building Department, 18070 Collins Avenue, 3rd floor, 305-792-1705 | County licence :: Miami-Dade's Contractor Licensing Section in Regulatory and Economic Resources licenses contractors under County Code Ch. 10, with the Construction Trades Qualifying Board over licence scopes. The county Contractor Search takes a company name or licence number and also shows complaints - 786-315-2880 | No county marine card :: Miami-Dade's building-specialty licences (communications tower, demolition, drywall, precast erection, reinforcing steel, roofing, screen enclosure, structural steel, unit masonry, door, painting and waterproofing, gutters) have no marine, seawall or dock category, so check the state record | A tax number is not a licence :: The county lists a contractor showing only an occupational licence or business tax number as a warning sign | State licence :: Search the company and the qualifier on DBPR's Verify a Licensee (myfloridalicense.com). A licence number starting with C is a state certification valid anywhere in Florida; one starting with R is a registration, good only where the holder met local competency rules - F.S. 489.105(8),(10) and the DBPR licensing page | Who may build a seawall or dock :: A certified general contractor's scope is unlimited (489.105(3)(a)). The state also certifies five marine specialties: marine specialty, marine seawall work, marine bulkhead work, marine dock work and marine pile driving - Rule 61G4-15.100(1)(b)-(f) | Workers' comp :: In construction a single employee makes coverage mandatory (440.02(20)(b)2). Up to three officers or LLC members owning at least 10% may file exemptions (440.02(18)(b)2), and the exemption certificate itself says it is not a DBPR licence (440.05(4)). Check it on the DWC data portal's Coverage and Exemptions search (dwcdataportal.fldfs.com) | Recovery fund :: For contracts signed on or after 1 July 2024 the Homeowners' Construction Recovery Fund pays at most $100,000 per claim against a Division I contractor (general, building, residential) and $30,000 against a Division II contractor, which includes the marine specialties; the lifetime caps are $2 million and $600,000 per licensee - 489.143(3),(6). Nothing is paid if the contractor was unlicensed when you signed - 489.141(2)(d) - and residential contracts over $2,500 must print the fund notice - 489.1425 | Deposits :: A contractor who takes more than 10% up front on residential work must apply for permits within 30 days and start within 90 days of the permits issuing, unless you agreed to longer in writing - 489.126(2)(a) | Three-day cancel :: If the deal was a home solicitation sale over $25 - signed away from the seller's place of business and not the result of your own request for specific goods or services - you can cancel in writing until midnight of the third business day; Sundays and federal holidays don't count - 501.021, 501.025 | Business tax is not a licence :: A contractor pays business tax where its permanent office is, and no other city or county may levy a business tax or an equivalent registration fee for temporary work there - 205.065","City of Sunny Isles Beach Code Sec. 138-2; Contractor Registration/Renewal form; Building Permits page; Miami-Dade RER Contractors & Building Trades, Building Specialty Licenses and Contractor Search pages; Warning Signs When Hiring Contractors page; F.S. 489.105, 489.126, 489.141, 489.1425, 489.143, 440.02, 440.05, 501.021, 501.025, 205.065 (2026); Fla. Admin. Code R. 61G4-15.100; DBPR Construction Industry page and Verify a Licensee; DFS Division of Workers' Compensation construction exemption page and data portal",2026-10,verified,Failing,Miami-Dade,2,0
sunny-isles-beach,storm-prep,Storm Prep for Sunny Isles Beach Waterfront Owners,What are the storm and debris rules in Sunny Isles Beach?,$500,"fine for failing to secure, per city schedule","Sunny Isles Beach requires all construction materials, including roof tiles, on every project site to be secured or removed once a severe weather advisory is issued for any part of Miami-Dade County, or on the Building Official's order before a storm. The city's civil penalty schedule lists $500 for failing to secure buildings and equipment and $200 for failing to remove debris, equipment, materials or sheds.","Severe weather advisory :: Upon a severe weather advisory for any portion of Miami-Dade County, or as provided in the city's emergency plan, or on order of the Building Official in anticipation of a storm emergency, all construction materials, including roof tiles, on all project sites shall be secured and stored on-site or removed so no material can become a hazard in hurricane or tropical storm force winds - Code Sec. 135-2(J)(1) | Who is responsible :: The owner and contractor are responsible for removing or securing construction materials from the site - Sec. 135-2(J) | Fines :: Failure to secure buildings and equipment (County Code 8-16): $500.00; failure to remove debris, equipment, materials or sheds (County Code 8-14): $200.00 - city civil penalty schedule, Sec. 14-17 | Beach chairs :: Under the city's permit conditions, beach chairs and equipment must be removed immediately on a tropical storm warning or hurricane watch; in a declared state of emergency the City Manager may give at least eight hours' notice to remove them - Sec. 108-10 | Definition used :: The trigger is a severe weather advisory as defined in Sec. 8-16 of the Uniform Building Code of Miami Dade County, or an order of the Building Official in anticipation of a storm emergency - Sec. 135-2(J)","City of Sunny Isles Beach Code of Ordinances Secs. 14-17, 135-2 (Municode)",2026-10,verified,Failing,Miami-Dade,2,0
bay-harbor-islands,seawall-height-requirement,Bay Harbor Islands Seawall Height Requirement,How high does a seawall have to be in Bay Harbor Islands?,5.50,ft MSL (mean sea level); optional up to 6.0 ft MSL on listed bay-facing lots,"The top of any seawall cap must be at 5.50 ft above mean sea level. Certain lots facing Biscayne Bay wave action may choose to go up to 6.0 ft above MSL. The code uses MSL, not NAVD88 or NGVD29.","Required height :: Elevation at top of any seawall cap shall be 5.50 ft above MSL - Bay Harbor Islands Code Sec. 23-12(10)(c) | Optional higher cap :: Lots 11-29 Blk 2; Lots 1-4 Blk 3; Lots 1-5 Blk 4; Lots 29-95 Blk 23; Tracts C-F (PB 46 Pg 5) may elect 6.0 ft above MSL - Sec. 23-12(10)(c) | Approval :: No seawall may be erected, constructed or repaired without written Town approval - Sec. 23-12(10) | Design :: Designed and certified by a registered engineer, built by licensed contractor - Sec. 23-12(10)(d) | Older low walls :: Existing seawalls built another way may stay as non-conforming structures and may continue to be repaired; the town strongly encourages raising them to the subsection (c) height and removing failed tie-backs - Sec. 23-12(10)(h) | How it must be built :: Reinforced concrete with a cap beam on concrete pilings driven to bedrock; rip-rap cannot replace a seawall, and all existing tie-backs come out when a wall is replaced - Sec. 23-12(10)(g)","Bay Harbor Islands Code of Ordinances Sec. 23-12(10)(c), (d), (g), (h) (Municode Supp. 10 Upd. 2)",2026-10,verified,Compliance,Miami-Dade,2,0
bay-harbor-islands,seawall-permit,Seawall Permits in Bay Harbor Islands,Do I need a permit to repair a seawall in Bay Harbor Islands?,"Yes, plus DERM Class I",town building permit + written town approval + county Class I,"No seawall may be built or repaired in Bay Harbor Islands until the Town approves its location, design, materials and strength in writing, and the Town's permit list names seawall repairs. Most repairs also need a Miami-Dade DERM Class I permit, which the county requires for work in tidal waters in every city; sealing cracks and repairing pilasters are exempt.","Town approval :: No seawall shall be erected, constructed or repaired until the Town approves its location, design, materials and strength in writing - Bay Harbor Islands Code Sec. 23-12(10) | Building permit :: Permits are required for listed work that expressly includes seawall repairs; working without a required permit carries a fine of up to $250 a day, $500 a day for a repeat - Sec. 5-6(a),(d) | Height :: Seawall cap at 5.50 ft above mean sea level; listed bay-facing lots may go to 6.0 ft - Sec. 23-12(10)(c) | Construction :: Reinforced concrete with a cap beam on concrete piles driven to bedrock, at least 2 ft into the soil; rip-rap cannot replace a seawall, and old tie-backs must be removed when a wall is replaced - Sec. 23-12(10)(g) | Lot line :: No part of a seawall may extend past the lot line into the waterway; piles and cap beam may encroach only with town and agency approval - Sec. 23-12(10)(f) | Design :: Designed and certified by a registered engineer, built by a licensed contractor; final acceptance and bond release by the Town - Sec. 23-12(10)(d)-(e) | Existing low walls :: Nonconforming seawalls may continue to be repaired; raising them is encouraged, not required - Sec. 23-12(10)(h) | Failed walls :: Leaving a failed seawall unrepaired, or its rubble in place, is unlawful and a public nuisance - Sec. 23-12(11) | County Class I permit :: Miami-Dade DERM must issue a Class I permit before any work in, on, over or upon tidal waters anywhere in the county, including inside cities - County Code Sec. 24-48(1)(d) and 24-48.1(1)(a) | Short form :: Rebuilding or repairing a seawall at the mean high water line or no more than 18 inches waterward of the existing wall qualifies for a short-form application. It also qualifies where existing primary support piles stick out no more than 14 inches, if the new wall is no more than 18 inches waterward of those piles - Sec. 24-48.2(I)(A)(1) | Who decides :: A short-form application limited to seawalls is decided by the Department with no County Commission hearing. Most standard-form applications are now decided by the Director, apart from listed exceptions such as variances - Sec. 24-48.2(I)(B)(1)(iii)-(iv) and (II)(C)(1), as amended by Ord. 25-73 (1 July 2025) | County clock :: Ord. 25-73 Sec. 8 directs the County to issue a Completeness Summary within 10 calendar days of submission and a final decision on short-form seawall applications within 90 calendar days after that summary. The applicant may waive these limits in writing. The County Mayor reported the timeframes apply from 1 Dec 2025 (report to the Commission dated 17 Apr 2026) | No Class I needed :: Sealing cracks and spalls on the cap or face, repairing pilasters, backfilling behind the wall, and limited riprap or sand-cement bags at the toe (no more than 2 ft out) - Sec. 24-48(3)(b)-(f) | Quick approval instead :: Repairing or replacing the cap or the tieback system gets a written expedited administrative authorization, answered within 10 business days, if the contractor submits structurally approved plans from the building authority - Sec. 24-48(4)(f)-(g) | Not a substitute :: A county permit does not relieve the applicant from obtaining all required federal, state and local permits - Sec. 24-48.5(1) | State (FDEP) :: No state environmental permit is needed to restore a seawall at its previous location, upland of it, or within 18 inches waterward of it - Fla. Stat. 403.813(1)(e). The exemption does not cover permission to use state-owned submerged lands or local requirements - 403.813(1) | State-owned bottom :: Work over sovereign submerged lands still needs Board of Trustees permission even when the seawall work is exempt - Fla. Stat. 403.813(1) | Federal (Army Corps) :: A Department of the Army permit is required for structures or work in or affecting navigable waters, either under a nationwide or regional general permit or an individual permit - 33 CFR 322.3(a)","Town of Bay Harbor Islands Code Secs. 23-12(10)-(11), 5-6; Miami-Dade County Code Ch. 24, Secs. 24-48, 24-48.1, 24-48.2, 24-48.5 (as amended by Ord. 25-73, 7-1-25); Ord. 25-73 Sec. 8 (Clerk's official file copy); Fla. Stat. 403.813(1) (2026); 33 CFR 322.3",2026-10,verified,Compliance,Miami-Dade,2,0
bay-harbor-islands,flood-zone,Bay Harbor Islands Flood Zone & Elevation Rules,"What flood zone is Bay Harbor Islands in, and what does it require?",BFE +1 ft (state code),no extra town freeboard found,Bay Harbor Islands amended its flood chapter in August 2025 (Ord. No. 1131) and uses a 49% substantial-improvement and damage trigger. It bans manufactured homes and recreational vehicles and requires nonconversion agreements for enclosures below the required elevation.,"Substantial improvement / damage :: 49 percent of market value, no cumulative period - Sec. 7½-10, applied to FBC by Sec. 7½-11(b)(1). | Nonconversion agreements :: Required for enclosures below the required elevation and recorded before the certificate of occupancy - Sec. 7½-11(b)(2). | Critical facilities :: FBC minimum or the 500-year flood elevation plus one foot, whichever is higher - Sec. 7½-11(b)(3). | Manufactured homes and RVs :: Not permitted - Sec. 7½-11(c) (Ord. No. 1131, 8-13-2025). | More trigger points :: $457,000 building value -> $223,930 trigger; $718,000 -> $351,820. | FEMA flood map :: FEMA's Community Status Book (report dated 3 Oct 2026) lists Bay Harbor Islands as NFIP community 120637 with a current effective FIRM dated 11 Sep 2009. Zones are set parcel by parcel, so no single zone covers the whole city - check your own address. | NFIP history :: FEMA record: first FIRM 29 Sep 1972; regular NFIP program since 29 Sep 1972; entered CRS 1 Oct 1994. | Flood insurance discount :: CRS class 9 - 5% off NFIP premiums for policies in the Special Flood Hazard Area (class in effect 1 Apr 2023). | State minimum :: 2023 Florida Building Code, Residential R322.2.1 and R322.3.2 - lowest floor (A zones) or bottom of the lowest horizontal structural member (V and Coastal A zones) at BFE + 1 ft or the design flood elevation, whichever is higher. | Look up your zone :: Enter the address in FEMA's Flood Map Service Center (msc.fema.gov), the official public source for FIRMs; an elevation certificate shows how your floor compares with the BFE.","Bay Harbor Islands Code of Ordinances Ch. 7½ Flood Damage Prevention, Secs. 7½-10, 7½-11 (Ord. No. 1131); FEMA Community Status Book, Florida (www.fema.gov/cis/FL.html, report 10/03/2026); 2023 Florida Building Code, Residential R322.2.1, R322.3.2; 44 CFR 59.1; FEMA Flood Map Service Center",2026-10,verified,Compliance,Miami-Dade,2,0
bay-harbor-islands,dock-permit-size,Dock Permits & Size Limits in Bay Harbor Islands,How big a dock can I build in Bay Harbor Islands?,25 ft from the seawall cap,15 ft on the Bay Harbor Waterway between the islands,"In Bay Harbor Islands a dock may extend no more than 25 ft beyond the outside face of the seawall cap, or 15 ft on the Bay Harbor Waterway between the east and west islands. Any part of a dock more than 8 ft out may be only 4 ft wide, docks may not be covered, and every dock must stay 10 ft from the projected side lines. Going beyond these limits takes a Town Council variance backed by a county environmental assessment.","Projection :: No dock more than 25 ft beyond the outside face of the seawall cap - Town Code 23-12 (dock provisions, (a)(iii)). On the Bay Harbor Waterway between the east and west islands (Block 2 lots 1-12, Block 3 lots 1-32, Block 23 lots 1-28 and 96-104) no more than 15 ft - (a)(iv) | Width :: A dock extending more than 8 ft beyond the seawall cap may be no more than 4 ft wide, with no obstructions - (a)(v) | Side setback :: No part of a dock nearer than 10 ft to the projected side lines (the code's wording is 'the sidelines of the dock') - (a)(vii) | Height :: The deck may be no higher than the seawall cap (or a retaining wall attached to it), except that a yard deck's material carried across the cap may reach 6.5 ft above mean sea level; the dock surface must be at least 5 ft above mean sea level unless Miami-Dade DERM or the Army Corps approves otherwise - (a)(i),(xi) | Seawall loading :: No dock may bear on the seawall or cap unless a licensed engineer certifies the added load is within the seawall's design - (a)(ii) | No covers :: No boathouse, dock building or dock cover - (a), (a)(vi) | Boats :: On the Bay Harbor Waterway no part of a vessel may extend more than 30 ft beyond the seawall cap; the Town may regulate the size and type of boats moored along its waters - 23-12 | Lifts and davits :: At least 10 ft from the projected side lines, no more than 25 ft beyond the seawall cap, self-supporting with no attachment to the seawall, no canopy, plans approved in writing by the town manager - 23-12(b) | Mooring piles :: No more than 40 ft beyond the seawall cap (30 ft on the Bay Harbor Waterway) and at least 7.5 ft from the projected side lot lines - 23-12(8) | Approval and variances :: Plans approved in writing by the town manager; Miami-Dade DERM may require changes for Biscayne Bay and Bay Harbor Waterway conditions, and any departure needs a Town Council variance with a DERM environmental assessment - (a)(viii),(x) | Miami-Dade County Class I permit :: Any work in, on, over or upon tidal waters or bay bottom anywhere in Miami-Dade County, cities included, needs a county Class I permit - County Code 24-48.1(1)(a). New boat slips at docks in tidal waters need at least 4 ft of water at mean low water; the depth rule does not apply to docks in bulkheaded artificial canals bordered by uplands on both sides, to lifts, davits and piles in slips at existing permitted docks, or to repair of existing legal docks with at least 3 ft of water - 24-48.3(3). A dock proposed beyond the boundaries in Sec. D-5(03)(2)(a) of the county Public Works Manual gets extra review factors - 24-48.3(1)(j) | State exemption :: A private, non-commercial dock on pilings with 1,000 sq ft or less of over-water surface (500 sq ft in Outstanding Florida Waters), and the only exempt dock along 65 ft of shoreline (or one per lot if the lot is narrower), needs no state environmental permit - Fla. Stat. 403.813(1)(b). The exemption does not grant permission to use state-owned submerged lands and does not override city or county rules - 403.813(1) | Federal :: Structures in navigable waters need a Department of the Army permit, general or individual - 33 CFR 322.3(a)","Town of Bay Harbor Islands Code Ch. 23 (Zoning) Sec. 23-12; Miami-Dade County Code Secs. 24-48.1(1)(a), 24-48.3(1)(j),(3); Fla. Stat. 403.813(1)(b) (2026); 33 CFR 322.3(a)",2026-10,verified,Dock,Miami-Dade,2,0
bay-harbor-islands,boat-lift-rules,Boat Lift Rules in Bay Harbor Islands,What are the boat lift rules in Bay Harbor Islands?,Allowed; no cover or canopy,25 ft beyond seawall cap; 10 ft off side lines,"Bay Harbor Islands has a dedicated boat lift and davit rule. No part of a lift may extend more than 25 feet beyond the outside face of the seawall cap, the lift and the lifted boat must stay 10 feet from the projected side property lines, and the lift may not be fastened to or supported by the seawall. Covers and canopies are not permitted, and the town manager must approve the plans in writing.","Definition :: Any device used to raise or lower a boat or other water vehicle to or from the water surface - Code Sec. 23-12(6)(b)(i) | Side setback :: No part of the lift or davit, or of the watercraft on it, closer than 10 feet to the projected side property lines - Sec. 23-12(6)(b)(ii) | Reach :: No part of a boat lift or davit more than 25 feet beyond the outside face of the seawall cap - Sec. 23-12(6)(b)(iii) | Not on the seawall :: No attachment or fastening to the seawall or seawall cap; lifts and davits must be structurally self-supporting - Sec. 23-12(6)(b)(iv) | Covers :: No cover or canopy may be erected in connection with any boat lift or davit - Sec. 23-12(6)(b)(v) | Approval :: No boat lift or davit until the plans are approved in writing by the town manager - Sec. 23-12(6)(b)(vi) | Bay Harbor Waterway :: Docks between the east and west islands are limited to 15 feet and vessels to 30 feet beyond the seawall cap - Sec. 23-12(6)(a)(iv), (ix) | Miami-Dade County :: Any work in, on or over tidal waters needs a county permit from the Department (DERM). A single-family boat lift, davit or floating dock that protrudes no more than 25% of the waterway width may use the short-form application, as may installing a boat lift or davit on a dock, seawall or bulkhead - Miami-Dade Code Secs. 24-48(1)(d), 24-48.2(I)(A)(2), (8), (20). | State and federal :: Floating boat lifts and floating vessel platforms that meet s. 403.813(1)(s), F.S. (they float at all times, hold the vessel out of the water, and either sit inside a previously permitted slip or total no more than 500 sq ft - 200 sq ft in Outstanding Florida Waters - beside a qualifying dock or bulkhead) need no state permit; a local government may then ask only for a one-time registration unless the platform is attached to a bulkhead with no dock. Structures in navigable waters otherwise need Army Corps authorization unless exempt or under a general permit - 33 CFR 322.3(a).","Town of Bay Harbor Islands Code Sec. 23-12(6) (Supp. 10 Update 2); Miami-Dade Code Secs. 24-48, 24-48.2 (Supp. 136); s. 403.813(1)(s), F.S. (2026); 33 CFR 322.3(a)",2026-10,verified,Dock,Miami-Dade,2,0
bay-harbor-islands,deck-requirements,Waterfront Deck Rules in Bay Harbor Islands,What are the deck setback and railing rules in Bay Harbor Islands?,5 ft,from the seawall for water-side pools; pool decks 5 ft from side/rear lines,Bay Harbor Islands lets a pool sit on the water side of a waterfront lot only if it is no more than 2 ft above finish grade and at least 5 ft from the seawall. No dock or deck may bear on the seawall or its cap unless a licensed engineer certifies the loads.,"Water-side pools :: On waterfront lots, pools, hot tubs and spas on the side that abuts the water must not exceed 2 ft above finish grade and must not be closer than 5 ft to the seawall. Code Sec. 23-12. | Pool decks :: No part of a pool or spa deck closer than 5 ft to a side or rear lot line or in the minimum front setback; deck plans and a material sample need town manager or design review board approval. Sec. 23-12. | Loads on the seawall :: No dock or deck may bear weight on the seawall or seawall cap unless a licensed professional engineer presents vertical and lateral calculations. Dock decks may not be higher than the seawall cap, except up to 6.5 ft above mean sea level when deck material is carried across the cap. Sec. 23-12. | Open-air structures :: On West Island waterfront lots, canopies, thatched huts, cabanas and gazebos may come no closer than 5 ft to the lot line or the seawall, with design review approval. Sec. 23-12. | Views and grade :: Fences, walls and hedges in the rear setback to the seawall must be at least 75% see-through; finished grade may not be raised above base flood elevation. Front terraces max 2 ft above grade, railing max 3 ft above the terrace. Sec. 23-12. | Block 23 waterfront rear setbacks :: Lots 29-95: 40 ft from the outside bulkhead wall; Lots 1-28 and 96-104: 25 ft. Sec. 23-11. | Guards (state rule) :: Florida Building Code, Residential, 8th Edition (2023), Sec. R312.1.1-R312.1.3: a guard is required on open sides of a walking surface located more than 30 inches above the floor or grade below at any point within 24 inches of the open edge; it must be at least 36 inches high; openings must not let a 4-inch sphere pass. No local guard amendment was found in this city's code.","Town of Bay Harbor Islands Code Secs. 23-12, 23-11 (Supp. 10 Update 2); Florida Building Code, Residential, 8th Ed. (2023) R312.1.1-R312.1.3 (ICC Digital Codes)",2026-10,verified,Deck,Miami-Dade,2,0
bay-harbor-islands,licensed-contractors,Checking a Marine Contractor in Bay Harbor Islands,How do I check a marine contractor in Bay Harbor Islands?,Free registration,Citizenserve upload; insurer-sent certificates,"Bay Harbor Islands charges no registration fee, and contractors upload new registrations and licence or insurance updates in its Citizenserve portal. The Town wants a business tax receipt, a state licence, a certificate of competency, a Municipal Contractor's Tax Receipt and Town-named comp and liability certificates - and every insurance certificate must be emailed directly by the insurance company with a cover letter describing the trades covered.","Documents :: Business Tax Receipt, State of Florida licence, workers' comp or exemption with the Town's form, liability insurance (Town as certificate holder), certificate of competency, Municipal Contractor's Tax Receipt, and the qualifier's office, mobile and email - Contractor Registration page | Verification :: All qualifications are subject to verification before a permit is issued; county licence questions to Miami-Dade at 305-375-2568 | Portal :: Citizenserve (citizenserve.com/bhi); public records through JustFOIA (bayharborislandsfl.justfoia.com) | County licence :: Miami-Dade's Contractor Licensing Section in Regulatory and Economic Resources licenses contractors under County Code Ch. 10, with the Construction Trades Qualifying Board over licence scopes. The county Contractor Search takes a company name or licence number and also shows complaints - 786-315-2880 | No county marine card :: Miami-Dade's building-specialty licences (communications tower, demolition, drywall, precast erection, reinforcing steel, roofing, screen enclosure, structural steel, unit masonry, door, painting and waterproofing, gutters) have no marine, seawall or dock category, so check the state record | A tax number is not a licence :: The county lists a contractor showing only an occupational licence or business tax number as a warning sign | State licence :: Search the company and the qualifier on DBPR's Verify a Licensee (myfloridalicense.com). A licence number starting with C is a state certification valid anywhere in Florida; one starting with R is a registration, good only where the holder met local competency rules - F.S. 489.105(8),(10) and the DBPR licensing page | Who may build a seawall or dock :: A certified general contractor's scope is unlimited (489.105(3)(a)). The state also certifies five marine specialties: marine specialty, marine seawall work, marine bulkhead work, marine dock work and marine pile driving - Rule 61G4-15.100(1)(b)-(f) | Workers' comp :: In construction a single employee makes coverage mandatory (440.02(20)(b)2). Up to three officers or LLC members owning at least 10% may file exemptions (440.02(18)(b)2), and the exemption certificate itself says it is not a DBPR licence (440.05(4)). Check it on the DWC data portal's Coverage and Exemptions search (dwcdataportal.fldfs.com) | Recovery fund :: For contracts signed on or after 1 July 2024 the Homeowners' Construction Recovery Fund pays at most $100,000 per claim against a Division I contractor (general, building, residential) and $30,000 against a Division II contractor, which includes the marine specialties; the lifetime caps are $2 million and $600,000 per licensee - 489.143(3),(6). Nothing is paid if the contractor was unlicensed when you signed - 489.141(2)(d) - and residential contracts over $2,500 must print the fund notice - 489.1425 | Deposits :: A contractor who takes more than 10% up front on residential work must apply for permits within 30 days and start within 90 days of the permits issuing, unless you agreed to longer in writing - 489.126(2)(a) | Three-day cancel :: If the deal was a home solicitation sale over $25 - signed away from the seller's place of business and not the result of your own request for specific goods or services - you can cancel in writing until midnight of the third business day; Sundays and federal holidays don't count - 501.021, 501.025 | Business tax is not a licence :: A contractor pays business tax where its permanent office is, and no other city or county may levy a business tax or an equivalent registration fee for temporary work there - 205.065","Town of Bay Harbor Islands Contractor Registration page; Miami-Dade RER Contractors & Building Trades, Building Specialty Licenses and Contractor Search pages; Warning Signs When Hiring Contractors page; F.S. 489.105, 489.126, 489.141, 489.1425, 489.143, 440.02, 440.05, 501.021, 501.025, 205.065 (2026); Fla. Admin. Code R. 61G4-15.100; DBPR Construction Industry page and Verify a Licensee; DFS Division of Workers' Compensation construction exemption page and data portal",2026-10,verified,Failing,Miami-Dade,2,0
bay-harbor-islands,storm-prep,Storm Prep for Bay Harbor Islands Waterfront Owners,What are the storm and debris rules in Bay Harbor Islands?,3 hours,after a hurricane watch to empty dumpsters and clear yard debris,"Bay Harbor Islands gives landowners three hours after a hurricane watch is posted for Miami-Dade County to empty or cover dumpsters of construction debris and to remove or tie down yard debris and trash, and the rule stays in force until the all-clear. Yard waste may not be put out at all after a watch unless a private hauler collects it before the warning.","Three-hour rule :: The owner of any land shall empty or secure with a cover dumpsters containing construction debris and materials, and remove or tie and secure yard debris and other trash including tree trimmings, within three hours after notice of a Hurricane Watch has been posted for Miami-Dade County; the requirement remains until an 'all clear' is posted - Code Sec. 23-12(3) | Yard waste :: Once an official hurricane watch is issued, no person shall place yard waste on the public right-of-way or on private property unless the owner arranges for a private hauler to pick it up before a hurricane warning is issued - Sec. 24-16.10(15) | Job sites :: On a hurricane watch, the owner, occupant or user of a construction site must secure it under Miami-Dade County Code Sec. 8-16 - Sec. 5-5(j) | Civil liability :: The three-hour rule creates a civil liability in addition to other remedies - Sec. 23-12(3) | Power lines :: Landscaping must be kept so vegetative matter is no closer than five feet from any energized electric transmission or service line - Sec. 24-16.10(16)","Town of Bay Harbor Islands Code of Ordinances Secs. 5-5, 23-12, 24-16.10 (Municode)",2026-10,verified,Failing,Miami-Dade,2,0
bal-harbour,seawall-height-requirement,Bal Harbour Seawall Height Requirement,How high does a seawall have to be in Bal Harbour?,,,,,,,not-started,Compliance,Miami-Dade,2,0
bal-harbour,seawall-permit,Seawall Permits in Bal Harbour,Do I need a permit to repair a seawall in Bal Harbour?,"Yes, plus DERM Class I",village building permit + county Class I,"Bal Harbour requires a village permit to build or repair any structure, and its engineering fee schedule expressly covers bulkheads. Most repairs also need a Miami-Dade DERM Class I permit, which the county requires for work in tidal waters in every city; sealing cracks and repairing pilasters are exempt. Jobs under $500 in labour and materials are exempt from the village permit.","Village permit :: Unlawful to construct, alter or repair any building or structure, or part of one, without a village permit - Bal Harbour Code Sec. 6-26(a) | Small jobs :: No permit for general maintenance or repairs under $500 in labour and materials - Sec. 6-28 | Fees :: Engineering permit fees, which expressly cover bulkheads, are 2% of the first $1 million of construction value and 1% above that, minimum $150 - Sec. 6-36 | Beach bulkheads :: Rebuilding or repairing existing groins and bulkheads is allowed subject to all permitting requirements; new bulkheads seaward of the coastal construction control line are banned - Sec. 21-448 | Pools near the wall :: On Indian Creek and Biscayne Bay lots, pool work within 40 ft of a bulkhead needs engineer-sealed plans approved by the village - Sec. 21-353(b) | County review :: The Building Department runs concurrent review with Miami-Dade; applicants file the village application, the Miami-Dade municipal permit application and paper and electronic drawings, in person at Village Hall - village Building Permits page | Starting early :: A contractor or owner who starts work without a valid permit is charged $300 or a double permit fee, whichever is greater - Sec. 6-27 | Plan review fee :: A nonrefundable plans processing fee is paid when plans are submitted and credited to the permit if it issues within 180 days; after three submittals, each further resubmittal pays the full processing fee again - Sec. 6-30 | County Class I permit :: Miami-Dade DERM must issue a Class I permit before any work in, on, over or upon tidal waters anywhere in the county, including inside cities - County Code Sec. 24-48(1)(d) and 24-48.1(1)(a) | Short form :: Rebuilding or repairing a seawall at the mean high water line or no more than 18 inches waterward of the existing wall qualifies for a short-form application. It also qualifies where existing primary support piles stick out no more than 14 inches, if the new wall is no more than 18 inches waterward of those piles - Sec. 24-48.2(I)(A)(1) | Who decides :: A short-form application limited to seawalls is decided by the Department with no County Commission hearing. Most standard-form applications are now decided by the Director, apart from listed exceptions such as variances - Sec. 24-48.2(I)(B)(1)(iii)-(iv) and (II)(C)(1), as amended by Ord. 25-73 (1 July 2025) | County clock :: Ord. 25-73 Sec. 8 directs the County to issue a Completeness Summary within 10 calendar days of submission and a final decision on short-form seawall applications within 90 calendar days after that summary. The applicant may waive these limits in writing. The County Mayor reported the timeframes apply from 1 Dec 2025 (report to the Commission dated 17 Apr 2026) | No Class I needed :: Sealing cracks and spalls on the cap or face, repairing pilasters, backfilling behind the wall, and limited riprap or sand-cement bags at the toe (no more than 2 ft out) - Sec. 24-48(3)(b)-(f) | Quick approval instead :: Repairing or replacing the cap or the tieback system gets a written expedited administrative authorization, answered within 10 business days, if the contractor submits structurally approved plans from the building authority - Sec. 24-48(4)(f)-(g) | Not a substitute :: A county permit does not relieve the applicant from obtaining all required federal, state and local permits - Sec. 24-48.5(1) | State (FDEP) :: No state environmental permit is needed to restore a seawall at its previous location, upland of it, or within 18 inches waterward of it - Fla. Stat. 403.813(1)(e). The exemption does not cover permission to use state-owned submerged lands or local requirements - 403.813(1) | State-owned bottom :: Work over sovereign submerged lands still needs Board of Trustees permission even when the seawall work is exempt - Fla. Stat. 403.813(1) | Federal (Army Corps) :: A Department of the Army permit is required for structures or work in or affecting navigable waters, either under a nationwide or regional general permit or an individual permit - 33 CFR 322.3(a)","Bal Harbour Village Code Secs. 6-26 to 6-28, 6-30, 6-36, 21-353, 21-448; Building Department Building Permits page; Miami-Dade County Code Ch. 24, Secs. 24-48, 24-48.1, 24-48.2, 24-48.5 (as amended by Ord. 25-73, 7-1-25); Ord. 25-73 Sec. 8 (Clerk's official file copy); Fla. Stat. 403.813(1) (2026); 33 CFR 322.3",2026-10,verified,Compliance,Miami-Dade,2,0
bal-harbour,flood-zone,Bal Harbour Flood Zone & Elevation Rules,"What flood zone is Bal Harbour in, and what does it require?",BFE +1 ft (state code),no extra village freeboard,"Bal Harbour caps voluntary freeboard at whatever county, state or federal law requires and tells builders to follow the stricter of the state or federal elevation rule. It adds a FEMA Elevation Certificate to the required inspections and puts critical facilities at BFE + 2 ft.","Freeboard :: 'The Village's maximum voluntary freeboard is the amount required by applicable county, state, or federal law' - Sec. 8.5-2. | Elevation rule :: Buildings adhere to the stricter of the state or federal elevation requirement - Sec. 8.5-10(5). | Elevation certificate :: FEMA Elevation Certificate added to FBC Building Sec. 110.3 required inspections - Sec. 8.5-10(4). | Substantial improvement / damage :: 50 percent of market value, no cumulative period - Sec. 8.5-2. | More trigger points :: $851,000 building value -> $425,500 trigger. | FEMA flood map :: FEMA's Community Status Book (report dated 3 Oct 2026) lists Bal Harbour as NFIP community 120636 with a current effective FIRM dated 11 Sep 2009. Zones are set parcel by parcel, so no single zone covers the whole city - check your own address. | NFIP history :: FEMA record: first FIRM 29 Sep 1972; regular NFIP program since 29 Sep 1972; entered CRS 1 Oct 1996. | Flood insurance discount :: CRS class 8 - 10% off NFIP premiums for policies in the Special Flood Hazard Area (class in effect 1 May 2017). | State minimum :: 2023 Florida Building Code, Residential R322.2.1 and R322.3.2 - lowest floor (A zones) or bottom of the lowest horizontal structural member (V and Coastal A zones) at BFE + 1 ft or the design flood elevation, whichever is higher. | Look up your zone :: Enter the address in FEMA's Flood Map Service Center (msc.fema.gov), the official public source for FIRMs; an elevation certificate shows how your floor compares with the BFE.","Bal Harbour Code of Ordinances Ch. 8.5 Flood Damage Prevention, Secs. 8.5-2, 8.5-10 (Ord. No. 2020-627); FEMA Community Status Book, Florida (www.fema.gov/cis/FL.html, report 10/03/2026); 2023 Florida Building Code, Residential R322.2.1, R322.3.2; 44 CFR 59.1; FEMA Flood Map Service Center",2026-10,verified,Compliance,Miami-Dade,2,0
bal-harbour,dock-permit-size,Dock Permits & Size Limits in Bal Harbour,How big a dock can I build in Bal Harbour?,8 ft beyond the seawall,max; deck no higher than 3.5 ft above mean high tide,"Bal Harbour allows no dock, wharf or other structure to extend more than 8 ft beyond the seawall or rise more than 3.5 ft above mean high tide. Docks may not be covered, except by temporary boat awnings no higher than 8 ft above mean high tide. These limits do not apply in the Business (B) District.","Projection and height :: No dock, wharf or structure of any kind may extend more than 8 ft beyond the seawall or be higher than 3.5 ft above mean high tide - Village Code 21-359(a) | Covers :: No cover on a dock except temporary boat awnings no more than 8 ft above mean high tide - 21-359(a) | Business District :: The limits in 21-359(a) do not apply in the Business (B) District - 21-359(a) | Groins :: Ocean groins may reach no more than 300 ft seaward of the established ocean bulkhead line, with an engineer's certificate of compliance - 21-359(b) | Multi-slip docks :: New boat basins are prohibited; marinas and multi-slip docking facilities must reach water at least 4 ft deep at mean low tide, and dredging is limited to narrow launching channels or fixing existing basins - Village Code 21-436 | Where multi-slip docks may go :: Public marinas only in the Business (B) district; non-public marinas or multi-slip docks only in residential districts and only for residents, with parking, sewage pumpout, upland-only dry storage, a hurricane plan approved by the Emergency Management/Building Inspector and fuel-spill containment - 21-437 | Miami-Dade County Class I permit :: Any work in, on, over or upon tidal waters or bay bottom anywhere in Miami-Dade County, cities included, needs a county Class I permit - County Code 24-48.1(1)(a). New boat slips at docks in tidal waters need at least 4 ft of water at mean low water; the depth rule does not apply to docks in bulkheaded artificial canals bordered by uplands on both sides, to lifts, davits and piles in slips at existing permitted docks, or to repair of existing legal docks with at least 3 ft of water - 24-48.3(3). A dock proposed beyond the boundaries in Sec. D-5(03)(2)(a) of the county Public Works Manual gets extra review factors - 24-48.3(1)(j) | State exemption :: A private, non-commercial dock on pilings with 1,000 sq ft or less of over-water surface (500 sq ft in Outstanding Florida Waters), and the only exempt dock along 65 ft of shoreline (or one per lot if the lot is narrower), needs no state environmental permit - Fla. Stat. 403.813(1)(b). The exemption does not grant permission to use state-owned submerged lands and does not override city or county rules - 403.813(1) | Federal :: Structures in navigable waters need a Department of the Army permit, general or individual - 33 CFR 322.3(a)","Bal Harbour Village Code Ch. 21 (Zoning) Sec. 21-359 (Ord. 169, 6-29-74); Secs. 21-436, 21-437 (Ord. 356, 11-13-90); Miami-Dade County Code Secs. 24-48.1(1)(a), 24-48.3(1)(j),(3); Fla. Stat. 403.813(1)(b) (2026); 33 CFR 322.3(a)",2026-10,verified,Dock,Miami-Dade,2,0
bal-harbour,boat-lift-rules,Boat Lift Rules in Bal Harbour,What are the boat lift rules in Bal Harbour?,No lift-specific rule; structures 8 ft past seawall,"temporary awnings only, 8 ft max","Bal Harbour's code does not name boat lifts. Outside the Business district, no dock, wharf or structure of any kind may extend more than 8 feet beyond the seawall or rise more than 3.5 feet above mean high tide, and the only cover allowed with a dock is a temporary boat awning no more than 8 feet above mean high tide.","Reach and height :: No dock, wharf or structure of any kind more than 8 feet beyond the seawall or higher than 3.5 feet above mean high tide - Code Sec. 21-359(a) | Covers :: No cover with any dock except temporary boat awnings no more than 8 feet above mean high tide - Sec. 21-359(a) | Business district :: These limits do not apply in the Business (B) District - Sec. 21-359(a) | Not in the code :: No boat lift or davit wording found (searched lift, boat lift, davit, hoist) | Boat basins and marinas :: New boat basins are prohibited, and marinas or multi-slip docking facilities must use docks reaching water at least four feet deep at mean low tide - Code Sec. 21-436 | Engineering permit fee :: Docks are among the works charged the village engineering permit fee: minimum $150, 2.0% of construction value up to $1,000,000 and 1.0% above - Code Sec. 6-36 | Groins :: Groins may reach no more than 300 feet seaward of the ocean bulkhead line, and the contractor must file a registered engineer's certificate of compliance with the building inspector - Sec. 21-359(b) | History :: Sec. 21-359 comes from Ord. No. 169 (29 June 1974); Sec. 21-436 from Ord. No. 356 (13 November 1990) - Secs. 21-359, 21-436 | Miami-Dade County :: Any work in, on or over tidal waters needs a county permit from the Department (DERM). A single-family boat lift, davit or floating dock that protrudes no more than 25% of the waterway width may use the short-form application, as may installing a boat lift or davit on a dock, seawall or bulkhead - Miami-Dade Code Secs. 24-48(1)(d), 24-48.2(I)(A)(2), (8), (20). | State and federal :: Floating boat lifts and floating vessel platforms that meet s. 403.813(1)(s), F.S. (they float at all times, hold the vessel out of the water, and either sit inside a previously permitted slip or total no more than 500 sq ft - 200 sq ft in Outstanding Florida Waters - beside a qualifying dock or bulkhead) need no state permit; a local government may then ask only for a one-time registration unless the platform is attached to a bulkhead with no dock. Structures in navigable waters otherwise need Army Corps authorization unless exempt or under a general permit - 33 CFR 322.3(a).","Village of Bal Harbour Code Sec. 21-359 (Supp. 93; Ord. 169); Miami-Dade Code Secs. 24-48, 24-48.2 (Supp. 136); s. 403.813(1)(s), F.S. (2026); 33 CFR 322.3(a)",2026-10,verified,Dock,Miami-Dade,2,0
bal-harbour,deck-requirements,Waterfront Deck Rules in Bal Harbour,What are the deck setback and railing rules in Bal Harbour?,20 ft,pools from the outer face of the seawall (Indian Creek / Biscayne Bay lots),"On Bal Harbour lots fronting Indian Creek or Biscayne Bay, pools sit at least 20 ft from the outer face of the seawall, or farther if the tiebacks reach farther. Any pool work within 40 ft of a bulkhead needs engineer-sealed plans, pilings independent of the bulkhead, and a signed release and indemnification.","Waterfront pools :: In the R-1, RM-4, RM-5 and PC districts on lots fronting Indian Creek or Biscayne Bay, pools must be set back at least 20 ft from the outer face of the seawall, or the distance from the seawall face to the inner edge of the tieback, whichever is greater. Code Sec. 21-353(b)(1). | Bulkhead setback areas :: Pool construction within 40 ft of a bulkhead needs plans signed and sealed by a certified professional engineer; pools there must sit on pilings independent of the bulkhead pilings and not rely on soil for lateral support; a special inspector may be required; the owner signs a Release and Indemnification Agreement. Sec. 21-353(b)(2). | R-2 single-family :: 15 ft rear setback; pools at least 10 ft from rear and side setback lines; pool decks are not counted for setbacks; pools and decks screened by a 5 ft wall, fence or hedge. Sec. 21-127. | Special inspector :: The building official may require a registered architect or engineer as special inspector, who must attest by affidavit that the bulkhead's structural integrity was not harmed. Sec. 21-353(b)(2)b. | Guards (state rule) :: Florida Building Code, Residential, 8th Edition (2023), Sec. R312.1.1-R312.1.3: a guard is required on open sides of a walking surface located more than 30 inches above the floor or grade below at any point within 24 inches of the open edge; it must be at least 36 inches high; openings must not let a 4-inch sphere pass. No local guard amendment was found in this city's code.","Village of Bal Harbour Code Secs. 21-353, 21-127 (Supp. 93); Florida Building Code, Residential, 8th Ed. (2023) R312.1.1-R312.1.3 (ICC Digital Codes)",2026-10,verified,Deck,Miami-Dade,2,0
bal-harbour,licensed-contractors,Checking a Marine Contractor in Bal Harbour,How do I check a marine contractor in Bal Harbour?,Registered contractors only,login issued after the Village verifies,"In Bal Harbour the public can search active permits and view their status without an account, but contractors need a registered account to manage permits - they call the Building Department, which verifies that the contractor is registered before issuing a login. The Village's code makes it unlawful to carry on a business that needs a local business tax receipt without one (Sec. 9-28).","Contractor access :: Call the Building Department, 305-865-7525, for login details; eligibility is checked first - Building Department software announcement | Past permits :: Permit Management (eTRAKiT), balh-trk.aspgov.com/eTRAKiT - searchable without an account | Business tax :: Sec. 9-28 (Ord. 2019-625): no business requiring a local business tax receipt may operate without one, and false applications are unlawful | County licence :: Miami-Dade's Contractor Licensing Section in Regulatory and Economic Resources licenses contractors under County Code Ch. 10, with the Construction Trades Qualifying Board over licence scopes. The county Contractor Search takes a company name or licence number and also shows complaints - 786-315-2880 | No county marine card :: Miami-Dade's building-specialty licences (communications tower, demolition, drywall, precast erection, reinforcing steel, roofing, screen enclosure, structural steel, unit masonry, door, painting and waterproofing, gutters) have no marine, seawall or dock category, so check the state record | A tax number is not a licence :: The county lists a contractor showing only an occupational licence or business tax number as a warning sign | State licence :: Search the company and the qualifier on DBPR's Verify a Licensee (myfloridalicense.com). A licence number starting with C is a state certification valid anywhere in Florida; one starting with R is a registration, good only where the holder met local competency rules - F.S. 489.105(8),(10) and the DBPR licensing page | Who may build a seawall or dock :: A certified general contractor's scope is unlimited (489.105(3)(a)). The state also certifies five marine specialties: marine specialty, marine seawall work, marine bulkhead work, marine dock work and marine pile driving - Rule 61G4-15.100(1)(b)-(f) | Workers' comp :: In construction a single employee makes coverage mandatory (440.02(20)(b)2). Up to three officers or LLC members owning at least 10% may file exemptions (440.02(18)(b)2), and the exemption certificate itself says it is not a DBPR licence (440.05(4)). Check it on the DWC data portal's Coverage and Exemptions search (dwcdataportal.fldfs.com) | Recovery fund :: For contracts signed on or after 1 July 2024 the Homeowners' Construction Recovery Fund pays at most $100,000 per claim against a Division I contractor (general, building, residential) and $30,000 against a Division II contractor, which includes the marine specialties; the lifetime caps are $2 million and $600,000 per licensee - 489.143(3),(6). Nothing is paid if the contractor was unlicensed when you signed - 489.141(2)(d) - and residential contracts over $2,500 must print the fund notice - 489.1425 | Deposits :: A contractor who takes more than 10% up front on residential work must apply for permits within 30 days and start within 90 days of the permits issuing, unless you agreed to longer in writing - 489.126(2)(a) | Three-day cancel :: If the deal was a home solicitation sale over $25 - signed away from the seller's place of business and not the result of your own request for specific goods or services - you can cancel in writing until midnight of the third business day; Sundays and federal holidays don't count - 501.021, 501.025 | Business tax is not a licence :: A contractor pays business tax where its permanent office is, and no other city or county may levy a business tax or an equivalent registration fee for temporary work there - 205.065","Village of Bal Harbour 'Building Department Launches New Building Permit Management Software'; Code Sec. 9-28; Miami-Dade RER Contractors & Building Trades, Building Specialty Licenses and Contractor Search pages; Warning Signs When Hiring Contractors page; F.S. 489.105, 489.126, 489.141, 489.1425, 489.143, 440.02, 440.05, 501.021, 501.025, 205.065 (2026); Fla. Admin. Code R. 61G4-15.100; DBPR Construction Industry page and Verify a Licensee; DFS Division of Workers' Compensation construction exemption page and data portal",2026-10,verified,Failing,Miami-Dade,2,0
bal-harbour,storm-prep,Storm Prep for Bal Harbour Waterfront Owners,What are the storm and debris rules in Bal Harbour?,Hurricane plan,required of marinas and multi-slip docks,"Bal Harbour requires new marinas and multi-slip docking facilities to prepare hurricane plans approved by the Emergency Management/Building Inspector. On a tropical storm watch or hurricane watch, construction-site owners, occupants and users - and property owners under the property maintenance standards - must secure loose or hazardous objects under Miami-Dade County Code Sec. 8-16.","Marinas and multi-slip docks :: Marinas and multi-slip docking facilities shall prepare hurricane plans describing measures to minimize damage to marina sites, neighbouring properties and the environment, reviewed and approved by the Emergency Management/Building Inspector - Code Sec. 21-437(5) | Job sites :: If a tropical storm watch or hurricane watch is issued, the owner, occupant or user of a construction site shall secure it under Miami-Dade County Code Sec. 8-16, including removal or securing of objects that could become hazardous or loose - Sec. 6-202(e) | Property owners :: The same watch triggers an emergency-plan duty on the property owner under the property maintenance standards - Sec. 6-201(e)","Village of Bal Harbour Code of Ordinances Secs. 6-201, 6-202, 21-437 (Municode)",2026-10,verified,Failing,Miami-Dade,2,0
west-palm-beach,seawall-height-requirement,West Palm Beach Seawall Height Requirement,How high does a seawall have to be in West Palm Beach?,No minimum,set in local code,"West Palm Beach's zoning code sets no minimum or maximum seawall height. Its shoreline rules cover where walls go and require riprap or vegetation with replacement bulkheads, not elevation.","Minimum :: None set - Ch. 94 Sec. 94-378(b) Shoreline stabilization covers hardening only | Replacement bulkheads :: Must consist of or include sloping rip-rap or permeable materials together with vegetation - Sec. 94-378(b)(4) | Docks vs. seawall :: No portion of a dock may extend above the top of the bulkhead it is attached to - Sec. 94-313 | Setback :: Residential structures on tidal waterfront lots sit at least 25 ft back from the mean high water mark, reduced to 15 ft where a seawall exists on or behind that mark - Sec. 94-305(c)(2) | Hardening is a last resort :: Seawalls and other hardening may be used only where erosion threatens life and property and vegetation has already failed to stabilize the shoreline - Sec. 94-378(b)(3) | Lake Worth circulation :: No new dock or other structure may be approved that would constrict water circulation in Lake Worth. One dock per lot, with dated written approval from DEP, the Army Corps and/or SFWMD at permit - Sec. 94-378(a)(2), 94-313","City of West Palm Beach Code, Ch. 94 Zoning and Land Development Regulations (enCodePlus), Secs. 94-378, 94-313, 94-305",2026-10,verified,Compliance,Palm Beach,2,0
west-palm-beach,seawall-permit,Seawall Permits in West Palm Beach,Do I need a permit to repair a seawall in West Palm Beach?,Yes,building permit,"Yes. West Palm Beach's building code chapter recognizes the Florida Building Code, which governs repair as well as construction of structures. City shoreline rules allow hardening only where erosion threatens life and property and vegetation has failed, and a replacement bulkhead must include sloping riprap or permeable material with vegetation.","City :: The Florida Building Code governs the 'design, construction, erection, alteration, modification, repair, and demolition' of buildings and structures - Sec. 18-31 | Hardening :: Shoreline hardening structures may be used only if erosion is a threat to life and property and vegetation has failed to stabilize the shoreline - Sec. 94-378(b)(3) | Replacement design :: 'New shoreline hardening structures or replacement of any existing bulkheads shall consist of or include sloping structures of rip-rap or permeable materials combined with vegetation' - Sec. 94-378(b)(4) | Flood zone V :: Seawalls only if also authorized by the appropriate federal, state or local authority, with a design-professional analysis - Sec. 18-296(g) | Habitat :: A coastal-area development may cause no net loss of marine or terrestrial habitat or native shoreline vegetation, and natural shoreline without wetland plants must be planted with them - Sec. 94-378(b)(1)-(2); no new structure may constrict water circulation in Lake Worth - Sec. 94-378(a)(2) | State (FDEP) :: Restoring a seawall in place or up to 18 in. waterward can be exempt from an Environmental Resource Permit where it was damaged within the last year by a discrete event or needs only minimal backfilling, and any chapter 161 permits are obtained (s. 403.813(1)(e) F.S.; r. 62-330.051(12)(b) F.A.C.); batter piles, king piles or a cap used only to stabilize and repair a wall are also exempt (r. 62-330.051(12)(d)) | State-owned bottom :: Exempt work on sovereign submerged land still needs separate authorization under chs. 253 and 258 F.S., which the Board of Trustees grants by rule for many exempt activities (r. 62-330.051 intro; r. 18-21.005(1)(b) F.A.C.) | County :: Palm Beach County ERM's Permitting and Regulation page lists no seawall or shoreline permit program among its topics (PBC ERM Permitting and Regulation page) | Small-job exemption :: The state's under-$7,500 single-family permit exemption does not cover structural work or property in a flood hazard area (s. 553.79(1)(g)2. F.S.) | Federal :: A U.S. Army Corps of Engineers (Department of the Army) authorization is required for structures or work in or affecting navigable waters, unless exempt or covered by a nationwide or regional general permit - 33 CFR 322.3(a) (Rivers and Harbors Act s. 10)","City of West Palm Beach Code Ch. 18 Secs. 18-31, 18-296; Ch. 94 Sec. 94-378 (enCodePlus); s. 403.813(1)(e), 161.053, 553.79 F.S. (2026); r. 62-330.051, 18-21.005 F.A.C.; 33 CFR 322.3(a); PBC ERM Permitting and Regulation page",2026-10,verified,Compliance,Palm Beach,2,0
west-palm-beach,flood-zone,West Palm Beach Flood Zone & Elevation Rules,"What flood zone is West Palm Beach in, and what does it require?",+2 ft above BFE,"or 6 in above road crown / DFE, whichever higher","West Palm Beach requires buildings and homes in flood hazard areas at base flood elevation plus 2 feet, 6 inches above the nearest road crown, or the design flood elevation, whichever is higher, and 6 inches above the road crown in Zone X. It counts improvements over any five-year period.","Freeboard :: Buildings and 1-2 family dwellings/townhouses in flood hazard areas: BFE plus two feet, six inches above the nearest crown of road, or the design flood elevation, whichever is higher (buildings also ASCE 24) - Sec. 18-33(b)(1)-(2). | Zone X :: At or above six inches above the nearest crown of road - Sec. 18-33(b)(3). | Manufactured homes :: Not less than two feet above BFE - Sec. 18-293. | Substantial improvement :: Cumulative cost in any five year period of 50% or more of market value - Sec. 18-289. | Enclosures :: Enclosed areas below the required elevation of homes and townhouses in flood hazard areas may not be partitioned or finished into rooms - Sec. 18-33(c). | Amendment history :: Floodplain sections amended by Ord. No. 4729-17 (14 Sep 2017), Ord. No. 4966-21 (20 Sep 2021) and Ord. No. 5116-24 (24 Nov 2024). | More trigger points :: $463,000 building value -> $231,500 trigger. | FEMA flood map :: FEMA's Community Status Book (report dated 3 Oct 2026) lists West Palm Beach as NFIP community 120229 with a current effective FIRM dated 20 Dec 2024. Zones are set parcel by parcel, so no single zone covers the whole city - check your own address. | NFIP history :: FEMA record: first flood hazard boundary map 31 Oct 1975; first FIRM 1 Mar 1979; regular NFIP program since 1 Mar 1979; entered CRS 1 Oct 1992. | Flood insurance discount :: CRS class 5 - 25% off NFIP premiums for policies in the Special Flood Hazard Area (class in effect 1 Oct 2018). | State minimum :: 2023 Florida Building Code, Residential R322.2.1 and R322.3.2 - lowest floor (A zones) or bottom of the lowest horizontal structural member (V and Coastal A zones) at BFE + 1 ft or the design flood elevation, whichever is higher. | Look up your zone :: Enter the address in FEMA's Flood Map Service Center (msc.fema.gov), the official public source for FIRMs; an elevation certificate shows how your floor compares with the BFE.","West Palm Beach Code Ch. 18 (maintained on enCodePlus), Secs. 18-33, 18-289, 18-293; FEMA Community Status Book, Florida (www.fema.gov/cis/FL.html, report 10/03/2026); 2023 Florida Building Code, Residential R322.2.1, R322.3.2; 44 CFR 59.1; FEMA Flood Map Service Center",2026-10,verified,Compliance,Palm Beach,2,0
west-palm-beach,dock-permit-size,Dock Permits & Size Limits in West Palm Beach,How big a dock can I build in West Palm Beach?,100 ft max length,and no longer than the shortest length state/federal agencies approve,"West Palm Beach caps a dock at the shortest length the state DEP, the Army Corps or the water management district approves for mooring depth and clearing seagrass, and never more than 100 ft. Docks on the north bank of the West Palm Beach Canal east of Dixie Highway are limited to 40 ft. Every dock, pile and lift must sit within the middle third of the lot extended into the water, and docks may be no wider than 10 ft.","Length :: Measured from the mean high water line or bulkhead to the farthest point of the dock, finger pier or terminal platform (excluding dolphins and pilings); no longer than the minimum length approved by DEP, the Army Corps and/or SFWMD for low-tide mooring depth and clearing seagrass, up to a maximum of 100 ft - Zoning 94-313(3)(i)(i) | West Palm Beach Canal :: Docks on the north bank east of Dixie Highway may not exceed 40 ft - 94-313(3)(i)(ii) | Longer docks :: The City Commission may approve more length through a Class A special use permit to fit the allowed slips, protect the marine environment, avoid dredging or allow full use of the dock - 94-313(3)(i)(iii), 94-313(a) | Location :: Docks, tees, dolphins, pilings and boatlifts must be built within the middle one-third of the lot extended into the waterway; no boat may extend beyond the side setback lines for principal structures - 94-313(3)(h) | Width :: No wider than 10 ft; finger piers and terminal platforms may be wider if they stay in the middle third and are no more than 10 ft long measured perpendicular to the dock - 94-313(3)(j) | Height :: No part of the dock above the top of the bulkhead it is attached to, and no buildings on docks - 94-313(3)(k) | Number :: One dock per lot; two mooring slips in single-family districts; multifamily one slip per 4 units for the first 60 units then one per 25 - 94-313(3)(f)-(g) | Lake Worth :: Docks may not constrict water circulation in Lake Worth or significantly affect seagrass, aquatic preserves or manatee sanctuaries - 94-313(3)(b) | Dolphins :: A marine reflective band at least 5 inches wide, iridescent silver, about 24 inches from the top - 94-313(3)(r) | Permit :: Building permit with proof of riparian rights, sealed plans by a Florida engineer, architect or landscape architect, a scaled site plan and cross-section, and dated written approval from DEP, the Army Corps and/or SFWMD - 94-313(2) | Other rules :: One ladder to 2 ft below mean low water; reflective street-address numerals visible from the water; no gas storage, advertising signs or blinking lights; no commercial use - 94-313(3)(d),(l)-(p) | State exemption :: A private, non-commercial dock on pilings with 1,000 sq ft or less of over-water surface (500 sq ft in Outstanding Florida Waters), and the only exempt dock along 65 ft of shoreline (or one per lot if the lot is narrower), needs no state environmental permit - Fla. Stat. 403.813(1)(b). The exemption does not grant permission to use state-owned submerged lands and does not override city or county rules - 403.813(1) | Federal :: Structures in navigable waters need a Department of the Army permit, general or individual - 33 CFR 322.3(a)","City of West Palm Beach Zoning and Land Development Regulations Sec. 94-313 (through Ord. 4935-21, 3-22-2021), enCodePlus; Fla. Stat. 403.813(1)(b) (2026); 33 CFR 322.3(a)",2026-10,verified,Dock,Palm Beach,2,0
west-palm-beach,boat-lift-rules,Boat Lift Rules in West Palm Beach,What are the boat lift rules in West Palm Beach?,"Allowed; engineer-designed, middle third of lot",boatlifts in middle one-third,"West Palm Beach requires boat lifts to be designed by a registered professional engineer and installed in the middle one-third of the lot as extended into the waterway, along with the dock, tees, dolphins and pilings. Lifts are one of the few things allowed to stand above a dock. The building permit application needs sealed plans and written DEP, Army Corps and/or SFWMD approval.","Design :: Boat lifts must be designed by a registered professional engineer, meet current electrical codes and follow the manufacturer's specifications - Code Sec. 94-313(a)(3)q | Placement :: Docks, tees, dolphins, pilings, boatlifts and other mooring facilities within the middle one-third of the lot, extended into the waterway; no boat may extend beyond the principal-structure side setback lines extended - Sec. 94-313(a)(3)h | On the dock :: Except security fences, boat lifts and mooring devices, nothing may be built on a dock and no part of the dock may rise above the bulkhead top - Sec. 94-313(a)(3)k | Dock length :: No longer than the minimum DEP, Army Corps or SFWMD approve, up to 100 feet; 40 feet on the north bank of the West Palm Beach Canal east of Dixie Highway; more only by Class A special use permit - Sec. 94-313(a)(3)i | How many :: One dock per lot - Sec. 94-313(a)(3)f | Permit papers :: Proof of ownership and riparian rights, plans sealed by a Florida professional engineer, architect or landscape architect, a scaled site plan, a cross section showing mean high and low water, and dated written DEP, Army Corps and/or SFWMD approval - Sec. 94-313(a)(2) | Relief :: An owner who cannot meet the standards may apply to the city commission for a Class A special use permit - Sec. 94-313(a) | State and federal :: Floating boat lifts and floating vessel platforms that meet s. 403.813(1)(s), F.S. (they float at all times, hold the vessel out of the water, and either sit inside a previously permitted slip or total no more than 500 sq ft - 200 sq ft in Outstanding Florida Waters - beside a qualifying dock or bulkhead) need no state permit; a local government may then ask only for a one-time registration unless the platform is attached to a bulkhead with no dock. Structures in navigable waters otherwise need Army Corps authorization unless exempt or under a general permit - 33 CFR 322.3(a).","City of West Palm Beach Zoning and Land Development Regulations Sec. 94-313 (enCodePlus; Ord. 4935-21); s. 403.813(1)(s), F.S. (2026); 33 CFR 322.3(a)",2026-10,verified,Dock,Palm Beach,2,0
west-palm-beach,deck-requirements,Waterfront Deck Rules in West Palm Beach,What are the deck setback and railing rules in West Palm Beach?,,,,,,,not-started,Deck,Palm Beach,2,0
west-palm-beach,licensed-contractors,Checking a Marine Contractor in West Palm Beach,How do I check a marine contractor in West Palm Beach?,Register before working,email ds@wpb.org; home-city BTR accepted,"West Palm Beach requires a contractor with no permanent location or branch office in the city to register with the city before doing business there (Code Sec. 22-101(b)). Registration is by email to ds@wpb.org with a state licence or county competency licence, a business tax receipt from the city or county where the business is located, and liability and comp certificates.","Code :: A contractor holding a countywide licence and a county BTR still registers; failing to register is punished under Sec. 1-13 - Sec. 22-101(b),(e) | Documents :: State licence or county competency licence, valid local BTR from the city or county where the business is located or domiciled, general liability and workers' comp - Permits FAQ | Past permits :: Civic Access permitting portal (westpalmbeachfl-energovpub.tylerhost.net) - search by permit number, the most accurate way, or by property address | Code history :: Sec. 22-101 derives from Code 1979, Sec. 18-23, amended by Ords. 3655-03 and 4006-06 | County licence :: Palm Beach County's Contractor Regulations section (Code Compliance Division, PZB) serves the Construction Industry Licensing Board under Special Act 67-1876, which requires a certificate of competency to advertise, bid or contract in the regulated trades | Marine is a county trade :: MARINE remains on the county's regulated-trades list (rev. 7/1/25): seawalls, bulkheads, revetments, docks, piers, wharfs, groins, boat lifts, davits and pile driving. Dredging and land filling was among the trades preempted on 1 July 2025 | County look-up :: County Licensed Contractor Search in the ePZB portal (pbcgov.org/ePZB.Admin.WebSPA), next to the state search; Contractor Regulations 561-233-5525 | State licence :: Search the company and the qualifier on DBPR's Verify a Licensee (myfloridalicense.com). A licence number starting with C is a state certification valid anywhere in Florida; one starting with R is a registration, good only where the holder met local competency rules - F.S. 489.105(8),(10) and the DBPR licensing page | Who may build a seawall or dock :: A certified general contractor's scope is unlimited (489.105(3)(a)). The state also certifies five marine specialties: marine specialty, marine seawall work, marine bulkhead work, marine dock work and marine pile driving - Rule 61G4-15.100(1)(b)-(f) | Workers' comp :: In construction a single employee makes coverage mandatory (440.02(20)(b)2). Up to three officers or LLC members owning at least 10% may file exemptions (440.02(18)(b)2), and the exemption certificate itself says it is not a DBPR licence (440.05(4)). Check it on the DWC data portal's Coverage and Exemptions search (dwcdataportal.fldfs.com) | Recovery fund :: For contracts signed on or after 1 July 2024 the Homeowners' Construction Recovery Fund pays at most $100,000 per claim against a Division I contractor (general, building, residential) and $30,000 against a Division II contractor, which includes the marine specialties; the lifetime caps are $2 million and $600,000 per licensee - 489.143(3),(6). Nothing is paid if the contractor was unlicensed when you signed - 489.141(2)(d) - and residential contracts over $2,500 must print the fund notice - 489.1425 | Deposits :: A contractor who takes more than 10% up front on residential work must apply for permits within 30 days and start within 90 days of the permits issuing, unless you agreed to longer in writing - 489.126(2)(a) | Three-day cancel :: If the deal was a home solicitation sale over $25 - signed away from the seller's place of business and not the result of your own request for specific goods or services - you can cancel in writing until midnight of the third business day; Sundays and federal holidays don't count - 501.021, 501.025 | Business tax is not a licence :: A contractor pays business tax where its permanent office is, and no other city or county may levy a business tax or an equivalent registration fee for temporary work there - 205.065","City of West Palm Beach Code Sec. 22-101; Building Division Permits FAQ; PBC Contractor Regulations page; Regulated Trades / Standards for Certified Categories (rev. 7/1/25); BCAB preemption notice (1/21/2026); F.S. 489.105, 489.126, 489.141, 489.1425, 489.143, 440.02, 440.05, 501.021, 501.025, 205.065 (2026); Fla. Admin. Code R. 61G4-15.100; DBPR Construction Industry page and Verify a Licensee; DFS Division of Workers' Compensation construction exemption page and data portal",2026-10,verified,Failing,Palm Beach,2,0
west-palm-beach,storm-prep,Storm Prep for West Palm Beach Waterfront Owners,What are the storm and debris rules in West Palm Beach?,48 hours,emergency-repair stay for live-aboards on Lake Worth,"West Palm Beach bans live-aboard vessels from mooring or anchoring in the city's part of Lake Worth, except in marina districts or designated mooring areas, or for emergency repairs limited to 48 hours. Bulk and white goods should not be put out once a hurricane watch or warning is issued, and after a disaster debris removal in private communities is, as a general rule, the community's responsibility.","Live-aboards :: It is unlawful to moor or anchor a live-aboard vessel in the waters of Lake Worth within the city, except in a marina zoning district or posted mooring area, or for the purpose of making emergency repairs but limited to a period of 48 hours - Code Sec. 54-291 | Bulk goods :: Bulk goods and white goods should not be placed out for collection after a hurricane warning or watch has been issued or during a named storm - Sec. 74-4(b)(2) | Private communities :: After a disaster the city's primary mission is lives, services and public streets; as a general proposition, removal of debris from private residential communities is the responsibility of the private community, though the city may act on an immediate threat - Sec. 74-39(a) | Right-of-way work :: Upon a tropical storm warning or hurricane watch or warning, each contractor, individual or entity subject to the section must immediately begin securing the public rights-of-way and public property under the city's storm preparation procedures - Sec. 78-482(a)","City of West Palm Beach Code of Ordinances Secs. 54-291, 74-4, 74-39, 78-482 (Municode)",2026-10,verified,Failing,Palm Beach,2,0
north-palm-beach,seawall-height-requirement,North Palm Beach Seawall Height Requirement,How high does a seawall have to be in North Palm Beach?,4,ft NAVD88,"New and substantially rebuilt seawalls in North Palm Beach need a cap at least 4 ft NAVD88, or 5 ft NAVD88 on the Intracoastal, Lake Worth or the ocean in a FEMA flood zone. Repairs under 50% of replacement cost are exempt.","Zone X / X500 :: Min 4 ft NAVD88; max 6 in. above grade or 4.5 ft NAVD88, whichever is greater - Sec. 5-72(3) | FEMA SFHA/CHHA with BFE :: Min 4 ft NAVD88; max 6 in. above grade or 5 ft NAVD88, whichever is greater - Sec. 5-72(3) | SFHA/CHHA on Intracoastal, Lake Worth or Atlantic :: Min 5 ft NAVD88; max 6 in. above grade or 6 ft NAVD88, or up to BFE with approved mitigation - Sec. 5-72(3) | Applies to :: New walls and repairs costing 50% or more of replacement cost - Sec. 5-72 | Returns :: Cap above neighbor grade needs a matching wall return - Sec. 5-72(4) | Who reviews :: Plans sealed by a Florida-registered engineer; the village engineer reviews every seawall repair or reconstruction application for structural integrity - Sec. 5-70, 5-73(1) | Soil boring :: The permit needs a Standard Penetration Test boring by a Florida geotechnical engineer, drilled at least 5 ft below the deepest wall component, plus proof concrete meets ACI 318 Exposure Class C2 - Sec. 5-73(1)(b), (g) | Cap and position :: The cap may extend no more than 3 ft from the wet face or rear property line; a rebuilt wall may sit up to 18 in. waterside of the property line, further only by council fill permit - Sec. 5-72(1)-(2) | Dock deck :: Main deck between 2.5 ft NAVD88 and the height of the adjacent seawall cap - Sec. 5-83(b)","Village of North Palm Beach Code, Ch. 5 Boats, Docks and Waterways, Art. III Div. 3, Sec. 5-72 (Ord. 2019-07; Ord. 2026-02, 1-22-26); Secs. 5-70, 5-73, 5-83",2026-10,verified,Compliance,Palm Beach,2,0
north-palm-beach,seawall-permit,Seawall Permits in North Palm Beach,Do I need a permit to repair a seawall in North Palm Beach?,Yes,permit + village engineer review,"Yes. North Palm Beach requires a permit for seawall work, with building, zoning and village engineer review; the engineer reviews every repair or reconstruction application, which needs a soil boring report. Repairs under 50% of replacement cost escape only the design rules, not the permit.","Village :: The village engineer reviews all seawall permits for structural integrity in addition to building and zoning review - Sec. 5-73(1); the engineer reviews 'all applications for bulkhead or seawall repair or reconstruction' - Sec. 5-70 | Application :: PE-sealed plans, an SPT soil boring report and profile by a geotechnical engineer at least 5 ft below the deepest wall component, cross section, ACI 318 Exposure Class C2 concrete, coated tie rods, and the FDEP-permit pollution control plan - Sec. 5-73(1) | Under 50% :: Repairs under 50% of replacement cost are exempt from the Sec. 5-72 design rules only - Sec. 5-72 | Cap height :: At least 4 ft NAVD88; at least 5 ft NAVD88 on the Intracoastal, Lake Worth or Atlantic in a flood zone with a BFE (Ord. 2026-02) - Sec. 5-72(3) | Waterward :: Reconstruction up to 18 in. waterside of the property line; beyond that needs a village council fill permit - Sec. 5-72(1) | Inspections :: 48-hour notice before the first structural support, backfill, cast-in-place pours and the final cap - Sec. 5-73(2) | Checklist :: Any repair over $1,000 needs a permit; seawall submittal is an owner-signed application and a boundary survey with a sealed engineer overlay showing waterward extensions (Permit Submittal Requirements Checklists page) | State (FDEP) :: Restoring a seawall in place or up to 18 in. waterward can be exempt from an Environmental Resource Permit where it was damaged within the last year by a discrete event or needs only minimal backfilling, and any chapter 161 permits are obtained (s. 403.813(1)(e) F.S.; r. 62-330.051(12)(b) F.A.C.); batter piles, king piles or a cap used only to stabilize and repair a wall are also exempt (r. 62-330.051(12)(d)) | State-owned bottom :: Exempt work on sovereign submerged land still needs separate authorization under chs. 253 and 258 F.S., which the Board of Trustees grants by rule for many exempt activities (r. 62-330.051 intro; r. 18-21.005(1)(b) F.A.C.) | County :: Palm Beach County ERM's Permitting and Regulation page lists no seawall or shoreline permit program among its topics (PBC ERM Permitting and Regulation page) | Ocean side :: Seaward of the Coastal Construction Control Line a wall needs a separate state coastal construction permit; the chapter 161 repair exemption expressly excludes seawalls (s. 161.053(2)(a), (11)(a) F.S.) | Small-job exemption :: The state's under-$7,500 single-family permit exemption does not cover structural work or property in a flood hazard area (s. 553.79(1)(g)2. F.S.) | Federal :: A U.S. Army Corps of Engineers (Department of the Army) authorization is required for structures or work in or affecting navigable waters, unless exempt or covered by a nationwide or regional general permit - 33 CFR 322.3(a) (Rivers and Harbors Act s. 10)","Village of North Palm Beach Code Ch. 5 Art. III Div. 3 Secs. 5-70 to 5-73 (Supp. 93); Permit Submittal Requirements Checklists; s. 403.813(1)(e), 161.053, 553.79 F.S. (2026); r. 62-330.051, 18-21.005 F.A.C.; 33 CFR 322.3(a); PBC ERM Permitting and Regulation page",2026-10,verified,Compliance,Palm Beach,2,0
north-palm-beach,flood-zone,North Palm Beach Flood Zone & Elevation Rules,"What flood zone is North Palm Beach in, and what does it require?",BFE +1 ft (state code),no extra village freeboard found,"North Palm Beach's Chapter 12.5 uses the plain 50% substantial-improvement test with no look-back period and adds no freeboard for ordinary buildings, so the Florida Building Code floor applies. Critical facilities that cannot avoid the flood zone must sit at BFE plus 3 feet. Each permit is judged on its own cost rather than summed with earlier jobs.","Substantial improvement / damage :: Fifty (50) percent of market value, no cumulative period - Ch. 12.5 definitions. | Critical facilities :: Lowest floor at BFE plus three (3) feet - Sec. 12.5-31 (Ord. No. 2017-11). | Critical facilities detail :: Must be located outside the flood hazard area where feasible; floodproofing and sealing must keep toxic substances out of floodwater, and elevated access routes are provided where feasible - Sec. 12.5-31. | Code-exempt structures :: Buildings exempt from the Florida Building Code are designed to ASCE 24 - Sec. 12.5-31(a). | More trigger points :: $571,000 building value -> $285,500 trigger. | FEMA flood map :: FEMA's Community Status Book (report dated 3 Oct 2026) lists North Palm Beach as NFIP community 120217 with a current effective FIRM dated 20 Dec 2024. Zones are set parcel by parcel, so no single zone covers the whole city - check your own address. | NFIP history :: FEMA record: first flood hazard boundary map 6 Dec 1974; first FIRM 15 Aug 1978; regular NFIP program since 15 Aug 1978; entered CRS 1 Oct 1994. | Flood insurance discount :: CRS class 5 - 25% off NFIP premiums for policies in the Special Flood Hazard Area (class in effect 1 Oct 2020). | State minimum :: 2023 Florida Building Code, Residential R322.2.1 and R322.3.2 - lowest floor (A zones) or bottom of the lowest horizontal structural member (V and Coastal A zones) at BFE + 1 ft or the design flood elevation, whichever is higher. | Look up your zone :: Enter the address in FEMA's Flood Map Service Center (msc.fema.gov), the official public source for FIRMs; an elevation certificate shows how your floor compares with the BFE.","North Palm Beach Code of Ordinances Ch. 12.5 Flood Damage Prevention, Sec. 12.5-31 and definitions; FEMA Community Status Book, Florida (www.fema.gov/cis/FL.html, report 10/03/2026); 2023 Florida Building Code, Residential R322.2.1, R322.3.2; 44 CFR 59.1; FEMA Flood Map Service Center",2026-10,needs-content,Compliance,Palm Beach,2,0
north-palm-beach,dock-permit-size,Dock Permits & Size Limits in North Palm Beach,How big a dock can I build in North Palm Beach?,5 ft dock; piers 15-50 ft by waterway,from the rear property line,"North Palm Beach separates docks, which run along the shore and may reach only 5 ft from the rear property line, from piers, which run out from it. Pier length depends on the water: 15 ft into lagoons, 20 ft into the North Palm Beach Waterway, 25 ft into West Lake, 40 ft into North Lake and Prosperity Harbor, and 50 ft into Lake Worth. No structure may take more than 25% of the width of the water on the inland waters.","Docks :: Docks may extend no more than 5 ft waterward from the rear property line; floating docks in the North Palm Beach Waterway may extend 10 ft, but boats may moor to them only to load or unload - Village Code 5-84(5) | Piers on inland waters :: Up to 15 ft into lagoons, 20 ft into the North Palm Beach Waterway, 25 ft into West Lake, 40 ft into North Lake and into Prosperity Harbor for Teal Way lots, and no more than 25% of the width of the Earman River; Earman River piers with L or T heads lose 12 ft of allowed length - 5-84(7)-(8) | Pier width and setback :: Piers no wider than 6 ft and no closer to the extended side line than half their extension - 5-84(6) | Overall cap :: No structure may extend more than 25% of the width of the water - 5-84(14) | Dolphins and mooring posts :: 20 ft in lagoons, 30 ft in the North Palm Beach Waterway, 25% of the width in the Earman River, 50 ft in West Lake, North Lake and along Teal Way - 5-84(9)-(12) | Dock side setbacks :: 5 ft from the extended side line on lots with 50 ft or less of water frontage, 10 ft on wider lots; zero at a dead-end lagoon in R-1 when neighbours build matching docks together or record a deed restriction - 5-84(2)-(4) | Lake Worth and Atlantic :: Piers no more than 50 ft waterward of the rear property line, 6 to 10 ft wide, with L or T heads of 50 ft and finger piers up to 22 ft long; at least 20 ft from the projected side lines and 40 ft from any other pier; mooring buoys no more than 150 ft out, one boat only - 5-85 | Deck height :: Main deck at least 2.5 ft NAVD88 and no higher than the adjacent bulkhead or seawall cap - 5-83(b) | Boats :: Outside lagoon ends, no moored vessel may extend more than 30% of the waterway width from the bulkhead or past the extended side lines - 5-16 | Permit :: Building permits for docks, piers and lifts with plans sealed by a Florida engineer; the other agency's permit must come first - 5-82, 5-84(1), 5-85(1) | Private docks :: Only in R-1 and R-2 districts and may not be rented - 5-81 | State exemption :: A private, non-commercial dock on pilings with 1,000 sq ft or less of over-water surface (500 sq ft in Outstanding Florida Waters), and the only exempt dock along 65 ft of shoreline (or one per lot if the lot is narrower), needs no state environmental permit - Fla. Stat. 403.813(1)(b). The exemption does not grant permission to use state-owned submerged lands and does not override city or county rules - 403.813(1) | Federal :: Structures in navigable waters need a Department of the Army permit, general or individual - 33 CFR 322.3(a)","Village of North Palm Beach Code Ch. 5, Secs. 5-16 (Ord. 2018-04) and 5-81 to 5-85 (through Ord. 2019-07, 7-25-19); Fla. Stat. 403.813(1)(b) (2026); 33 CFR 322.3(a)",2026-10,verified,Dock,Palm Beach,2,0
north-palm-beach,boat-lift-rules,Boat Lift Rules in North Palm Beach,What are the boat lift rules in North Palm Beach?,Allowed with a building permit,structures max 25% of water width,"North Palm Beach requires a building permit for boat davits and other boat-lifting devices, and only the adjacent upland owner may build one. Floating boat lifts count as floating vessel platforms and follow dock side setbacks and dolphin-pole reach limits, which vary by waterway. A sun, wind or weather covering over a dock or pier needs its own permit as a canopy.","Permit :: Boat davits and other boat-lifting devices require a building permit - Code Sec. 5-82(b) | Who may build :: Only the adjacent upland landowner of a buildable lot, not the upland part of a canal right-of-way - Sec. 5-82(a) | Floating lifts :: A floating boat lift is a floating vessel platform; outside Lake Worth it keeps dock side setbacks (5 feet on lots with 50 feet or less of frontage, 10 feet above that) and may extend as far as dolphin poles: 20 feet in lagoons, 30 feet in the North Palm Beach Waterway, 25% of the Earman River, 50 feet in West Lake, North Lake and along Teal Way - Secs. 5-81, 5-84(2)-(3), (9)-(12), (15) | Lake Worth :: Floating platforms use dock side setbacks and the pier reach, a line 50 feet waterside of the rear property line - Sec. 5-85(2), (12) | Overall cap :: No structure may extend more than 25% of the width of the water - Sec. 5-84(14) | Covers :: Any sun, wind or weather covering over a dock or pier needs a permit and is classed as a canopy under the building code - Sec. 5-83(a) | Securing :: A vessel on a floating platform must also be tied to a fixed dock or seawall - Sec. 5-83(e)(2) | Other agencies first :: A permit from any authority with an interest in the waterway is needed before the village permit - Sec. 5-84(1) | State and federal :: Floating boat lifts and floating vessel platforms that meet s. 403.813(1)(s), F.S. (they float at all times, hold the vessel out of the water, and either sit inside a previously permitted slip or total no more than 500 sq ft - 200 sq ft in Outstanding Florida Waters - beside a qualifying dock or bulkhead) need no state permit; a local government may then ask only for a one-time registration unless the platform is attached to a bulkhead with no dock. Structures in navigable waters otherwise need Army Corps authorization unless exempt or under a general permit - 33 CFR 322.3(a).","Village of North Palm Beach Code Ch. 5, Art. III, Div. 4, Secs. 5-81 to 5-85 (Supp. 93); s. 403.813(1)(s), F.S. (2026); 33 CFR 322.3(a)",2026-10,verified,Dock,Palm Beach,2,0
north-palm-beach,deck-requirements,Waterfront Deck Rules in North Palm Beach,What are the deck setback and railing rules in North Palm Beach?,,,,,,,not-started,Deck,Palm Beach,2,0
north-palm-beach,licensed-contractors,Checking a Marine Contractor in North Palm Beach,How do I check a marine contractor in North Palm Beach?,MGO registration first,licence and insurance in the portal,"North Palm Beach says contractor registration in My Government Online must be completed before a permit application is submitted, and all contractors must register on the portal with their licence and insurance. Separately, anyone doing business in the village without a village receipt must certify with the business tax officer, for $2 (Code Sec. 17-17).","Portal :: MGO, mgoconnect.org/cp/portal - applications, documents, fees and inspections; paper permits are no longer accepted - Building Division page | Code :: Sec. 17-17: certification is meant to confirm the business is receipted countywide by the county; failing to register is a second-degree misdemeanour | Inspections :: The village offers photo, live-virtual or in-person inspections | Help :: The village posts an MGO Connect Help Guide and how-to sheets for notices of commencement, responding to comments, revisions after issuance and subcontractor permits; Sec. 17-17 comes from Ords. 7-81 and 2006-28 | Paper and hours :: Paper permits are no longer accepted; new plans must meet the 2023 FBC 8th Edition; payment by check or credit card; business hours 7:00 a.m. to 3:00 p.m. | County licence :: Palm Beach County's Contractor Regulations section (Code Compliance Division, PZB) serves the Construction Industry Licensing Board under Special Act 67-1876, which requires a certificate of competency to advertise, bid or contract in the regulated trades | Marine is a county trade :: MARINE remains on the county's regulated-trades list (rev. 7/1/25): seawalls, bulkheads, revetments, docks, piers, wharfs, groins, boat lifts, davits and pile driving. Dredging and land filling was among the trades preempted on 1 July 2025 | County look-up :: County Licensed Contractor Search in the ePZB portal (pbcgov.org/ePZB.Admin.WebSPA), next to the state search; Contractor Regulations 561-233-5525 | State licence :: Search the company and the qualifier on DBPR's Verify a Licensee (myfloridalicense.com). A licence number starting with C is a state certification valid anywhere in Florida; one starting with R is a registration, good only where the holder met local competency rules - F.S. 489.105(8),(10) and the DBPR licensing page | Who may build a seawall or dock :: A certified general contractor's scope is unlimited (489.105(3)(a)). The state also certifies five marine specialties: marine specialty, marine seawall work, marine bulkhead work, marine dock work and marine pile driving - Rule 61G4-15.100(1)(b)-(f) | Workers' comp :: In construction a single employee makes coverage mandatory (440.02(20)(b)2). Up to three officers or LLC members owning at least 10% may file exemptions (440.02(18)(b)2), and the exemption certificate itself says it is not a DBPR licence (440.05(4)). Check it on the DWC data portal's Coverage and Exemptions search (dwcdataportal.fldfs.com) | Recovery fund :: For contracts signed on or after 1 July 2024 the Homeowners' Construction Recovery Fund pays at most $100,000 per claim against a Division I contractor (general, building, residential) and $30,000 against a Division II contractor, which includes the marine specialties; the lifetime caps are $2 million and $600,000 per licensee - 489.143(3),(6). Nothing is paid if the contractor was unlicensed when you signed - 489.141(2)(d) - and residential contracts over $2,500 must print the fund notice - 489.1425 | Deposits :: A contractor who takes more than 10% up front on residential work must apply for permits within 30 days and start within 90 days of the permits issuing, unless you agreed to longer in writing - 489.126(2)(a) | Three-day cancel :: If the deal was a home solicitation sale over $25 - signed away from the seller's place of business and not the result of your own request for specific goods or services - you can cancel in writing until midnight of the third business day; Sundays and federal holidays don't count - 501.021, 501.025 | Business tax is not a licence :: A contractor pays business tax where its permanent office is, and no other city or county may levy a business tax or an equivalent registration fee for temporary work there - 205.065","Village of North Palm Beach Building Division page; Code Sec. 17-17; PBC Contractor Regulations page; Regulated Trades / Standards for Certified Categories (rev. 7/1/25); BCAB preemption notice (1/21/2026); F.S. 489.105, 489.126, 489.141, 489.1425, 489.143, 440.02, 440.05, 501.021, 501.025, 205.065 (2026); Fla. Admin. Code R. 61G4-15.100; DBPR Construction Industry page and Verify a Licensee; DFS Division of Workers' Compensation construction exemption page and data portal",2026-10,verified,Failing,Palm Beach,2,0
north-palm-beach,storm-prep,Storm Prep for North Palm Beach Waterfront Owners,What are the storm and debris rules in North Palm Beach?,Affixed or removed,boats at homes on a storm warning,"North Palm Beach requires boats and trailers kept at homes (boats up to 30 ft and 12 ft high) to be securely affixed to the ground or removed immediately on a hurricane or tropical storm warning. No one may generate yard waste for collection once a watch or warning covers the village, job-site wind screens come down on a warning, and docks, boat lifts and bulkheads must be kept structurally sound.","Boats at home :: Boat length may not exceed thirty (30) feet excluding trailer, and height twelve (12) feet; such equipment shall be securely affixed to the ground or removed immediately upon a hurricane or tropical storm warning by a recognized government agency - Code Sec. 18-35 | Yard waste :: No property owner shall generate yard waste for collection once any portion of the village is under a hurricane or tropical storm watch or warning from the National Hurricane Center - Sec. 14-27 | Job sites :: Wind screening on construction fences must be removed on a hurricane or tropical storm warning and reinstalled no later than ten (10) days after the threat ends - Sec. 6-163 | Docks and lifts :: Accessory structures including docks, piers, boat lifts and bulkheads must be maintained structurally sound and in good repair - Sec. 15-2(f) | Pile size :: Outside storm periods, yard waste is limited to one pile of about eight cubic yards, roughly four feet wide by fifteen feet long by four feet tall - Sec. 14-27 | Gates :: Construction-site gates must be secured and locked whenever workers are not on site - Sec. 6-163","Village of North Palm Beach Code of Ordinances Secs. 6-163, 14-27, 15-2, 18-35 (Municode)",2026-10,verified,Failing,Palm Beach,2,0
palm-beach,seawall-height-requirement,Palm Beach Seawall Height Requirement,How high does a seawall have to be in Palm Beach?,No minimum,set in local code,Palm Beach sets no fixed height for seawalls on Lake Worth; the town engineer approves the top based on engineering. Oceanfront bulkheads on the Atlantic bulkhead line must top out at no less than 14.34 ft NGVD 1929.,"Lake Worth bulkheads :: Top governed by sound engineering recommendations, approved by town engineer; datum NGVD 1929 - Sec. 62-75(d) | Atlantic Ocean bulkheads/seawalls :: Top not lower than 14.34 ft above mean sea level, NGVD 1929 - Sec. 62-38(b)(3) | Oceanfront raise trigger :: Existing seawall below 14.34 ft NGVD must be raised to min 14.34 ft NGVD with any development of the property - Sec. 66-177 | Maintenance :: PE certification, recertify every 15 years - Sec. 62-77","Town of Palm Beach Code, Ch. 62 Marine Structures (Art. II Atlantic Ocean, Art. III Lake Worth), Secs. 62-38, 62-75; Ch. 66 Sec. 66-177",2026-10,needs-content,Compliance,Palm Beach,2,0
palm-beach,seawall-permit,Seawall Permits in Palm Beach,Do I need a permit to repair a seawall in Palm Beach?,Yes,building permit (Marine Structure),"Yes. The Town of Palm Beach's building official issues bulkhead and seawall permits, and building permits carry a condition that all state and federal permits be obtained before work starts. Oceanfront walls must reach 14.34 ft NGVD, lower walls must be raised when the property is developed, and every seawall needs an engineer's recertification every 15 years.","Town :: Bulkhead permits 'shall be issued by the building official' - Secs. 62-39 (Atlantic), 62-76 (Lake Worth); the permit application lists 'MAR Marine Structure (includes seawall)' (Application for Construction Permit, rev. 20260722) | Other agencies :: Building and floodplain permits are conditioned on all state and federal permits before work starts - Sec. 50-72 | Lake Worth walls :: Top set by sound engineering and approved by the town engineer; plans by a licensed civil engineer - Sec. 62-75(d), (l) | Ocean walls :: Top not lower than 14.34 ft NGVD 1929 - Sec. 62-38(b)(3); existing lower walls raised in conjunction with any development - Sec. 66-177(c); up to 18 in. seaward of the existing bulkhead, further only by Town Council variance - Sec. 62-37 | Certification :: Engineer condition survey and plans when a new building or renovation over 50% of the primary structure's value is proposed; engineer recertification every 15 years - Sec. 62-77 | State (FDEP) :: Restoring a seawall in place or up to 18 in. waterward can be exempt from an Environmental Resource Permit where it was damaged within the last year by a discrete event or needs only minimal backfilling, and any chapter 161 permits are obtained (s. 403.813(1)(e) F.S.; r. 62-330.051(12)(b) F.A.C.); batter piles, king piles or a cap used only to stabilize and repair a wall are also exempt (r. 62-330.051(12)(d)) | State-owned bottom :: Exempt work on sovereign submerged land still needs separate authorization under chs. 253 and 258 F.S., which the Board of Trustees grants by rule for many exempt activities (r. 62-330.051 intro; r. 18-21.005(1)(b) F.A.C.) | County :: Palm Beach County ERM's Permitting and Regulation page lists no seawall or shoreline permit program among its topics (PBC ERM Permitting and Regulation page) | Ocean side :: Seaward of the Coastal Construction Control Line a wall needs a separate state coastal construction permit; the chapter 161 repair exemption expressly excludes seawalls (s. 161.053(2)(a), (11)(a) F.S.) | Small-job exemption :: The state's under-$7,500 single-family permit exemption does not cover structural work or property in a flood hazard area (s. 553.79(1)(g)2. F.S.) | Federal :: A U.S. Army Corps of Engineers (Department of the Army) authorization is required for structures or work in or affecting navigable waters, unless exempt or covered by a nationwide or regional general permit - 33 CFR 322.3(a) (Rivers and Harbors Act s. 10)","Town of Palm Beach Code Secs. 50-72, 62-37 to 62-39, 62-75 to 62-77, 66-177 (Supp. 30 Upd. 1); Application for Construction Permit; s. 403.813(1)(e), 161.053, 553.79 F.S. (2026); r. 62-330.051, 18-21.005 F.A.C.; 33 CFR 322.3(a); PBC ERM Permitting and Regulation page",2026-10,verified,Compliance,Palm Beach,2,0
palm-beach,flood-zone,Palm Beach Flood Zone & Elevation Rules,"What flood zone is Palm Beach in, and what does it require?",BFE +1 ft (state code),no extra town freeboard found,"The Town of Palm Beach counts improvements over one year: work in a one-year period reaching 50% of market value is a substantial improvement, with the clock running from the first permit issued after 9 October 2021. No extra freeboard number appears in Chapter 50.","Substantial improvement :: One-year period, cumulative cost of 50% or more; the period begins on the date of the first permit issued after October 9, 2021 - Sec. 50-137.5, applied to FBC by Sec. 50-141 (Ord. No. 030-2024). | Substantial damage :: 50 percent of market value - Sec. 50-137.5. | Accessory structures :: Non-elevated accessory structures use flood damage-resistant materials below BFE + 1 ft and keep mechanical, plumbing and electrical systems at or above BFE + 1 ft - Sec. 50-140 (Ord. No. 010-2022). | Subdivisions in AH and AO zones :: Drainage paths must guide floodwaters around and away from proposed structures - Sec. 50-145 (Ord. No. 16-2017). | FEMA flood map :: FEMA's Community Status Book (report dated 3 Oct 2026) lists Palm Beach as NFIP community 120220 with a current effective FIRM dated 20 Dec 2024. Zones are set parcel by parcel, so no single zone covers the whole city - check your own address. | NFIP history :: FEMA record: first flood hazard boundary map 13 Sep 1974; first FIRM 15 May 1978; regular NFIP program since 15 May 1978; entered CRS 1 Oct 1992. | Flood insurance discount :: CRS class 6 - 20% off NFIP premiums for policies in the Special Flood Hazard Area (class in effect 1 Oct 2020). | State minimum :: 2023 Florida Building Code, Residential R322.2.1 and R322.3.2 - lowest floor (A zones) or bottom of the lowest horizontal structural member (V and Coastal A zones) at BFE + 1 ft or the design flood elevation, whichever is higher. | Look up your zone :: Enter the address in FEMA's Flood Map Service Center (msc.fema.gov), the official public source for FIRMs; an elevation certificate shows how your floor compares with the BFE.","Town of Palm Beach Code of Ordinances Ch. 50 Floods, Secs. 50-137.5, 50-141; FEMA Community Status Book, Florida (www.fema.gov/cis/FL.html, report 10/03/2026); 2023 Florida Building Code, Residential R322.2.1, R322.3.2; 44 CFR 59.1; FEMA Flood Map Service Center",2026-10,verified,Compliance,Palm Beach,2,0
palm-beach,dock-permit-size,Dock Permits & Size Limits in Palm Beach,How big a dock can I build in Palm Beach?,150 ft from land,"max, and no more than 6 ft west of the U.S. Pierhead Line","On Lake Worth, the Town of Palm Beach allows one pier or landing dock per lot, reaching no more than 150 ft from land or the mean high water line and no more than 6 ft west of the U.S. Pierhead Line, whichever comes first. Gangways and terminal platforms are capped at 10 ft wide, and the whole structure must stay 25 ft from the side property lines extended into the water.","Projection :: A dock or marine structure may project no more than 150 ft from land or the mean high water line (whichever is more landward), and no more than 6 ft west of the U.S. Pierhead Line - Town Code 62-74(2)b-c; piers and landing docks in Lake Worth must be within 6 ft of the pierhead line shown on the official plats - 62-74 | Number :: One pier or landing dock with its appurtenances per lot - 62-74(2) | Marginal docks :: A dock parallel to the seawall may cover no more than 30% of the parcel's width along the seawall and project up to 6 ft from the seawall or mean high water line - 62-74(2)a | Widths :: Gangway no wider than 10 ft; terminal no wider than 10 ft, plus 2 ft between pilings at boat lifts for loading (lifts and storage components excluded) - 62-74(2)d-e | Side setback :: At least 25 ft from a continuous line extending the side property lines into the water; no docked or moored boat may cross that line - 62-74(2)f-g | Everglades Island and Ibis Isle :: On the north, south and west sides, marginal docks only, with boat-storage appurtenances up to 25 ft from the bulkhead or mean high water line - 62-74(2)i | Lighting :: Only the minimum lighting needed for pedestrians on the dock - 62-74(2)h | Waiver :: The public works director may waive batter piles west of the bulkhead line for hardship; that decision can be appealed to the Town Council within 30 days - 62-74(1), 62-74.1 | State exemption :: A private, non-commercial dock on pilings with 1,000 sq ft or less of over-water surface (500 sq ft in Outstanding Florida Waters), and the only exempt dock along 65 ft of shoreline (or one per lot if the lot is narrower), needs no state environmental permit - Fla. Stat. 403.813(1)(b). The exemption does not grant permission to use state-owned submerged lands and does not override city or county rules - 403.813(1) | Federal :: Structures in navigable waters need a Department of the Army permit, general or individual - 33 CFR 322.3(a)","Town of Palm Beach Code Ch. 62, Secs. 62-74 (through Ord. 009-2024, 4-10-24) and 62-74.1; Fla. Stat. 403.813(1)(b) (2026); 33 CFR 322.3(a)",2026-10,verified,Dock,Palm Beach,2,0
palm-beach,boat-lift-rules,Boat Lift Rules in Palm Beach,What are the boat lift rules in Palm Beach?,Allowed on Lake Worth docks; 25 ft side setback,extra 2 ft between lift pilings,"On Lake Worth the Town of Palm Beach allows one pier or landing dock per lot with its appurtenances, set back at least 25 feet from the side property lines extended. Platform boat lifts are not counted in the 10-foot gangway and terminal widths, an extra 2 feet is allowed between pilings at a boat lift for loading, and no stored or moored vessel may cross the side lines.","Side setback :: A dock or marine structure and related appurtenances at least 25 feet from a line extending the side property lines into the waterway - Code Sec. 62-75(h)6 (same text in 62-74(2)f) | Lift width :: Gangway and terminal widths are capped at 10 feet, not counting platform boat lifts or other mechanical components for storing vessels; an additional 2 feet is allowed between pilings at boat lifts for loading - Sec. 62-75(h)4-5 | Boat on the lift :: No vessel docked, moored or stored at a dock may encroach beyond the extended side property lines - Sec. 62-75(h)7 | Reach :: Docks and marine structures within 6 feet west of the U.S. Pierhead Line and no more than 150 feet from land or mean high water - Sec. 62-75(h)2-3 | Everglades Island and Ibis Isle :: On the north, south and west sides, vessel-storage appurtenances may project up to 25 feet from the bulkhead or mean high water - Sec. 62-75(h)9 | How many :: One pier or landing dock and its appurtenances per lot - Sec. 62-75(h) | Plans :: Prepared by or with a Florida-licensed civil engineer and approved by the town engineer - Sec. 62-75(l), (o) | State and federal :: Floating boat lifts and floating vessel platforms that meet s. 403.813(1)(s), F.S. (they float at all times, hold the vessel out of the water, and either sit inside a previously permitted slip or total no more than 500 sq ft - 200 sq ft in Outstanding Florida Waters - beside a qualifying dock or bulkhead) need no state permit; a local government may then ask only for a one-time registration unless the platform is attached to a bulkhead with no dock. Structures in navigable waters otherwise need Army Corps authorization unless exempt or under a general permit - 33 CFR 322.3(a).","Town of Palm Beach Code Ch. 62, Art. III, Secs. 62-74, 62-75 (Supp. 30 Update 1; Ord. 009-2024); s. 403.813(1)(s), F.S. (2026); 33 CFR 322.3(a)",2026-10,verified,Dock,Palm Beach,2,0
palm-beach,deck-requirements,Waterfront Deck Rules in Palm Beach,What are the deck setback and railing rules in Palm Beach?,,,,,,,not-started,Deck,Palm Beach,2,0
palm-beach,licensed-contractors,Checking a Marine Contractor in Palm Beach,How do I check a marine contractor in Palm Beach?,,,,,,,not-started,Failing,Palm Beach,2,0
palm-beach,storm-prep,Storm Prep for Palm Beach Waterfront Owners,What are the storm and debris rules in Palm Beach?,Every 15 years,engineer recertification of seawalls,"Palm Beach requires all bulkheads and seawalls to be kept impervious, without cracks or holes that pass sand; a cited owner must submit an engineer's condition survey and repair plans, certify completion, and recertify the wall every 15 years. During a tropical storm or hurricane watch or warning for any part of Palm Beach County, construction materials and roof tiles must be secured, stored or removed.","Seawall standard :: All bulkheads and seawalls shall be maintained in good condition to protect upland and foreshore properties, limit wave overtopping, and be impervious without cracks or holes that would allow the passage of sand - Code Sec. 62-77 | When cited :: A condition survey by a Florida professional engineer, with plans to implement the recommendations, must be submitted; on completion an engineer's certification is due, and recertification is required every 15 years from the original certification. The same survey applies when a new building or renovations over 50 percent of the primary structure's value are proposed - Sec. 62-77 (Ord. 17-99; 20-10) | Fines :: Sec. 62-77 is a Class III violation: $250 first offence, $500 second and subsequent - Sec. 2-439 | Storm watch or warning :: All construction materials, including roof tiles, and debris on building and construction sites shall be secured, stored or removed; the owner and general contractor are jointly responsible - Sec. 18-1014(a), (f)","Town of Palm Beach Code of Ordinances Secs. 2-439, 18-1014, 62-77 (Municode)",2026-10,verified,Failing,Palm Beach,2,0
palm-beach-gardens,seawall-height-requirement,Palm Beach Gardens Seawall Height Requirement,How high does a seawall have to be in Palm Beach Gardens?,No minimum,set in local code,Palm Beach Gardens' code has no seawall section and sets no seawall height. Seawalls appear only in the floodplain rules and the fertilizer setback.,"Minimum :: None found in Code of Ordinances or LDR (Ch. 78) | Floodplain :: In Zone V, bulkheads and seawalls are allowed only if also authorized by the proper federal, state or local agency, kept apart from buildings, and backed by a registered design professional's analysis of floodwater diversion and wave runup; no elevation is set - Sec. 86-137 (Ord. No. 15, 2017) | Fertilizer :: None within 10 ft of the top of a seawall or lake bulkhead, or 3 ft with a deflector shield or drop spreader - Sec. 34-39 (Ord. No. 20, 2011) | Docks :: An individual private boat dock, for the exclusive use of the upland owners or residents, is an allowed residential accessory use, and boat docks are excused from the principal structure's setbacks - Sec. 78-181(4)d, (5)d","City of Palm Beach Gardens Code of Ordinances (Municode), Ch. 86 Art. III Floodplain Management; Ch. 78 Land Development; Ch. 34 Sec. 34-39; Ch. 78 Sec. 78-181",2026-10,verified,Compliance,Palm Beach,2,0
palm-beach-gardens,seawall-permit,Seawall Permits in Palm Beach Gardens,Do I need a permit to repair a seawall in Palm Beach Gardens?,Yes,building permit,"Yes. Palm Beach Gardens' local Florida Building Code amendments require a permit to construct, alter or repair a structure, and the under-$1,000 repair exemption applies only to work that does not affect structural integrity. The city Building Division's dock and seawall checklist calls for sealed plans, a survey and Army Corps approval.","City :: Permit required to 'construct, enlarge, alter, repair' a building or structure - Sec. 86-27 Exh. A s. 105.1 | Exemption :: Repair under $1,000 exempt only if it will not adversely affect structural integrity - Sec. 86-27 Exh. A s. 105.2; a permit lapses if work does not begin within six months - s. 105.4.1; single-family permits are to issue within 30 working days unless unusual circumstances apply - s. 105.3.4 | Checklist :: The Building Division's Decking/Docks & Seawalls checklist (commercial version) requires the Universal Municipal Permit Application, digitally signed and sealed plans, Army Corps approval and a property survey, with review by Building, Development Compliance and Engineering | Flood zone V :: Seawalls need other-agency authorization plus design-professional analysis - Sec. 86-137 | Emergency work :: Where repairs must be done in an emergency, the permit application is due to the building official by the next working business day, with notice of the address, what the emergency is and the scope of work - Sec. 86-27 Exh. A s. 105.2.1 | Stale applications :: An application is treated as abandoned six months after filing unless it has been pursued in good faith or a permit has issued - s. 105.3.2 | State (FDEP) :: Restoring a seawall in place or up to 18 in. waterward can be exempt from an Environmental Resource Permit where it was damaged within the last year by a discrete event or needs only minimal backfilling, and any chapter 161 permits are obtained (s. 403.813(1)(e) F.S.; r. 62-330.051(12)(b) F.A.C.); batter piles, king piles or a cap used only to stabilize and repair a wall are also exempt (r. 62-330.051(12)(d)) | State-owned bottom :: Exempt work on sovereign submerged land still needs separate authorization under chs. 253 and 258 F.S., which the Board of Trustees grants by rule for many exempt activities (r. 62-330.051 intro; r. 18-21.005(1)(b) F.A.C.) | County :: Palm Beach County ERM's Permitting and Regulation page lists no seawall or shoreline permit program among its topics (PBC ERM Permitting and Regulation page) | Small-job exemption :: The state's under-$7,500 single-family permit exemption does not cover structural work or property in a flood hazard area (s. 553.79(1)(g)2. F.S.) | Federal :: A U.S. Army Corps of Engineers (Department of the Army) authorization is required for structures or work in or affecting navigable waters, unless exempt or covered by a nationwide or regional general permit - 33 CFR 322.3(a) (Rivers and Harbors Act s. 10)","City of Palm Beach Gardens Code Sec. 86-27 Exh. A s. 105, Sec. 86-137 (Supp. 53); Decking/Docks & Seawalls checklist; s. 403.813(1)(e), 161.053, 553.79 F.S. (2026); r. 62-330.051, 18-21.005 F.A.C.; 33 CFR 322.3(a); PBC ERM Permitting and Regulation page",2026-10,verified,Compliance,Palm Beach,2,0
palm-beach-gardens,flood-zone,Palm Beach Gardens Flood Zone & Elevation Rules,"What flood zone is Palm Beach Gardens in, and what does it require?",,,,,,,not-started,Compliance,Palm Beach,2,0
palm-beach-gardens,dock-permit-size,Dock Permits & Size Limits in Palm Beach Gardens,How big a dock can I build in Palm Beach Gardens?,50 ft or 10% of waterway width,"whichever is less, from the high-water shoreline","In Palm Beach Gardens a dock may extend no more than 50 ft from the high-water shoreline or 10% of the waterway's width, whichever is less, and may be no wider than 10 ft. Mooring piles may sit 15 ft past the dock, but the dock and piles together may not exceed 65 ft or 10% of the width. The city may waive these limits where other agencies with jurisdiction allow more.","Projection :: Docks or boathouses may not extend more than 50 ft from the high-water shoreline or 10% of the waterway width, whichever is less - Land Development Regulations 78-159, use standard (40)g.2 | Canals in residential areas :: Docks or private moorings in or next to a canal located entirely within a residential area may not exceed the greater of 5 ft or 10% of the canal width - (40)g.3 | Width :: No wider than 10 ft - (40)g.4 | T and L heads :: No longer than 20 ft and not beyond the district side setback - (40)g.6 | Side setback :: Docks, piles, davits and dolphins may not extend into the side setback required for the zoning district - (40)g.5 | Mooring piles :: Up to 15 ft beyond the dock, if the dock and piles together stay within the lesser of 65 ft or 10% of the waterway width from the high-water line - (40)g.7 | Number :: One dock or mooring per lot in residential districts, except in approved PUDs and PCDs - (40)g.8 | Waiver :: These dimensional standards may be waived where other agencies also have jurisdiction and their permits allow greater projections; boathouse standards cannot be waived - (40)g intro | Marinas :: Marinas are major conditional uses; fueling needs the state licence plus a spill contingency plan approved by the fire chief before a building permit; every marina needs a hurricane plan approved by the fire chief, pump-out service, a market study proving feasibility, and new or expanded marinas a DEP-approved water quality monitoring program - 78-159 (40)a-f | State exemption :: A private, non-commercial dock on pilings with 1,000 sq ft or less of over-water surface (500 sq ft in Outstanding Florida Waters), and the only exempt dock along 65 ft of shoreline (or one per lot if the lot is narrower), needs no state environmental permit - Fla. Stat. 403.813(1)(b). The exemption does not grant permission to use state-owned submerged lands and does not override city or county rules - 403.813(1) | Federal :: Structures in navigable waters need a Department of the Army permit, general or individual - 33 CFR 322.3(a)","City of Palm Beach Gardens Code Ch. 78 (Land Development) Sec. 78-159, use standard (40) (section history through Ord. 5, 2024, 7-11-24); Fla. Stat. 403.813(1)(b) (2026); 33 CFR 322.3(a)",2026-10,verified,Dock,Palm Beach,2,0
palm-beach-gardens,boat-lift-rules,Boat Lift Rules in Palm Beach Gardens,What are the boat lift rules in Palm Beach Gardens?,No lift-specific rule; davits within side setback,docks 50 ft or 10%,"Palm Beach Gardens does not regulate boat lifts by name. Its residential dock standards keep docks, mooring pilings, davits, dolphins and other mooring facilities out of the district side setback, cap docks at 50 feet or 10% of the waterway, allow one dock or mooring per residential lot, and bar a building permit until every federal, state and regional approval is in hand.","Davits :: Docks, mooring pilings, davits, dolphins or other mooring facilities may not extend beyond the side setback of the zoning district - LDR Sec. 78-159(40)g.5 | Reach :: Docks no more than 50 feet from the high-water shoreline or 10% of the waterway width, whichever is less; in canals wholly within residential areas, the greater of 5 feet or 10%; pilings up to 15 feet beyond a dock, total no more than 65 feet or 10% - Sec. 78-159(40)g.2-3, 7 | How many :: Not more than one dock or mooring per lot in a residential district, except in an approved PUD or PCD - Sec. 78-159(40)g.8 | Permit :: No building permit for a dock until all required federal, state, regional or other agency approvals are issued - Sec. 78-159(40)i | Waivers :: The dimensional limits may be waived where other agencies allow greater projections, but boathouse standards may not - Sec. 78-159(40)g | Not in the code :: No boat lift height, canopy rule or lift count was found (the only lift-related hit is davits) | Dock shape :: Any 'T' or 'L' projection may be no longer than 20 feet and may not extend into the side yard setback - Sec. 78-159(40)g.6 | Dock width :: Docks may not be wider than ten feet - Sec. 78-159(40)g.4 | Boathouses :: Prohibited when located on an upland area - Sec. 78-159(40)g.9 | State and federal :: Floating boat lifts and floating vessel platforms that meet s. 403.813(1)(s), F.S. (they float at all times, hold the vessel out of the water, and either sit inside a previously permitted slip or total no more than 500 sq ft - 200 sq ft in Outstanding Florida Waters - beside a qualifying dock or bulkhead) need no state permit; a local government may then ask only for a one-time registration unless the platform is attached to a bulkhead with no dock. Structures in navigable waters otherwise need Army Corps authorization unless exempt or under a general permit - 33 CFR 322.3(a).","City of Palm Beach Gardens LDR Sec. 78-159(40) (Supp. 53); s. 403.813(1)(s), F.S. (2026); 33 CFR 322.3(a)",2026-10,verified,Dock,Palm Beach,2,0
palm-beach-gardens,deck-requirements,Waterfront Deck Rules in Palm Beach Gardens,What are the deck setback and railing rules in Palm Beach Gardens?,0 ft,unroofed paved patios/decks up to 6 in high may reach the side or rear line,"Palm Beach Gardens does not count a paved patio or deck toward yards or lot coverage if it is unroofed, unenclosed and no more than 6 inches above surrounding grade; such a patio may run to the side or rear property line and may carry an open guard railing up to 3 ft high.","Patios and decks :: A paved patio or paved deck is not considered in required yard size or lot coverage if it is not roofed, enclosed, or elevated more than 6 inches above the surrounding grade within 18 inches of it; it may have an open guard railing not more than 3 ft high and may extend to the side or rear property line. LDR Sec. 78-186(2). | In-ground pools :: May be located in a required side or rear yard; in a PUD/PCD with site-plan pool setbacks, measured from the water's edge. Sec. 78-186(9)a. | Raised pools :: An above-ground pool, or any part of an in-ground pool more than 3 ft above surrounding grade within 18 inches, must meet the district's building setbacks. Sec. 78-186(9)b. | Other yard rules :: Awnings, hoods, roof overhangs and canopies may project up to 4 ft into a required setback; residential fences and walls max 6 ft, measured from the average elevation along the property line, with variances heard by the PZAB. Sec. 78-186(4), (7). | Corner lots :: No fence, wall, hedge or structure between 2.5 ft and 8 ft above the road crown inside the 25 ft corner visibility triangle. Sec. 78-186(8). | Barbed wire :: Barbed wire is prohibited in residential districts. Sec. 78-186(7)f. | Guards (state rule) :: Florida Building Code, Residential, 8th Edition (2023), Sec. R312.1.1-R312.1.3: a guard is required on open sides of a walking surface located more than 30 inches above the floor or grade below at any point within 24 inches of the open edge; it must be at least 36 inches high; openings must not let a 4-inch sphere pass. No local guard amendment was found in this city's code.","City of Palm Beach Gardens LDR Sec. 78-186 (Code Supp. 53); Florida Building Code, Residential, 8th Ed. (2023) R312.1.1-R312.1.3 (ICC Digital Codes)",2026-10,verified,Deck,Palm Beach,2,0
palm-beach-gardens,licensed-contractors,Checking a Marine Contractor in Palm Beach Gardens,How do I check a marine contractor in Palm Beach Gardens?,All contractors register,in the PBG Community Development Portal,"Palm Beach Gardens says all contractors must register in its Community Development Portal, and everyone - even someone with an account in another city's copy of the same system - needs a separate account here. Out-of-city businesses that come into the city to work register on a form with a copy of the business tax receipt from their home city or county (Code Sec. 66-37(b)).","Portal :: PBG Community Development Portal (Tyler EnerGov), palmbeachgardensfl-energovweb.tylerhost.net; large plans as PDFs only. Building Department 561-799-4210, option 1 | Code :: Sec. 66-37(a) levies the business tax on a permanent location or branch office in the city; (b) adds the registration route for everyone else | Paper :: Printed documents larger than 8 1/2 x 11 are no longer accepted | County licence :: Palm Beach County's Contractor Regulations section (Code Compliance Division, PZB) serves the Construction Industry Licensing Board under Special Act 67-1876, which requires a certificate of competency to advertise, bid or contract in the regulated trades | Marine is a county trade :: MARINE remains on the county's regulated-trades list (rev. 7/1/25): seawalls, bulkheads, revetments, docks, piers, wharfs, groins, boat lifts, davits and pile driving. Dredging and land filling was among the trades preempted on 1 July 2025 | County look-up :: County Licensed Contractor Search in the ePZB portal (pbcgov.org/ePZB.Admin.WebSPA), next to the state search; Contractor Regulations 561-233-5525 | State licence :: Search the company and the qualifier on DBPR's Verify a Licensee (myfloridalicense.com). A licence number starting with C is a state certification valid anywhere in Florida; one starting with R is a registration, good only where the holder met local competency rules - F.S. 489.105(8),(10) and the DBPR licensing page | Who may build a seawall or dock :: A certified general contractor's scope is unlimited (489.105(3)(a)). The state also certifies five marine specialties: marine specialty, marine seawall work, marine bulkhead work, marine dock work and marine pile driving - Rule 61G4-15.100(1)(b)-(f) | Workers' comp :: In construction a single employee makes coverage mandatory (440.02(20)(b)2). Up to three officers or LLC members owning at least 10% may file exemptions (440.02(18)(b)2), and the exemption certificate itself says it is not a DBPR licence (440.05(4)). Check it on the DWC data portal's Coverage and Exemptions search (dwcdataportal.fldfs.com) | Recovery fund :: For contracts signed on or after 1 July 2024 the Homeowners' Construction Recovery Fund pays at most $100,000 per claim against a Division I contractor (general, building, residential) and $30,000 against a Division II contractor, which includes the marine specialties; the lifetime caps are $2 million and $600,000 per licensee - 489.143(3),(6). Nothing is paid if the contractor was unlicensed when you signed - 489.141(2)(d) - and residential contracts over $2,500 must print the fund notice - 489.1425 | Deposits :: A contractor who takes more than 10% up front on residential work must apply for permits within 30 days and start within 90 days of the permits issuing, unless you agreed to longer in writing - 489.126(2)(a) | Three-day cancel :: If the deal was a home solicitation sale over $25 - signed away from the seller's place of business and not the result of your own request for specific goods or services - you can cancel in writing until midnight of the third business day; Sundays and federal holidays don't count - 501.021, 501.025 | Business tax is not a licence :: A contractor pays business tax where its permanent office is, and no other city or county may levy a business tax or an equivalent registration fee for temporary work there - 205.065","City of Palm Beach Gardens PBG Community Development Portal page; Code Sec. 66-37; PBC Contractor Regulations page; Regulated Trades / Standards for Certified Categories (rev. 7/1/25); BCAB preemption notice (1/21/2026); F.S. 489.105, 489.126, 489.141, 489.1425, 489.143, 440.02, 440.05, 501.021, 501.025, 205.065 (2026); Fla. Admin. Code R. 61G4-15.100; DBPR Construction Industry page and Verify a Licensee; DFS Division of Workers' Compensation construction exemption page and data portal",2026-10,verified,Failing,Palm Beach,2,0
palm-beach-gardens,storm-prep,Storm Prep for Palm Beach Gardens Waterfront Owners,What are the storm and debris rules in Palm Beach Gardens?,Edge of pavement,where private-road storm debris goes,"Palm Beach Gardens collects post-disaster debris from public and private roads once a local, state or federal emergency is declared; on private roads it must be placed at the edge of pavement or brought to the nearest public right-of-way at the owner's expense. Emergency repairs need a permit application the next working business day, with the address, nature of the emergency and scope reported immediately or by the next business day.","Collection :: When a local, state or federal state of emergency is declared, the city manager may spend public funds to collect and remove disaster debris from public lands, public roads and private roads - Code Sec. 54-63(a)-(c) (Ord. 32, 2008) | Placement :: Public roads: within the right-of-way, never in the roadway. Private roads: at the edge of pavement or brought to the nearest public right-of-way at the owner's expense - Sec. 54-63(d) | Emergency repairs :: Permit application within the next working business day; notification to the building official including the work address, nature of emergency and scope of work immediately, or by next business day - city amendment to Florida Building Code s. 105.2.1, adopted in Sec. 86-27 | Storage pods :: Portable storage units must be removed immediately on a tropical storm or hurricane watch or warning that would impact the city - Sec. 78-392(c)","City of Palm Beach Gardens Code of Ordinances Secs. 54-63, 78-392, 86-27 (Building Code administrative amendments s. 105) (Municode)",2026-10,verified,Failing,Palm Beach,2,0
boynton-beach,seawall-height-requirement,Boynton Beach Seawall Height Requirement,How high does a seawall have to be in Boynton Beach?,No minimum,set in local code,"Boynton Beach's development code requires a permit for seawalls and keeps the water-side face on the property line, but sets no seawall height.","Minimum :: None set - LDR Ch. 3 Art. V Sec. 3.O | Placement :: Water-side face may not encroach over the property line; no wall east of the 1956 Lake Worth bulkhead line - Sec. 3.O | Related :: Lake Worth landfill must be at least 6 ft above mean sea level (fill, not seawall) - Sec. 3.O | Projection :: Seawalls/docks may not extend more than 1/4 of waterway width - Sec. 3.O | Who permits :: Seawalls, bulkheads, docks and piers along access waterways are installed under a permit from the Development Department - LDR Ch. 3 Art. V Sec. 3.O | Where the line comes from :: The Lake Worth bulkhead line was set by Ordinance No. 289 on Map No. R-56-006 (September 1956), ratified in the LDR - Sec. 3.O | Someone else's waterway :: A dock in a waterway owned by a separate property holder needs that owner's written consent before any permit - Sec. 3.O | Fire rules for docks :: Fire protection requirements for docks and piers sit in Code of Ordinances Part II, Ch. 9, Art. II - Sec. 3.O | New canals :: Access waterways built with a development need 6 ft of water over a continuous 20 ft bottom width; where no seawall or bulkhead is required, banks slope at least 4:1 to that depth - LDR Ch. 4 Art. VIII Sec. 3.H.2","City of Boynton Beach Land Development Regulations, Ch. 3 Zoning, Art. V Supplemental Regulations, Sec. 3.O Seawalls, Bulkheads, Docks, and Piers (Gridics CodeHub); Ch. 4 Art. VIII Sec. 3.H (Canals and Waterways)",2026-10,verified,Compliance,Palm Beach,2,0
boynton-beach,seawall-permit,Seawall Permits in Boynton Beach,Do I need a permit to repair a seawall in Boynton Beach?,Yes,permit,"Yes. Boynton Beach's land development regulations say seawalls along access waterways must be installed under a city permit, with the water-side face not over the property line. No wall may extend into Lake Worth past the 1956 bulkhead line, and marine structures may not take up more than a quarter of the waterway.","City :: 'Seawalls, bulkheads, piers and docks installed along access waterways shall be installed under a permit issued by the Boynton Beach Development Department' - LDR Ch. 3 Art. V Sec. 3.O | Placement :: Water-side face not to encroach over the property line; no bulkhead or seawall extending into Lake Worth past the bulkhead line on the 1956 map (Ordinance No. 289); docks, seawalls and similar structures no more than one-quarter of the waterway width - Sec. 3.O | Fill :: Land filling within the mapped area needs a fill permit under City Commission direction, with fill at least 6 ft above mean sea level and compliance with state and Army Corps rules - Sec. 3.O | After the work :: No fertilizer within 10 ft of the top of a seawall or lake bulkhead, or 3 ft with a deflector shield or drop spreader - LDR Ch. 4 Art. XII Sec. 5 | State (FDEP) :: Restoring a seawall in place or up to 18 in. waterward can be exempt from an Environmental Resource Permit where it was damaged within the last year by a discrete event or needs only minimal backfilling, and any chapter 161 permits are obtained (s. 403.813(1)(e) F.S.; r. 62-330.051(12)(b) F.A.C.); batter piles, king piles or a cap used only to stabilize and repair a wall are also exempt (r. 62-330.051(12)(d)) | State-owned bottom :: Exempt work on sovereign submerged land still needs separate authorization under chs. 253 and 258 F.S., which the Board of Trustees grants by rule for many exempt activities (r. 62-330.051 intro; r. 18-21.005(1)(b) F.A.C.) | County :: Palm Beach County ERM's Permitting and Regulation page lists no seawall or shoreline permit program among its topics (PBC ERM Permitting and Regulation page) | Ocean side :: Seaward of the Coastal Construction Control Line a wall needs a separate state coastal construction permit; the chapter 161 repair exemption expressly excludes seawalls (s. 161.053(2)(a), (11)(a) F.S.) | Small-job exemption :: The state's under-$7,500 single-family permit exemption does not cover structural work or property in a flood hazard area (s. 553.79(1)(g)2. F.S.) | Federal :: A U.S. Army Corps of Engineers (Department of the Army) authorization is required for structures or work in or affecting navigable waters, unless exempt or covered by a nationwide or regional general permit - 33 CFR 322.3(a) (Rivers and Harbors Act s. 10)","City of Boynton Beach Land Development Regulations Ch. 3 Art. V Sec. 3.O and Ch. 4 Art. XII Sec. 5 (Gridics CodeHUB); s. 403.813(1)(e), 161.053, 553.79 F.S. (2026); r. 62-330.051, 18-21.005 F.A.C.; 33 CFR 322.3(a); PBC ERM Permitting and Regulation page",2026-10,verified,Compliance,Palm Beach,2,0
boynton-beach,flood-zone,Boynton Beach Flood Zone & Elevation Rules,"What flood zone is Boynton Beach in, and what does it require?",,,,,,,not-started,Compliance,Palm Beach,2,0
boynton-beach,dock-permit-size,Dock Permits & Size Limits in Boynton Beach,How big a dock can I build in Boynton Beach?,25% of waterway width,"max for docks, piles and dolphins; no fixed-foot limit","Boynton Beach's land development rules give one size limit for docks: no dock, mooring pile, dolphin or similar structure may reach farther into the waterway than one-quarter of its width, for private or commercial docking alike. Docks need a permit from the city's Development Department, and a dock in a privately owned waterway needs that owner's written consent first.","Projection :: All docks, mooring piles, dolphins, groins, seawalls, jetties, revetments and similar structures may not extend farther into the waterway than one-quarter of its width, for private or commercial docking and mooring facilities - Land Development Regulations Ch. 3 Art. V Sec. 3.O | Permit :: Seawalls, bulkheads, piers and docks along access waterways are installed under a permit from the Boynton Beach Development Department - Ch. 3 Art. V Sec. 3.O | Private waterways :: A dock in a waterway owned by a separate property holder needs that owner's written consent before any permit - Ch. 3 Art. V Sec. 3.O | Lake Worth bulkhead line :: The bulkhead line set by Ordinance No. 289 on Map No. R-56-006 (September 1956) is ratified; no bulkhead, seawall or fill structure may extend into Lake Worth beyond it - Ch. 3 Art. V Sec. 3.O | Fire protection :: Fire protection requirements for docks and piers are in City Code Part II, Ch. 9, Art. II - Ch. 3 Art. V Sec. 3.O | Not in the code :: No fixed-foot projection, dock width, deck area, height or side setback figure for single-family docks appears in Sec. 3.O | Land filling :: Filling within the bulkhead-line area needs a permit approved by the City Commission, a finished elevation of at least 6 ft above mean sea level, and compliance with the Trustees of the Internal Improvement Fund and the Army Engineers - Ch. 3 Art. V Sec. 3.O | Seawall placement :: Seawalls and bulkheads must be built with the water-side face not encroaching over the property line - Ch. 3 Art. V Sec. 3.O | Fill elevation datum :: The 6 ft fill minimum is measured against the current U.S. Government Geodetic Survey - Ch. 3 Art. V Sec. 3.O | State exemption :: A private, non-commercial dock on pilings with 1,000 sq ft or less of over-water surface (500 sq ft in Outstanding Florida Waters), and the only exempt dock along 65 ft of shoreline (or one per lot if the lot is narrower), needs no state environmental permit - Fla. Stat. 403.813(1)(b). The exemption does not grant permission to use state-owned submerged lands and does not override city or county rules - 403.813(1) | Federal :: Structures in navigable waters need a Department of the Army permit, general or individual - 33 CFR 322.3(a)","City of Boynton Beach Land Development Regulations Ch. 3 (Zoning) Art. V (Supplemental Regulations) Sec. 3.O, Gridics CodeHub; Fla. Stat. 403.813(1)(b) (2026); 33 CFR 322.3(a)",2026-10,verified,Dock,Palm Beach,2,0
boynton-beach,boat-lift-rules,Boat Lift Rules in Boynton Beach,What are the boat lift rules in Boynton Beach?,No lift-specific rule; structures max one-quarter width,Development Department permit,"Boynton Beach's land development regulations do not mention boat lifts or davits. Docks and piers need a Development Department permit, docks, mooring piles and dolphins may not reach more than one-quarter of the waterway width, and no dock may be built before construction of the house has started.","Not in the code :: No boat lift, davit, hoist or boathouse wording in the LDR (full-text search) | Permit :: Seawalls, bulkheads, piers and docks along waterways are installed under a permit from the Development Department; a dock in a waterway owned by someone else needs that owner's written consent first - LDR Ch. 3, Art. V, Sec. 3.O | Reach :: Docks, mooring piles, dolphins and similar structures may not extend more than one-quarter of the waterway width - Ch. 3, Art. V, Sec. 3.O | Timing :: No accessory structure, including boat docks, before construction of the principal building has begun - Ch. 3, Art. V, Sec. 1 | Bulkhead line :: The bulkhead line mapped under Ordinance No. 289 (map R-56-006, September 1956) is ratified; no bulkhead, seawall or other structure for land filling may extend eastward into Lake Worth beyond it - LDR Ch. 3, Art. V, Sec. 3.O | Fire protection :: Docks and piers must also meet the fire protection requirements of Code Part II, Chapter 9, Article II - LDR Ch. 3, Art. V, Sec. 3.O | State and federal :: Floating boat lifts and floating vessel platforms that meet s. 403.813(1)(s), F.S. (they float at all times, hold the vessel out of the water, and either sit inside a previously permitted slip or total no more than 500 sq ft - 200 sq ft in Outstanding Florida Waters - beside a qualifying dock or bulkhead) need no state permit; a local government may then ask only for a one-time registration unless the platform is attached to a bulkhead with no dock. Structures in navigable waters otherwise need Army Corps authorization unless exempt or under a general permit - 33 CFR 322.3(a).","City of Boynton Beach Land Development Regulations Ch. 3, Art. V, Secs. 1 and 3.O (Gridics rev. 14 Sep 2026); s. 403.813(1)(s), F.S. (2026); 33 CFR 322.3(a)",2026-10,verified,Dock,Palm Beach,2,0
boynton-beach,deck-requirements,Waterfront Deck Rules in Boynton Beach,What are the deck setback and railing rules in Boynton Beach?,2 ft,from any property line for decks/patios 1 ft high or less (3 ft if up to 3 ft high),"Boynton Beach scales deck setbacks to height: an uncovered deck or patio no more than 1 ft high keeps 2 ft from every property line, one up to 3 ft high keeps 3 ft, and anything taller meets the house setbacks. Pools may come within 2 ft of a lot line that abuts a body of water.","Uncovered decks and patios :: 2 ft from any property line if 1 ft high or less; 3 ft if more than 1 ft but no more than 3 ft high; principal building setbacks if over 3 ft. LDR Ch. 3, Art. V, Sec. 3.B.1. | Covered porches and patios :: May extend up to 10 ft into the building setback but no closer than 15 ft to the property line; must stay open-air. Sec. 3.B.2. | Water-side reductions :: Screened-roof enclosures 6 ft from the rear line, reducible to 3 ft where the rear yard abuts a body of water; pools and spas under 36 inches tall 8 ft from rear and interior side lines, reducible to 2 ft where that yard abuts a body of water. Sec. 3.C-3.D. | Seawalls :: The water-side face of a seawall or bulkhead may not encroach over the property line; docks and similar structures no farther into the waterway than one-quarter of its width. Sec. 3.O. | Hardscape :: The code defines patios and decks as hardscape (impervious) and excludes them from landscaped area. Land Development Regulations definitions. | Corner pools and sheds :: In-ground pools on corner lots may sit in the front or corner side yard 15 ft from the right-of-way when the house layout prevents a rear pool; pool pumps and sheds up to 100 sq ft stay 3 ft from rear and interior side lines. Sec. 3.D-3.E. | Seawall-top landscaping :: The landscape code recommends a voluntary 6 ft low maintenance zone from the top of a seawall, and bars fertilizer within 10 ft of a canal or the top of a seawall (3 ft with a deflector shield or drop spreader). | Guards (state rule) :: Florida Building Code, Residential, 8th Edition (2023), Sec. R312.1.1-R312.1.3: a guard is required on open sides of a walking surface located more than 30 inches above the floor or grade below at any point within 24 inches of the open edge; it must be at least 36 inches high; openings must not let a 4-inch sphere pass. No local guard amendment was found in this city's code.","City of Boynton Beach Land Development Regulations Ch. 3 Art. V Sec. 3 (B, C, D, O), published on Gridics CodeHub; Florida Building Code, Residential, 8th Ed. (2023) R312.1.1-R312.1.3 (ICC Digital Codes)",2026-10,verified,Deck,Palm Beach,2,0
boynton-beach,licensed-contractors,Checking a Marine Contractor in Boynton Beach,How do I check a marine contractor in Boynton Beach?,Out-of-city contractors register,$2 with a countywide licence,"Boynton Beach requires contractors and specialty contractors with no location or branch office in the city to register before doing business there, unless exempt under F.S. 205.065; holders of a countywide municipal contractor's licence plus a Palm Beach County business tax receipt pay a $2 registration fee (Code Sec. 13-21). New permits since 22 May 2021 run through SagesGov.","Code :: Sec. 13-21 'Registration and regulation of contractors' (Ords. 94-15, 95-22, 12-012) | Past permits :: SagesGov (sagesgov.com/boyntonbeach-fl) for applications after 22 May 2021; older permits such as 21-3000 in the legacy Click2Gov system; the Permit History page links scanned plans, applications and certificates of occupancy | Pick the right project type :: The wrong SagesGov project type means the project is abandoned and you reapply; payments cannot be moved | County licence :: Palm Beach County's Contractor Regulations section (Code Compliance Division, PZB) serves the Construction Industry Licensing Board under Special Act 67-1876, which requires a certificate of competency to advertise, bid or contract in the regulated trades | Marine is a county trade :: MARINE remains on the county's regulated-trades list (rev. 7/1/25): seawalls, bulkheads, revetments, docks, piers, wharfs, groins, boat lifts, davits and pile driving. Dredging and land filling was among the trades preempted on 1 July 2025 | County look-up :: County Licensed Contractor Search in the ePZB portal (pbcgov.org/ePZB.Admin.WebSPA), next to the state search; Contractor Regulations 561-233-5525 | State licence :: Search the company and the qualifier on DBPR's Verify a Licensee (myfloridalicense.com). A licence number starting with C is a state certification valid anywhere in Florida; one starting with R is a registration, good only where the holder met local competency rules - F.S. 489.105(8),(10) and the DBPR licensing page | Who may build a seawall or dock :: A certified general contractor's scope is unlimited (489.105(3)(a)). The state also certifies five marine specialties: marine specialty, marine seawall work, marine bulkhead work, marine dock work and marine pile driving - Rule 61G4-15.100(1)(b)-(f) | Workers' comp :: In construction a single employee makes coverage mandatory (440.02(20)(b)2). Up to three officers or LLC members owning at least 10% may file exemptions (440.02(18)(b)2), and the exemption certificate itself says it is not a DBPR licence (440.05(4)). Check it on the DWC data portal's Coverage and Exemptions search (dwcdataportal.fldfs.com) | Recovery fund :: For contracts signed on or after 1 July 2024 the Homeowners' Construction Recovery Fund pays at most $100,000 per claim against a Division I contractor (general, building, residential) and $30,000 against a Division II contractor, which includes the marine specialties; the lifetime caps are $2 million and $600,000 per licensee - 489.143(3),(6). Nothing is paid if the contractor was unlicensed when you signed - 489.141(2)(d) - and residential contracts over $2,500 must print the fund notice - 489.1425 | Deposits :: A contractor who takes more than 10% up front on residential work must apply for permits within 30 days and start within 90 days of the permits issuing, unless you agreed to longer in writing - 489.126(2)(a) | Three-day cancel :: If the deal was a home solicitation sale over $25 - signed away from the seller's place of business and not the result of your own request for specific goods or services - you can cancel in writing until midnight of the third business day; Sundays and federal holidays don't count - 501.021, 501.025 | Business tax is not a licence :: A contractor pays business tax where its permanent office is, and no other city or county may levy a business tax or an equivalent registration fee for temporary work there - 205.065","City of Boynton Beach Code Sec. 13-21; Sages Permits page; Permit History page; PBC Contractor Regulations page; Regulated Trades / Standards for Certified Categories (rev. 7/1/25); BCAB preemption notice (1/21/2026); F.S. 489.105, 489.126, 489.141, 489.1425, 489.143, 440.02, 440.05, 501.021, 501.025, 205.065 (2026); Fla. Admin. Code R. 61G4-15.100; DBPR Construction Industry page and Verify a Licensee; DFS Division of Workers' Compensation construction exemption page and data portal",2026-10,verified,Failing,Palm Beach,2,0
boynton-beach,storm-prep,Storm Prep for Boynton Beach Waterfront Owners,What are the storm and debris rules in Boynton Beach?,Five piles,how storm debris must be sorted at the curb,"Boynton Beach removes disaster debris from city property, county and state roads and private roads after a major or catastrophic disaster, but owners must stack it with its leading edge in the three-foot roadside shoulder, sorted into five piles - household, vegetative, construction and demolition, white goods, and hazardous or electronic waste - and away from lines, meters and hydrants.","City authority :: After a declared state of emergency the City Manager may remove disaster-generated debris on city-owned property, county/state roads and private roads, only after a major or catastrophic disaster and on a finding of immediate threat, threat of significant damage to city property, or need for economic recovery - Code Sec. 10-32 | Placement :: Neatly stacked with its leading edge within the three (3) foot roadside shoulder; not under power lines, on water meters, or within three (3) feet of power poles, fire hydrants, vehicles, mailboxes or fences - Sec. 10-32(f)(1), (3) | Sorting :: Separate piles for putrescent and mixed household items, vegetative debris, construction and demolition debris, white goods, and hazardous household and electronic waste - Sec. 10-32(f)(2) | Damage :: Damage to personal property caused by debris placed inconsistently with the section is the owner's responsibility - Sec. 10-32(g)",City of Boynton Beach Code of Ordinances Sec. 10-32 (Municode),2026-10,verified,Failing,Palm Beach,2,0
highland-beach,seawall-height-requirement,Highland Beach Seawall Height Requirement,How high does a seawall have to be in Highland Beach?,BFE,FEMA base flood elevation,Highland Beach requires seawalls west of A1A to be at the FEMA base flood elevation or higher. There is no fixed number; it depends on the property's flood map.,"West of A1A :: At base flood elevation (BFE) or higher per FEMA FIRM - Sec. 6-128(b) | Cap + dock width :: Combined max 8 ft - Sec. 6-128(b), 30-68(g)(6)b | Oceanfront ridge :: Seawall elevation not less than 16 ft (finished elevation 16 ft 'above mean sea level', no datum year) - Sec. 6-127(d)(1), (d)(4)a; subsection (d) prevails over other chapters per 6-127(d)(12) | Approval :: Planning board special exception - Secs. 6-127(a), 6-128(a)","Town of Highland Beach Code, Ch. 6 Art. V Seawalls; Bulkheads; Retaining Walls, Secs. 6-127, 6-128 (Ord. 2025-002)",2026-10,needs-content,Compliance,Palm Beach,2,0
highland-beach,seawall-permit,Seawall Permits in Highland Beach,Do I need a permit to repair a seawall in Highland Beach?,Yes,planning board approval + building permit,"Yes. In Highland Beach, building a seawall needs approval by the town's consulting engineer, all federal, state and county agencies, and the Planning Board, which decides seawall applications as special exceptions after a public hearing. Seawalls west of A1A must be at or above the FEMA base flood elevation, and owners of non-compliant walls can be refused other town permits.","Town :: No seawall 'erected or constructed' until plans are approved by all federal, state and county agencies with jurisdiction, the planning board and the town consulting engineer; reviewed as special exceptions - Sec. 6-128(a); plans go to the building department - Sec. 6-127(a) | Approving body :: The Planning Board is the final authority on seawall applications after a public hearing (Town Commission if part of an application it must approve); applications are filed with the building official - Sec. 30-36(a)-(d) | Elevation :: Seawalls west of A1A at or above FEMA base flood elevation; combined cap and dock width no more than 8 ft; riprap at the base on the Intracoastal and Atlantic at the town engineer's discretion - Sec. 6-128(b) | Upkeep :: Walls must be kept in good repair - Sec. 6-130; non-compliant owners can be refused permits for constructing, enlarging or repairing - Sec. 6-131 | Ocean wall :: 16 ft above mean sea level, engineer drawings approved by the town engineer, and state and county approval before a building permit - Sec. 6-127(d)(4) | Inspection :: All seawall work is subject to inspection by the town building department, and every material, labor and appliance used is subject to its approval or rejection - Sec. 6-129 | Penalties :: Enforced through code enforcement proceedings; each day a violation continues is a separate offense - Sec. 6-126 | State (FDEP) :: Restoring a seawall in place or up to 18 in. waterward can be exempt from an Environmental Resource Permit where it was damaged within the last year by a discrete event or needs only minimal backfilling, and any chapter 161 permits are obtained (s. 403.813(1)(e) F.S.; r. 62-330.051(12)(b) F.A.C.); batter piles, king piles or a cap used only to stabilize and repair a wall are also exempt (r. 62-330.051(12)(d)) | State-owned bottom :: Exempt work on sovereign submerged land still needs separate authorization under chs. 253 and 258 F.S., which the Board of Trustees grants by rule for many exempt activities (r. 62-330.051 intro; r. 18-21.005(1)(b) F.A.C.) | County :: Palm Beach County ERM's Permitting and Regulation page lists no seawall or shoreline permit program among its topics (PBC ERM Permitting and Regulation page) | Ocean side :: Seaward of the Coastal Construction Control Line a wall needs a separate state coastal construction permit; the chapter 161 repair exemption expressly excludes seawalls (s. 161.053(2)(a), (11)(a) F.S.) | Small-job exemption :: The state's under-$7,500 single-family permit exemption does not cover structural work or property in a flood hazard area (s. 553.79(1)(g)2. F.S.) | Federal :: A U.S. Army Corps of Engineers (Department of the Army) authorization is required for structures or work in or affecting navigable waters, unless exempt or covered by a nationwide or regional general permit - 33 CFR 322.3(a) (Rivers and Harbors Act s. 10)","Town of Highland Beach Code Ch. 6 Art. V Secs. 6-126 to 6-131; Sec. 30-36 (Supp. 24); s. 403.813(1)(e), 161.053, 553.79 F.S. (2026); r. 62-330.051, 18-21.005 F.A.C.; 33 CFR 322.3(a); PBC ERM Permitting and Regulation page",2026-10,verified,Compliance,Palm Beach,2,0
highland-beach,flood-zone,Highland Beach Flood Zone & Elevation Rules,"What flood zone is Highland Beach in, and what does it require?",,,,,,,not-started,Compliance,Palm Beach,2,0
highland-beach,dock-permit-size,Dock Permits & Size Limits in Highland Beach,How big a dock can I build in Highland Beach?,25 ft or 25% of waterway width,"whichever is less, from the seawall's wet face (not the Intracoastal)","Highland Beach treats every dock as a special exception heard by the Planning Board. On regulated waterways other than the Intracoastal, a dock may reach no more than 25 ft or 25% of the waterway width, whichever is less, and the seawall cap and dock together may be no more than 8 ft wide. Single-family docks keep a 25 ft side setback (15 ft on lots 50 to 70 ft wide).","Projection :: In waterways regulated by the Army Corps or another agency, docks and mooring facilities may extend no more than 25 ft or 25% of the waterway width, whichever is less, measured from the wet face of the seawall or bulkhead; docks along the Intracoastal Waterway are excluded from this limit - Town Code 30-68(g)(6)a | Width :: The combined seawall cap and dock width may not exceed 8 ft, measured from the property line - 30-68(g)(6)b-c | Side setbacks :: Single-family districts 25 ft, or 15 ft for lots at least 50 ft but under 70 ft wide; lots with under 50 ft on the water may get only a seawall-mounted davit by special exception, not a dock; multifamily 5 ft from perimeter lines - 30-68(g)(6)d | Review :: Accessory marine facilities are special exceptions decided by the Planning Board - 30-68(g)(1). Dolphins, freestanding piles, lifts, docks and moorings need a special exception at an advertised hearing, must be in a canal or waterway at least 80 ft wide, need a building permit, and require mailed notice to canal-front owners within 500 ft - 30-68(h)(1)-(2) | Boats :: No part of a moored boat beyond the property lines extended; boats moor parallel except at the landward end of a canal and, with Army Corps approval, on the Intracoastal; perpendicular docking in a canal needs a special exception and may then exceed the projection limit - 30-68(g)(4),(7) | Lifts :: Top of the lift structure no higher than base flood elevation plus 8 ft - 30-68(g)(3) | No enclosures :: No walls or roofs on marine facilities - 30-68(g)(5) | Boat basins :: At least 25 ft from side lines and no more than one-third of the property line - 30-68(g)(2) | Guests and use :: Marine facilities may serve only residents and guests staying no more than 60 days in a calendar year, may not be rented to non-residents, and may not be used commercially - 30-68(g)(1)a-b | Expert evidence :: The building official or Planning Board may ask for evidence from a recognized marine expert that mooring facilities will not endanger navigation or block reasonable visual access to public waterways - 30-68(h)(3) | Floating docks :: Permitted if they meet the zoning and building codes - 30-68(h)(6) | State exemption :: A private, non-commercial dock on pilings with 1,000 sq ft or less of over-water surface (500 sq ft in Outstanding Florida Waters), and the only exempt dock along 65 ft of shoreline (or one per lot if the lot is narrower), needs no state environmental permit - Fla. Stat. 403.813(1)(b). The exemption does not grant permission to use state-owned submerged lands and does not override city or county rules - 403.813(1) | Federal :: Structures in navigable waters need a Department of the Army permit, general or individual - 33 CFR 322.3(a)","Town of Highland Beach Code Ch. 30 (Zoning) Sec. 30-68(g)-(h) (section history through Ord. 2025-002, 1-21-25); Fla. Stat. 403.813(1)(b) (2026); 33 CFR 322.3(a)",2026-10,verified,Dock,Palm Beach,2,0
highland-beach,boat-lift-rules,Boat Lift Rules in Highland Beach,What are the boat lift rules in Highland Beach?,Special exception; max BFE + 8 ft,lift height incl. machinery,"Every boat lift in Highland Beach needs a special exception, normally decided by the planning board, which must find it protects neighbours and does not interfere with navigation. Lifting devices may be no taller than the FEMA base flood elevation plus 8 feet, measured to the top including machinery, and the town's definition says a boat's keel may not be hoisted more than one foot above the seawall. Lifts may not be enclosed or roofed.","Approval :: Boat lifts are listed as a special exception needing planning board approval in every district; the planning board is the final authority unless the facility is part of a site plan that needs town commission approval - Code Sec. 30-67 (use table); Sec. 30-68(g)(1), (3) | Height of lift :: Base flood elevation on the FEMA FIRM plus 8 feet, measured to the top of the lift structure including mechanical equipment - Sec. 30-68(g)(3) | Boat when raised :: The bottom of the keel may not be hoisted more than one foot above the existing seawall elevation, and the lift may not be higher than the boat's superstructure except for jet skis - Sec. 30-131 (definition of boat lift) | Covers :: Accessory marine facilities may not be enclosed with walls, roofs or other structures - Sec. 30-68(g)(5) | Side setback :: Marine facilities in single-family districts 25 feet from side lines, 15 feet on lots 50 to under 70 feet wide; under 50 feet of frontage, only a seawall-mounted davit by special exception - Sec. 30-68(g)(6)d.1 | Reach :: In Army Corps-regulated waterways other than the Intracoastal, docks and mooring facilities may extend 25 feet or 25% of the width, whichever is less - Sec. 30-68(g)(6)a | Boats :: A moored boat may not extend beyond the property lines extended - Sec. 30-68(g)(4) | State and federal :: Floating boat lifts and floating vessel platforms that meet s. 403.813(1)(s), F.S. (they float at all times, hold the vessel out of the water, and either sit inside a previously permitted slip or total no more than 500 sq ft - 200 sq ft in Outstanding Florida Waters - beside a qualifying dock or bulkhead) need no state permit; a local government may then ask only for a one-time registration unless the platform is attached to a bulkhead with no dock. Structures in navigable waters otherwise need Army Corps authorization unless exempt or under a general permit - 33 CFR 322.3(a).","Town of Highland Beach Code Secs. 30-67, 30-68(g), 30-131 (Supp. 24); s. 403.813(1)(s), F.S. (2026); 33 CFR 322.3(a)",2026-10,verified,Dock,Palm Beach,2,0
highland-beach,deck-requirements,Waterfront Deck Rules in Highland Beach,What are the deck setback and railing rules in Highland Beach?,0 ft,patios may reach the seawall or property line (whichever is landward),"Highland Beach lets waterfront patios and walkways run up to the property line or seawall, whichever is further landward, as long as drainage stays on site. Inland they keep 4 ft and must be porous if more than 4 inches above grade; pool decks need 4 ft from rear and side lines.","Patios and walkways :: Porous materials, at least 4 ft from the closest property line, if no more than 4 inches above finished grade; where they abut a waterway, canal or lake they may be non-porous and may encroach up to the property line or seawall abutting the water, whichever is further landward, with adequate on-site drainage. Code Sec. 30-66. | Pool decks :: At least 20 ft from the front property line and 4 ft from rear or side lot lines; alternate setbacks need building official and planning board approval, and a design professional's slope and load investigation may be required. Sec. 30-68. | Screen enclosures :: On lots whose rear line borders water, no closer than 5 ft to the right-of-way or bulkhead line, whichever is further landward. Sec. 30-66. | Docks :: Combined seawall cap and dock width max 8 ft. Sec. 30-68. | Observation decks :: Widow's walks and observation decks must be open air, not walled or roofed, no higher than the building height limit, one per dwelling, with railings matching the house. Sec. 30-68. Pool equipment and A/C units max 5 ft tall and 7 ft from the nearest property line. Sec. 30-66. | Guards (state rule) :: Florida Building Code, Residential, 8th Edition (2023), Sec. R312.1.1-R312.1.3: a guard is required on open sides of a walking surface located more than 30 inches above the floor or grade below at any point within 24 inches of the open edge; it must be at least 36 inches high; openings must not let a 4-inch sphere pass. No local guard amendment was found in this city's code.","Town of Highland Beach Code Secs. 30-66, 30-68 (Supp. 24); Florida Building Code, Residential, 8th Ed. (2023) R312.1.1-R312.1.3 (ICC Digital Codes)",2026-10,verified,Deck,Palm Beach,2,0
highland-beach,licensed-contractors,Checking a Marine Contractor in Highland Beach,How do I check a marine contractor in Highland Beach?,Registered with the Town,MGO; subs too,"Highland Beach's permit checklist says the contractor or applicant must be registered with the Town through MyGovernmentOnline, and even subcontractors who don't pull permits - framers, drywall hangers, painters, window and door installers - must register if they aren't the permit holder's payroll employees. Every application needs a cost estimate signed by both owner and contractor showing the contractor's licence number.","Cost estimate :: Company name, address, phone, licence number, scope, labour and material breakdown and total value, signed by both parties - Permit Application General Check List | Site rules :: Signed Construction Site Management Handbook acknowledgement with witness signatures; recorded notice of commencement | Portal :: the Building Department Online Portal on MGO (mgoconnect.org); Gulf Stream's permits run through Highland Beach too | County licence :: Palm Beach County's Contractor Regulations section (Code Compliance Division, PZB) serves the Construction Industry Licensing Board under Special Act 67-1876, which requires a certificate of competency to advertise, bid or contract in the regulated trades | Marine is a county trade :: MARINE remains on the county's regulated-trades list (rev. 7/1/25): seawalls, bulkheads, revetments, docks, piers, wharfs, groins, boat lifts, davits and pile driving. Dredging and land filling was among the trades preempted on 1 July 2025 | County look-up :: County Licensed Contractor Search in the ePZB portal (pbcgov.org/ePZB.Admin.WebSPA), next to the state search; Contractor Regulations 561-233-5525 | State licence :: Search the company and the qualifier on DBPR's Verify a Licensee (myfloridalicense.com). A licence number starting with C is a state certification valid anywhere in Florida; one starting with R is a registration, good only where the holder met local competency rules - F.S. 489.105(8),(10) and the DBPR licensing page | Who may build a seawall or dock :: A certified general contractor's scope is unlimited (489.105(3)(a)). The state also certifies five marine specialties: marine specialty, marine seawall work, marine bulkhead work, marine dock work and marine pile driving - Rule 61G4-15.100(1)(b)-(f) | Workers' comp :: In construction a single employee makes coverage mandatory (440.02(20)(b)2). Up to three officers or LLC members owning at least 10% may file exemptions (440.02(18)(b)2), and the exemption certificate itself says it is not a DBPR licence (440.05(4)). Check it on the DWC data portal's Coverage and Exemptions search (dwcdataportal.fldfs.com) | Recovery fund :: For contracts signed on or after 1 July 2024 the Homeowners' Construction Recovery Fund pays at most $100,000 per claim against a Division I contractor (general, building, residential) and $30,000 against a Division II contractor, which includes the marine specialties; the lifetime caps are $2 million and $600,000 per licensee - 489.143(3),(6). Nothing is paid if the contractor was unlicensed when you signed - 489.141(2)(d) - and residential contracts over $2,500 must print the fund notice - 489.1425 | Deposits :: A contractor who takes more than 10% up front on residential work must apply for permits within 30 days and start within 90 days of the permits issuing, unless you agreed to longer in writing - 489.126(2)(a) | Three-day cancel :: If the deal was a home solicitation sale over $25 - signed away from the seller's place of business and not the result of your own request for specific goods or services - you can cancel in writing until midnight of the third business day; Sundays and federal holidays don't count - 501.021, 501.025 | Business tax is not a licence :: A contractor pays business tax where its permanent office is, and no other city or county may levy a business tax or an equivalent registration fee for temporary work there - 205.065","Town of Highland Beach Permit Application General Check List; PBC Contractor Regulations page; Regulated Trades / Standards for Certified Categories (rev. 7/1/25); BCAB preemption notice (1/21/2026); F.S. 489.105, 489.126, 489.141, 489.1425, 489.143, 440.02, 440.05, 501.021, 501.025, 205.065 (2026); Fla. Admin. Code R. 61G4-15.100; DBPR Construction Industry page and Verify a Licensee; DFS Division of Workers' Compensation construction exemption page and data portal",2026-10,verified,Failing,Palm Beach,2,0
highland-beach,storm-prep,Storm Prep for Highland Beach Waterfront Owners,What are the storm and debris rules in Highland Beach?,"$5,000",maximum fine for an unsecured job site,"Highland Beach requires construction materials to be secured on a hurricane watch, and roof tiles not yet fastened to be removed or secured before a warning; ignoring the building official can bring a stop-work order and a fine of up to $5,000 set by the Town Commission after the storm. Owners must keep seawalls in good repair, and a code enforcement order can require abatement within 30 days.","Construction :: All construction materials on-site must be secured and fastened on a hurricane watch or when the building official notifies that the town has declared an emergency; roof tiles placed but not fastened before a hurricane warning must be removed or secured - Code Sec. 12-5(a)-(b) | Penalty :: Failure may result in a stop-work order and/or a maximum five thousand dollar ($5,000.00) fine determined after the hurricane by the town commission; an unpaid fine holds up the certificate of occupancy or final inspection - Sec. 12-5(c) | Seawall duty :: All seawalls, bulkheads and retaining walls shall be maintained and kept in good repair by the owner - Sec. 6-130 | Abatement :: After a hearing on at least ten days' notice, the code enforcement board may order abatement within a reasonable time not to exceed thirty (30) days; if ignored, the town may do the work and charge the owner costs, interest and fees. If a seawall emergency exists, the town manager calls an immediate commission meeting to declare it - Sec. 6-132(a), (c), (d)","Town of Highland Beach Code of Ordinances Secs. 6-130, 6-132, 12-5 (Municode)",2026-10,verified,Failing,Palm Beach,2,0
marathon,seawall-height-requirement,Marathon Seawall Height Requirement,How high does a seawall have to be in Marathon?,No minimum,set in local code,"Marathon's Land Development Regulations set no minimum or maximum seawall top elevation in any datum. The city fixes a two-foot cap width and a six-inch retention swale, berm or curb behind the wall, but the height comes from your engineer's design and your permits.","No fixed elevation :: Marathon LDR Sec. 106.36(H), Hardened Shorelines, sets the rules for bulkheads and seawalls and states no top elevation in NAVD88, NGVD29 or any other datum. | When a wall is allowed :: Only on residential canals and altered shorelines, and only where riprap or sloping rock revetments with biotechnical erosion control will not suffice, as determined by the City Biologist. Sec. 106.36(H). | Replacement or severe erosion :: Allowed when replacing an existing deteriorated bulkhead or seawall, or to stabilize a severely eroded shoreline where riprap is shown not to be sufficient. Sec. 106.36(H)(1). | Cap width :: Seawalls may have a cap of two feet in width. Sec. 106.36(H)(1). | Retention behind the wall :: The design must include a minimum six-inch retention swale, berm or curb directly landward of the wall. Sec. 106.36(H)(5). | Wall line :: The bulkhead line is set at the property's average mean high water line when the permit is requested, and reclaiming eroded land by bulkheading and backfilling is prohibited. Sec. 106.36(H)(6). | No open water :: No new vertical seawalls or bulkheads on open water shorelines, and none on or waterward of a sea turtle nesting beach. Sec. 106.36(H)(3) and (H)(4). | Engineer required :: All waterfront construction such as docks, piers, seawalls or revetments shall be planned and designed by a professional engineer. Sec. 104.64(B)(16). | V zones :: In coastal high hazard areas, bulkheads and seawalls need other-agency authorization, must stand clear of buildings, and need a design professional's analysis showing no harmful diversion of floodwaters or wave runup. Sec. 107.102.11(E)(1).","City of Marathon Code, Appendix A Land Development Regulations, Sec. 106.36(H) Hardened Shorelines; also Secs. 106.38(F), 104.64(B)(16), 107.102.11(E)(1), 108.20(B)",2026-10,verified,Compliance,Monroe,2,0
marathon,seawall-permit,Seawall Permits in Marathon,Do I need a permit to repair a seawall in Marathon?,Yes,city permit; state/federal approvals first,"Yes. Marathon requires anyone doing bulkhead, seawall or riprap work in surface waters to file a natural resources inventory or similar notice and get all federal, state and water management district approvals and a city permit first. Replacing a deteriorated wall is allowed, but no new vertical seawalls on open water, and hardening only where the City Biologist finds riprap will not do.","City :: Applicants must submit a natural resources inventory or comparable administrative notice and 'must obtain all necessary federal, state and water management district approvals and a permit from the City prior to initiating' the work; bulkheads, seawalls and riprap must meet the Hardened Shorelines rules - LDR Sec. 106.38. Hardened vertical structures only on residential canals and altered shorelines where riprap or sloping revetments with biotechnical erosion control will not suffice as determined by the City Biologist; allowed when replacing an existing deteriorated bulkhead or seawall; no new vertical seawalls on open water - Sec. 106.36. Designs must include a six-inch retention swale, berm or curb landward of the wall; caps may be two feet wide; the bulkhead line is the average mean high water line when the permit is requested, and reclaiming eroded land by bulkheading and backfilling is prohibited - Sec. 106.36 | State :: Restoring a seawall at its previous location, upland of it, or within 18 inches waterward is exempt from a state environmental resource permit; the exemption does not replace permission to use state-owned submerged land or county and city requirements, and does not cover chapter 161 coastal permits - s. 403.813(1), (1)(e), F.S. | Federal :: A U.S. Army Corps of Engineers (Department of the Army) authorization is required for structures or work in or affecting navigable waters, unless exempt or covered by a nationwide or regional general permit - 33 CFR 322.3(a) (Rivers and Harbors Act s. 10)","Marathon LDR Secs. 106.36, 106.38 (municipalcodeonline); s. 403.813(1)(e), F.S. (2026); 33 CFR 322.3(a)",2026-10,verified,Compliance,Monroe,2,0
marathon,flood-zone,Marathon Flood Zone & Elevation Rules,"What flood zone is Marathon in, and what does it require?",,,,,,,not-started,Compliance,Monroe,2,0
marathon,dock-permit-size,Dock Permits & Size Limits in Marathon,How big a dock can I build in Marathon?,100 ft or 10% of waterbody width,max dock length from mean low water; ends in 4 ft of water,"In Marathon a dock's length must suit the parcel's shoreline and may not exceed 100 ft from the mean low water line or 10% of the water body's width, and the dock plus a moored boat may not take more than 25% of the navigable channel. Docks must end in at least 4 ft of water at mean low water, with a 4 ft-deep, 20 ft-wide route to open water. One dock per single-family property.","Length :: Commensurate with the parcel's shoreline width, up to 100 ft waterward of the mean low water line, and no more than 10% of the water body's width measured mean low water to mean low water; a dock may be lengthened only enough to put an average vessel's centerline in the required depth - Land Development Regulations 104.64 (Docking Facilities, Maximum Length) | Channel :: A dock or mooring structure with a moored vessel may not take more than 25% of the navigable portion of the water body - 104.64 | Depth :: At least minus 4 ft at mean low water at the terminal end, and continuous access to open water at least 4 ft deep over a 20 ft-wide channel (or a marked state- and federally-approved channel) - 104.64 | Seagrass :: Docks may not terminate over seagrass or hardbottom except as permitted by FDEP and the Army Corps - 104.64 | Design :: Docks perpendicular to shore; any parallel structure no more than 8 ft wide; walkways cut through mangroves no wider than 4 ft; a pier or T/L terminal platform no wider than 8 ft and no more than 160 sq ft - 104.64 | Heights :: Pilings up to 8.5 ft above the dock's walking surface (11.5 ft above mean high water if freestanding); benches and lockers 4 ft; boat lift structure 5 ft above the dock or seawall cap; pile-mounted davits 8.5 ft; lights no higher than 6 ft and no dusk-to-dawn lights - 104.64 | Roofs :: No building over wetlands or submerged waters; covered boat lifts without side walls may be allowed up to 20 ft above mean high water, but not over protected marine resources - 104.64 | Setbacks :: Multi-family and commercial docks next to single-family waterfront property must be set back 20 ft from that property and riparian line unless neighbours sign no-objection statements; joint docks may sit on the shared line - 104.64 | Length exceptions :: The City Manager may allow extra length only to reach the required depth, after mailed notice to shoreline owners within 300 ft at least 30 days ahead; not available on turtle-nesting beaches such as the oceanfront of Grassy Key - 104.64 | Permit :: Federal, state and water management district permits first, then the building permit; single-family applications need signed and sealed survey drawings and copies of the DEP and Army Corps permits; all docks designed by a professional engineer - 104.64 | Outstanding Florida Waters :: The Florida Keys waters, out to three leagues around Key West and the Keys, are designated Outstanding Florida Waters, except the Key West sewage outfall, the Stock Island power plant mixing zone and artificial waterbodies such as dredged canals - F.A.C. 62-302.700(9)(i)13. A dock in an Outstanding Florida Water qualifies for the state permit exemption only up to 500 sq ft over water - Fla. Stat. 403.813(1)(b)1 | State exemption :: A private, non-commercial dock on pilings with 1,000 sq ft or less of over-water surface (500 sq ft in Outstanding Florida Waters), and the only exempt dock along 65 ft of shoreline (or one per lot if the lot is narrower), needs no state environmental permit - Fla. Stat. 403.813(1)(b). The exemption does not grant permission to use state-owned submerged lands and does not override city or county rules - 403.813(1) | Federal :: Structures in navigable waters need a Department of the Army permit, general or individual - 33 CFR 322.3(a)","City of Marathon Land Development Regulations Sec. 104.64 Waterfront Walkways and Docks (amended by Ord. 2023-02, 3-14-2023), municipalcodeonline.com; F.A.C. 62-302.700(9)(i)13 (rule effective 11-25-2025); Fla. Stat. 403.813(1)(b) (2026); 33 CFR 322.3(a)",2026-10,verified,Dock,Monroe,2,0
marathon,boat-lift-rules,Boat Lift Rules in Marathon,What are the boat lift rules in Marathon?,Allowed; lift max 5 ft above dock,covered lifts to 20 ft above MHW,"Marathon limits the frame of a boat lift beside a dock or seawall to 5 feet above the dock's highest walking surface or the seawall cap, not counting boat guides; pile-mounted davits may reach 8.5 feet. Covered lifts without side walls are allowed up to 20 feet above mean high water, but not over protected seagrass or hardbottom, and a lift is not permitted where it would harm nearby natural resources.","Height of lift :: No part of a boat lift beside a dock or seawall, except boat guides, may exceed 5 feet above the highest walking surface of the dock or seawall cap - LDR Sec. 104.64 (docking facilities) | Davits :: Pile-mounted davits no higher than 8.5 feet above the highest walking surface of the dock - Sec. 104.64 | Covers :: Covered boat lifts without side walls may be permitted; covered lifts over submerged bottoms with protected living marine resources are prohibited; maximum 20 feet from mean high water to the highest point - Sec. 104.64 | Natural resources :: Boat lifts are not permitted where they can reasonably be expected to harm natural resources in the immediate vicinity - Sec. 104.64 | Tie-downs :: Docks with boat lifts, davits or similar mechanisms must have cleats, rings or similar points to secure the boat out of the water in high wind - Sec. 104.64 | Reach :: Docks no longer than 100 feet from mean low water or 10% of the water body width; dock or mooring structure plus moored vessel no more than 25% of the navigable portion - Sec. 104.64 | How many :: One dock structure per single-family property under common ownership - Sec. 104.64 | Permits :: All federal, state and water management district permits before the city building permit - Sec. 104.64 | State and federal :: Floating boat lifts and floating vessel platforms that meet s. 403.813(1)(s), F.S. (they float at all times, hold the vessel out of the water, and either sit inside a previously permitted slip or total no more than 500 sq ft - 200 sq ft in Outstanding Florida Waters - beside a qualifying dock or bulkhead) need no state permit; a local government may then ask only for a one-time registration unless the platform is attached to a bulkhead with no dock. Structures in navigable waters otherwise need Army Corps authorization unless exempt or under a general permit - 33 CFR 322.3(a).","City of Marathon LDR (Code App. A) Sec. 104.64 (municipalcodeonline.com, read 3 Oct 2026); s. 403.813(1)(s), F.S. (2026); 33 CFR 322.3(a)",2026-10,verified,Dock,Monroe,2,0
marathon,deck-requirements,Waterfront Deck Rules in Marathon,What are the deck setback and railing rules in Marathon?,10 ft,minimum buffer from MHW or mangrove roots for accessory structures on canal lots,"Marathon's water-resource buffer table puts houses 20 ft from mean high water on canal lots (10 ft on lots under 4,500 sq ft) and accessory structures, including non-enclosed decks, gazebos and pools, at least 10 ft back. On unaltered shorelines accessory structures need 25 ft.","Buffer table :: Principal structure on manmade canals, channels, basins and lawfully altered shorelines 20 ft; small lots under 4,500 sq ft 10 ft; open water unaltered 50 ft; measured from the MHWL or the landward extent of the mangrove root system, whichever is further landward. LDR Sec. 106.28, Table 106.28.1. | Accessory structures :: 10 ft minimum on canals and altered shorelines, 15 ft on filled open-water shorelines, 25 ft on unaltered shorelines; footnote lists outdoor recreational accessory structures such as non-enclosed decks, gazebos, pools, spas, permanent barbecues and fish cleaning tables. Docks, pilings, fences, ramps, seawalls and walkways are excepted. Table 106.28.1. | Buffer protection :: The buffer keeps existing undisturbed vegetation; wetlands may not be filled to meet the buffer; unpermitted alteration requires restoration at a 3:1 ratio. Sec. 106.28. | Wetland buffers :: Wetlands without listed species need a 50 ft buffer, reducible to an average of 25 ft (never under 15 ft) if the whole setback is planted in native vegetation with a stormwater plan, a conservation easement and a solid wall or fence at least 6 ft tall. Table 106.28.1. | Guards (state rule) :: Florida Building Code, Residential, 8th Edition (2023), Sec. R312.1.1-R312.1.3: a guard is required on open sides of a walking surface located more than 30 inches above the floor or grade below at any point within 24 inches of the open edge; it must be at least 36 inches high; openings must not let a 4-inch sphere pass. No local guard amendment was found in this city's code.","City of Marathon LDRs Sec. 106.28 Water Resource and Wetland Buffers, Table 106.28.1 (Ord. 2011-04, 2022-08; municipalcodeonline); Florida Building Code, Residential, 8th Ed. (2023) R312.1.1-R312.1.3 (ICC Digital Codes)",2026-10,verified,Deck,Monroe,2,0
marathon,licensed-contractors,Checking a Marine Contractor in Marathon,How do I check a marine contractor in Marathon?,,,,,,,not-started,Failing,Monroe,2,0
marathon,storm-prep,Storm Prep for Marathon Waterfront Owners,What are the storm and debris rules in Marathon?,Right of entry,to clear debris from private canals,"Marathon gives the City a right of entry to remove disaster debris from canals, private or public - and from upland lots next to a canal when needed for equipment - when the City Manager finds an immediate threat, including submerged or partially submerged vessels making a canal impassable. Commercial dock applications must include an approved hurricane preparedness plan.","Canals :: The City has the right of entry and authority to remove disaster-generated debris on or in canals, whether privately or publicly owned, when the debris poses an immediate threat; the right extends to adjacent upland private property needed for equipment access - Code Sec. 26-103.1 (Ord. 2017-08; 2023-01) | Threat test :: Includes contaminants likely to impair city waterways, and debris - including submerged or partially submerged vessels - rendering canals impassible or extremely dangerous to vessels or blocking first responders - Sec. 26-103.1 | Commercial docks :: Applications must include an approved hurricane preparedness plan; all docks, piers, seawalls and revetments are designed by a professional engineer - LDR Sec. 104.64",City of Marathon Code Sec. 26-103.1 and LDR Sec. 104.64 (municipalcodeonline.com),2026-10,verified,Failing,Monroe,2,0
islamorada,seawall-height-requirement,Islamorada Seawall Height Requirement,How high does a seawall have to be in Islamorada?,No minimum,set in local code,"Islamorada's Village Code sets no minimum or maximum seawall top elevation in any datum. Its shoreline-hardening rules are strict: vertical seawalls are barred on open water, and a damaged seawall is to be repaired with riprap and native plants unless riprap is shown not to be feasible.","No fixed elevation :: Islamorada Village Code Sec. 30-1545, Bulkheads, seawalls or riprap, sets no seawall top elevation in NAVD88, NGVD29 or any other datum. | Open water :: New vertical seawalls or bulkheads are not permitted on open water except under F.S. 373.414(5). Vertical seawalls as defined in Rule 62-330, F.A.C., shall not be permitted. Sec. 30-1545(a) and (b). | Altered shorelines :: Hardening with bulkheads, seawalls and other vertical structures may be permitted only to stabilize severely eroding shorelines under Rule 62-330.0501(12), F.A.C., and the conditions in subsection (e). Sec. 30-1545(c). | Retention behind the wall :: The design must include a minimum six-inch retention swale, berm or curb directly landward of the system. Sec. 30-1545(b) and (e)(5). | Repairs :: A deteriorated, lawfully existing seawall may be repaired or replaced, keeping the existing footprint to the maximum extent practicable. Damaged seawalls shall be repaired using riprap with native shoreline vegetation, and bulkheads are permitted only if riprap with filter cloth is not feasible. Sec. 30-1545(g). | Cap width :: A seawall may have a cap up to two feet wide without being considered a dock. Sec. 30-1545(i). | Setback :: The shoreline setback does not apply to seawalls, retaining walls, riprap and bulkheads permitted under the division. Sec. 30-1542(c). | V and Coastal A zones :: Bulkheads and seawalls need other-agency authorization, must stand clear of buildings, and need a design professional's analysis showing no harmful diversion of floodwaters or wave runup. Sec. 6-94.4(d)(1).","Islamorada, Village of Islands, Village Code Ch. 30 Land Development Regulations, Sec. 30-1545 (Bulkheads, seawalls or riprap); also Sec. 30-1542 and Sec. 6-94.4",2026-10,verified,Compliance,Monroe,2,0
islamorada,seawall-permit,Seawall Permits in Islamorada,Do I need a permit to repair a seawall in Islamorada?,Yes,village building permit,"Yes. Islamorada requires building permits as the Florida Building Code provides and for any work subject to floodplain rules, and its minor-repair exemption applies only under $2,500. Deteriorated seawalls may be repaired or replaced within their footprint, but the code calls for repair with riprap and native vegetation, allowing a bulkhead only if the director finds riprap is not feasible.","City :: Permits are required as provided in the Florida Building Code and for any work subject to floodplain management requirements; minor repairs as defined in the FBC are exempt only if worth less than $2,500 - Code Sec. 6-61. Deteriorated lawfully existing seawalls, bulkheads or riprap may be repaired or replaced keeping the existing footprint to the maximum extent practicable and only as needed to protect the upland; deteriorated or damaged seawalls and bulkheads shall be repaired using riprap with native shoreline vegetation, and bulkheads only if riprap with filter cloth and native vegetation is not feasible as determined by the director - Sec. 30-1545. New vertical seawalls on open water only under s. 373.414(5), F.S.; systems need a six-inch retention berm or curb landward; open-water hardening requires planting at least 50% of the hardened shoreline as a Class B bufferyard approved by the Village Biologist - Sec. 30-1545 (Ord. 14-08) | State :: Restoring a seawall at its previous location, upland of it, or within 18 inches waterward is exempt from a state environmental resource permit; the exemption does not replace permission to use state-owned submerged land or county and city requirements, and does not cover chapter 161 coastal permits - s. 403.813(1), (1)(e), F.S. | Federal :: A U.S. Army Corps of Engineers (Department of the Army) authorization is required for structures or work in or affecting navigable waters, unless exempt or covered by a nationwide or regional general permit - 33 CFR 322.3(a) (Rivers and Harbors Act s. 10)","Islamorada Village Code Secs. 6-61, 30-1545 (municipalcodeonline); s. 403.813(1)(e), F.S. (2026); 33 CFR 322.3(a)",2026-10,verified,Compliance,Monroe,2,0
islamorada,flood-zone,Islamorada Flood Zone & Elevation Rules,"What flood zone is Islamorada in, and what does it require?",,,,,,,not-started,Compliance,Monroe,2,0
islamorada,dock-permit-size,Dock Permits & Size Limits in Islamorada,How big a dock can I build in Islamorada?,10% of waterbody width,max; pier docks no longer than 100 ft,"Islamorada allows only T-shaped and similar docks perpendicular to the shore, and no dock may exceed 10% of the water body's width, measured mean low water to mean low water. A pier dock may be no longer than twice the parcel's shoreline frontage or 100 ft, whichever is less, with a terminal platform of up to 160 sq ft. On manmade waters, dock plus boat, lift and piles may not block more than 25% of the navigable channel.","Design and width share :: Only T-designs and similar designs perpendicular to the shoreline, unless they would block lawful navigation; docks may not exceed 10% of the width of the water body measured from mean low water to the opposite mean low water - Village Code 30-1547 | Channel :: A dock with a moored vessel, lift or piles may not obstruct more than 25% of the navigable portion of a manmade water body - 30-1547 | Depth :: At least 4 ft at mean low water at the end with continuous access to open water; minus 5 ft if the dock ends over seagrass unless a state DEP exemption applies; no dock may end over hardbottom regardless of depth (DEP exemptions aside); a dock at the full 10% may end shallower if 4 ft is reached within 5 ft of the end - 30-1547 | Pier docks :: No longer than twice the parcel's shoreline frontage or 100 ft, whichever is less, measured from mean low water; terminal platform no wider than 8 ft and no more than 160 sq ft, with an optional open gazebo up to 100 sq ft; reflective markers every 50 ft - 30-1550 | Long-dock variance :: Except on Lower Matecumbe Key, the director may grant the minimum extra length needed to reach adequate depth; adjacent owners within 300 ft may request a hearing within 35 days of the notice - 30-1550 | Seawalled canals :: Docks may run the full shoreline; no wider than 8 ft (10 ft for commercial, public or more than three units); one 13 ft-wide section up to 35 ft long between davits per lot or per 100 ft - 30-1548 | Mangrove shorelines :: T or L dock with a parallel section up to 100 ft long and 5 ft wide and walkways no wider than 4 ft, one per 100 ft - 30-1549 | One dock :: One dock per single-family or duplex use - 30-1547 | Covered lifts :: Open-sided covered lifts only over a cut-in slip on a manmade canal, not past its mouth or over mangroves, seagrass or hardbottom, roof no higher than 12 ft above grade - 30-1542 | Permit :: All development waterward of mean high water needs Army Corps and state DEP approval; open-water projects need a benthic survey unless waived - 30-1543 | Outstanding Florida Waters :: The Florida Keys waters, out to three leagues around Key West and the Keys, are designated Outstanding Florida Waters, except the Key West sewage outfall, the Stock Island power plant mixing zone and artificial waterbodies such as dredged canals - F.A.C. 62-302.700(9)(i)13. A dock in an Outstanding Florida Water qualifies for the state permit exemption only up to 500 sq ft over water - Fla. Stat. 403.813(1)(b)1 | State exemption :: A private, non-commercial dock on pilings with 1,000 sq ft or less of over-water surface (500 sq ft in Outstanding Florida Waters), and the only exempt dock along 65 ft of shoreline (or one per lot if the lot is narrower), needs no state environmental permit - Fla. Stat. 403.813(1)(b). The exemption does not grant permission to use state-owned submerged lands and does not override city or county rules - 403.813(1) | Federal :: Structures in navigable waters need a Department of the Army permit, general or individual - 33 CFR 322.3(a)","Village of Islamorada Code Ch. 30 Div. 30-VII-2, Secs. 30-1542 (amended by Ord. 24-15, 11-18-2024), 30-1543, 30-1547 (through Ord. 11-11), 30-1548 to 30-1550, municipalcodeonline.com; F.A.C. 62-302.700(9)(i)13 (rule effective 11-25-2025); Fla. Stat. 403.813(1)(b) (2026); 33 CFR 322.3(a)",2026-10,verified,Dock,Monroe,2,0
islamorada,boat-lift-rules,Boat Lift Rules in Islamorada,What are the boat lift rules in Islamorada?,Allowed; covered lifts only over cut-in slips,roof max 12 ft above grade,"Islamorada allows lifts and davits as water-dependent structures in the shoreline setback, but an open-sided covered boat lift may only go over a cut-in boat slip on a manmade canal and may not reach past the mouth of the cut-in or over mangroves, seagrass or hard bottom. Its roof may be no more than 12 feet above grade. A dock together with a moored vessel, lift or piles may not block more than 25% of a manmade water body's navigable width.","Allowed :: Docks, lifts and davits are water-dependent accessory structures permitted in the shoreline setback - Code Sec. 30-1542 | Covers :: Open-sided covered boat lifts only over a cut-in boat slip on manmade canals, not beyond the mouth of the cut-in, and not over mangroves, submerged seagrasses or hard-bottom communities; roof and supports may extend 2 feet into the shoreline setback around the slip; no decks or habitable space on the roof; highest point of the roof no more than 12 feet above grade - Sec. 30-1542 | Reach :: No dock together with a moored vessel, lift or mooring piles may obstruct more than 25% of the navigable portion of a manmade water body; docks no more than 10% of the water body width - Sec. 30-1547 | Tie-downs :: Docks with boat lifts, davits or similar lifting mechanisms must provide cleats, rings or similar points to secure the boat out of the water in high wind - Sec. 30-1547 | Depth :: At least 4 feet at mean low water at the end of the dock, or minus 5 feet over seagrass - Sec. 30-1547 | How many :: One dock per single-family or duplex use - Sec. 30-1547 | State and federal :: Floating boat lifts and floating vessel platforms that meet s. 403.813(1)(s), F.S. (they float at all times, hold the vessel out of the water, and either sit inside a previously permitted slip or total no more than 500 sq ft - 200 sq ft in Outstanding Florida Waters - beside a qualifying dock or bulkhead) need no state permit; a local government may then ask only for a one-time registration unless the platform is attached to a bulkhead with no dock. Structures in navigable waters otherwise need Army Corps authorization unless exempt or under a general permit - 33 CFR 322.3(a).","Islamorada, Village of Islands Code Secs. 30-1542, 30-1547 (municipalcodeonline.com, read 3 Oct 2026; Ord. 11-11); s. 403.813(1)(s), F.S. (2026); 33 CFR 322.3(a)",2026-10,verified,Dock,Monroe,2,0
islamorada,deck-requirements,Waterfront Deck Rules in Islamorada,What are the deck setback and railing rules in Islamorada?,10 ft,"from MHW or mangroves for elevated decks, pavers, gazebos and pool decks on canal lots","Islamorada lets elevated decks, pavers, open gazebos up to 15 ft and pools with their decks into the canal-lot shoreline setback if they keep 10 ft from mean high water or the mangroves and one canopy tree is planted per 50 ft of rear line. Houses stay 20 ft back, and structures may cover at most 60% of the setback.","Principal structures :: 20 ft from the MHWL along legally altered shorelines including manmade canals, channels and basins; 30 to 50 ft on open water and 50 ft on unaltered shorelines. Village Code Sec. 30-1542. | Decks on canal lots :: Elevated decks, pavers or non-enclosed gazebos up to 15 ft tall, and pools and spas with associated decks and screens, need a 10 ft setback from the MHWL or landward extent of mangroves plus at least one canopy tree per 50 ft of rear property line planted in the setback; combined structures max 60% of the upland setback. Sec. 30-1542. | Gazebos on docks :: Non-enclosed gazebos and tiki huts up to 15 ft on docks parallel to the shoreline are allowed within the 10 ft setback. Sec. 30-1542. | Open water and unaltered shores :: Altered open water: 10 ft plus a 10 ft Class B bufferyard, 30% coverage; unaltered: pools, elevated decks and pervious pavers 20 ft plus bufferyard, 30% coverage. Sec. 30-1542. | Boat lifts :: Covered boat lift roofs max 12 ft above grade, may reach 2 ft into the setback, and may carry no decks or habitable space. Sec. 30-1542. | Sand on open water :: Landscaping sand may go in the shoreline setback only 20 ft from MHW or mangroves, without raising grade more than 6 inches, behind filter cloth and berms no taller than 12 inches. Sec. 30-1542. | Water-dependent uses :: Docks, lifts, davits, ramps, slips, seawalls, elevated walkways, fish cleaning stations and dock master's offices (max 150 sq ft) may sit in the setback; launching or removing motorized watercraft is limited to lawfully existing dock and ramp facilities. Sec. 30-1542. | Guards (state rule) :: Florida Building Code, Residential, 8th Edition (2023), Sec. R312.1.1-R312.1.3: a guard is required on open sides of a walking surface located more than 30 inches above the floor or grade below at any point within 24 inches of the open edge; it must be at least 36 inches high; openings must not let a 4-inch sphere pass. No local guard amendment was found in this village's code.","Village of Islamorada Code Sec. 30-1542 Shoreline Setback (municipalcodeonline); Florida Building Code, Residential, 8th Ed. (2023) R312.1.1-R312.1.3 (ICC Digital Codes)",2026-10,verified,Deck,Monroe,2,0
islamorada,licensed-contractors,Checking a Marine Contractor in Islamorada,How do I check a marine contractor in Islamorada?,Register with the Village,CityView business account; annual fees,"Islamorada requires state-certified and registered contractors with a valid Monroe County certificate of competency to register with the Village before working there, using the Contractor Registration Checklist and a CityView business portal account. Contractors must upload renewals and pay annual fees to stay active, and permit applications are accepted only electronically in CityView.","Registration :: Create a CityView Portal account for the business with a business email, follow 'Contractor License Registration (Required to work in the Village)', then activate the Business Portal user account - Contractor Registration page | Verify :: State licences through DBPR (1-850-487-1395); county licences through the Monroe County Licensing Coordinator, 305-289-2583 | Past permits :: CityView Portal (cvportal.us/CityViewPortal); Building Department, 2nd floor, 86800 Overseas Highway, which keeps permit records and contractor registrations - Building Services page | County certificates :: Monroe's Contractors Examining Board (County Code Secs. 6-263 to 6-270) issues certificates of competency, including Seawall & Small Dock (Marine Const.) Engineering Class II (c), which needs three years' experience. County certificate holders may work only where the county has a reciprocal agreement | County look-up :: Search county licences in MCeSearch (mcesearch.monroecounty-fl.gov) or call the Monroe County Licensing Coordinator, 305-289-2583 | State licence :: Search the company and the qualifier on DBPR's Verify a Licensee (myfloridalicense.com). A licence number starting with C is a state certification valid anywhere in Florida; one starting with R is a registration, good only where the holder met local competency rules - F.S. 489.105(8),(10) and the DBPR licensing page | Who may build a seawall or dock :: A certified general contractor's scope is unlimited (489.105(3)(a)). The state also certifies five marine specialties: marine specialty, marine seawall work, marine bulkhead work, marine dock work and marine pile driving - Rule 61G4-15.100(1)(b)-(f) | Workers' comp :: In construction a single employee makes coverage mandatory (440.02(20)(b)2). Up to three officers or LLC members owning at least 10% may file exemptions (440.02(18)(b)2), and the exemption certificate itself says it is not a DBPR licence (440.05(4)). Check it on the DWC data portal's Coverage and Exemptions search (dwcdataportal.fldfs.com) | Recovery fund :: For contracts signed on or after 1 July 2024 the Homeowners' Construction Recovery Fund pays at most $100,000 per claim against a Division I contractor (general, building, residential) and $30,000 against a Division II contractor, which includes the marine specialties; the lifetime caps are $2 million and $600,000 per licensee - 489.143(3),(6). Nothing is paid if the contractor was unlicensed when you signed - 489.141(2)(d) - and residential contracts over $2,500 must print the fund notice - 489.1425 | Deposits :: A contractor who takes more than 10% up front on residential work must apply for permits within 30 days and start within 90 days of the permits issuing, unless you agreed to longer in writing - 489.126(2)(a) | Three-day cancel :: If the deal was a home solicitation sale over $25 - signed away from the seller's place of business and not the result of your own request for specific goods or services - you can cancel in writing until midnight of the third business day; Sundays and federal holidays don't count - 501.021, 501.025 | Business tax is not a licence :: A contractor pays business tax where its permanent office is, and no other city or county may levy a business tax or an equivalent registration fee for temporary work there - 205.065","Islamorada, Village of Islands Contractor Registration page; Building Services page; Monroe County Contractors Examining Board page; New Certificate of Competency checklist (rev. 07/23/2026); File A Contractor Complaint page; F.S. 489.105, 489.126, 489.141, 489.1425, 489.143, 440.02, 440.05, 501.021, 501.025, 205.065 (2026); Fla. Admin. Code R. 61G4-15.100; DBPR Construction Industry page and Verify a Licensee; DFS Division of Workers' Compensation construction exemption page and data portal",2026-10,verified,Failing,Monroe,2,0
islamorada,storm-prep,Storm Prep for Islamorada Waterfront Owners,What are the storm and debris rules in Islamorada?,Owner's responsibility,"debris on private property, including boats in canals","Islamorada treats removal of disaster debris from private property as the owner's responsibility, though the Village may clear private rights-of-way, gated communities and canals after a significant disaster when there is an immediate threat; its definition of disaster debris expressly includes marine vessels deposited in canals. New vertical seawalls are not permitted on open water except under state criteria.","Debris :: As a general proposition, removal of disaster-generated debris from private property is the responsibility of the property owner; the Village may evaluate and remove debris from private rights-of-way, gated communities or canals in the event of an immediate threat after a significant disaster - Code Sec. 13-10 | Boats count as debris :: Disaster-generated debris includes trees, branches, personal property, marine vessels and building material deposited on village property or rights-of-way, on private roads or in canals as a direct result of a major or catastrophic disaster - Sec. 13-10 | Rebuilding a wall :: New vertical seawall or bulkhead structures shall not be permitted on open water except under the criteria in s. 373.414(5), F.S. - Sec. 30-1545","Village of Islamorada Code Secs. 13-10, 30-1545 (municipalcodeonline.com)",2026-10,verified,Failing,Monroe,2,0
key-largo,seawall-height-requirement,Key Largo Seawall Height Requirement,How high does a seawall have to be in Key Largo?,No minimum,set in local code,"Key Largo is unincorporated, so Monroe County's Land Development Code governs, and it sets no minimum or maximum seawall top elevation in NAVD88, NGVD29 or any other datum. The only height rule is relative: your yard behind the wall must sit at least six inches below the top of the wall. The design elevation comes from your engineer and your state and federal permits, not from a county number.","No fixed elevation :: Monroe County LDC Sec. 118-12(k), Bulkheads, seawalls, and riprap, sets where and when seawalls are allowed but states no minimum or maximum top elevation in any datum. | The one height rule :: Existing grade landward of the bulkhead shall be at least six inches lower than the top of the bulkhead. Sec. 118-12(k)(2). This is measured against your own yard, not a fixed elevation. | Cap width :: A seawall without a principal use may have a cap no more than two feet wide, and docking attachments such as davits, cleats and platforms are allowed only as accessory to a principal use. Sec. 118-12(k)(1). | Where a vertical wall is allowed :: Only to stabilize a severely eroding shoreline on a manmade canal, channel or basin, and only if native vegetation or riprap with filter cloth is not feasible. No new seawalls, bulkheads or other hardened vertical structures on open water. Sec. 118-12(k)(3). | Repair and replacement :: A lawfully existing, deteriorated seawall may be repaired or replaced and is exempt from the nonsubstantial-improvement limits except on known or potential sea turtle nesting beaches. Keep the existing footprint to the maximum extent practicable. Sec. 118-12(k)(4). | Turtle beaches :: No seawalls, bulkheads or riprap on or waterward of a beach berm that is known or potential marine turtle nesting area. Sec. 118-12(k)(7). | V zones :: In coastal high hazard areas (Zone V), bulkheads and seawalls are allowed only if also authorized by the appropriate federal, state or local authority, located outside and not attached to buildings, and backed by a registered design professional's analysis showing no harmful diversion of floodwaters or wave runup and reflection. Sec. 122-31(d)(1).","Monroe County Land Development Code Sec. 118-12(k) (Shoreline Setback - Bulkheads, seawalls, and riprap) and Sec. 122-31(d)(1) (Floodplain Management - Other development); LDC online version May 18, 2026",2026-10,needs-content,Compliance,Monroe,2,0
key-largo,seawall-permit,Seawall Permits in Key Largo,Do I need a permit to repair a seawall in Key Largo?,,,,,,,not-started,Compliance,Monroe,2,0
key-largo,flood-zone,Key Largo Flood Zone & Elevation Rules,"What flood zone is Key Largo in, and what does it require?",,,,,,,not-started,Compliance,Monroe,2,0
key-largo,dock-permit-size,Dock Permits & Size Limits in Key Largo,How big a dock can I build in Key Largo?,,,,,,,not-started,Dock,Monroe,2,0
key-largo,boat-lift-rules,Boat Lift Rules in Key Largo,What are the boat lift rules in Key Largo?,,,,,,,not-started,Dock,Monroe,2,0
key-largo,deck-requirements,Waterfront Deck Rules in Key Largo,What are the deck setback and railing rules in Key Largo?,,,,,,,not-started,Deck,Monroe,2,0
key-largo,licensed-contractors,Checking a Marine Contractor in Key Largo,How do I check a marine contractor in Key Largo?,,,,,,,not-started,Failing,Monroe,2,0
key-largo,storm-prep,Storm Prep for Key Largo Waterfront Owners,What are the storm and debris rules in Key Largo?,,,,,,,not-started,Failing,Monroe,2,0
wilton-manors,seawall-height-requirement,Wilton Manors Seawall Height Requirement,How high does a seawall have to be in Wilton Manors?,5.0,ft NAVD88,"New or substantially rehabilitated seawalls, seawall caps, canal banks or berms in Wilton Manors must reach at least 5.0 ft NAVD88. Unlike the county rule, the city code has no 4.0 ft option for applications filed before 2035. The city code sets no maximum seawall height.","Minimum :: 5.0 ft NAVD88 for new or substantially rehabilitated seawalls, caps, canal banks or berms - Code Sec. 11-27(a) | Interim :: none; no 4.0 ft option before 2035 in the city text - Sec. 11-27(a) | Maintenance :: repairs due within 365 days of citation - Sec. 11-27(b) | Low walls :: walls below 5.0 ft NAVD88 must not let tidal water onto neighbours or the right-of-way - Sec. 11-27(c) | Rip-rap :: required at the face of new walls where none existed before - Sec. 11-27(f) | Redevelopment trigger :: Any application for new development, redevelopment or substantial improvement of a waterfront property must bring the shoreline up to 5.0 ft NAVD88 - Sec. 11-29 | Raising the wall counts :: Work that changes the elevation along more than 50% of the wall's length is itself substantial repair - Sec. 11-1 | Submersible lifts :: Any lift that can sit under water needs a guide pole at its outer end, at least 1.5 in. thick, standing 6 ft above high tide and reflective. Moored boats may take up no more than 30% of the canal width - Sec. 11-7(f)-(g) | Permit and ownership :: Seawall permits come from the community development services department, with a notarized statement that you own the land abutting the water (or the owner's notarized consent). Unsafe structures found on inspection get 30 days to fix - Sec. 11-7(b), (e)","Wilton Manors Code of Ordinances Ch. 11, Sec. 11-27 (Ord. No. 2020-002); Secs. 11-1, 11-7 and 11-29",2026-10,needs-content,Compliance,Broward,3,0
wilton-manors,seawall-permit,Seawall Permits in Wilton Manors,Do I need a permit to repair a seawall in Wilton Manors?,"Yes, plus county license",city permit + county license,"Yes. Wilton Manors requires a building permit from its Community Development Services Department for seawalls, plus a notarized statement that you own the waterfront land or have the owner's consent. A substantial repair must bring the wall to 5.0 ft NAVD88 along the whole property, with no lower interim height. Broward County also requires its own Environmental Resource License, often a general license for a repair in the same place.","City :: Before construction, a building permit for docks, slips, seawalls, mooring piles or similar structures must be obtained from the community development services department; on navigable waters every regulating authority must approve, and the applicant must give the city a notarized statement of ownership of the abutting land or the owner's notarized consent - Code Sec. 11-7(b). Substantial repair = work along more than 50% of the wall and cap, an elevation change along more than 50% of it, or attached structures costing more than 50% of the wall's replacement cost - Sec. 11-1; such walls need at least 5.0 ft NAVD88 - Sec. 11-27(a); and the standard applies to the entire length of the property - Sec. 11-28. A cited owner must show progress within 60 days and finish within 365 days - Sec. 11-27(b) (Ord. 2020-002). New walls in marine waters where none existed need natural limerock rip-rap at the face - Sec. 11-27(f); a mooring structure found unsafe or unsatisfactory on inspection by community development services or code compliance gets 30 days' written notice to correct - Sec. 11-7(e) | Broward County :: Construction in regulated aquatic resources needs a county Environmental Resource License (ERL) - Broward County Code Sec. 27-333(a)(1). Repairing an existing functional seawall no more than 1 ft waterward of its authorized location, or a new wall within 1 ft of the old wet face with the old wall left in place, qualifies for a general license (Sec. 27-336(a)(1)b.), as do refacing, crack filling, seepage holes and other minor repairs (n.) and raising the cap in the same footprint (o.); the code says a general license is issued within 10 days of a complete application - Sec. 27-336(a)(1) | State :: Restoring a seawall at its previous location, upland of it, or within 18 inches waterward is exempt from a state environmental resource permit; the exemption does not replace permission to use state-owned submerged land or county and city requirements, and does not cover chapter 161 coastal permits - s. 403.813(1), (1)(e), F.S. | Federal :: A U.S. Army Corps of Engineers (Department of the Army) authorization is required for structures or work in or affecting navigable waters, unless exempt or covered by a nationwide or regional general permit - 33 CFR 322.3(a) (Rivers and Harbors Act s. 10)","Wilton Manors Code Secs. 11-1, 11-7, 11-27, 11-28 (Supp. 68); Broward County Code Ch. 27 Art. XI Secs. 27-333, 27-336 (Supp. 72); s. 403.813(1)(e), F.S. (2026); 33 CFR 322.3(a)",2026-10,verified,Compliance,Broward,3,0
wilton-manors,flood-zone,Wilton Manors Flood Zone & Elevation Rules,"What flood zone is Wilton Manors in, and what does it require?",+2 ft above BFE (and 6 ft NAVD),minimum freeboard; maximum 4 ft,"Wilton Manors writes the largest fixed freeboard among the Broward cities here: at least 2 feet above base flood elevation and never lower than 6 feet NAVD88, and owners may go up to 4 feet above BFE without it counting against zoning height. Improvements are added up over five years. Where BFE plus 2 ft would fall below 6 ft NAVD88, the 6 ft figure governs instead.","Freeboard :: Highest of 6 ft NAVD or the minimum freeboard; minimum freeboard = 2 ft above BFE, maximum = 4 ft above BFE, not counted against district height - Sec. 9-55(1). | Substantial improvement :: Five-year cumulative period at 50%, starting with the first improvement after May 26, 2020 - Ch. 9 definitions (Ord. No. 2020-004). | Chapter history :: Chapter 9 was amended in its entirety by Ord. No. 2020-004, adopted 26 May 2020. | More trigger points :: $377,000 building value -> $188,500 trigger; $509,000 building value -> $254,500 trigger. | Freeboard arithmetic :: A lot with a mapped BFE of 3 ft NAVD88 needs at least 6 ft NAVD88 (the 6 ft floor beats 3 + 2 = 5 ft) and may build up to 7 ft (BFE + 4) without the extra height counting toward zoning. | FEMA flood map :: FEMA's Community Status Book (report dated 3 Oct 2026) lists Wilton Manors as NFIP community 125156 with a current effective FIRM dated 31 Jul 2024. Zones are set parcel by parcel, so no single zone covers the whole city - check your own address. | NFIP history :: FEMA record: first flood hazard boundary map 27 Oct 1972; first FIRM 27 Oct 1972; regular NFIP program since 27 Oct 1972. | Flood insurance discount :: Wilton Manors has no CRS entry in FEMA's report, so NFIP policies there get no Community Rating System discount. | State minimum :: 2023 Florida Building Code, Residential R322.2.1 and R322.3.2 - lowest floor (A zones) or bottom of the lowest horizontal structural member (V and Coastal A zones) at BFE + 1 ft or the design flood elevation, whichever is higher. | Look up your zone :: Enter the address in FEMA's Flood Map Service Center (msc.fema.gov), the official public source for FIRMs; an elevation certificate shows how your floor compares with the BFE.","Wilton Manors Code of Ordinances Ch. 9 Flood Prevention and Protection, Sec. 9-55 and Art. II definitions (Ord. No. 2020-004); FEMA Community Status Book, Florida (www.fema.gov/cis/FL.html, report 10/03/2026); 2023 Florida Building Code, Residential R322.2.1, R322.3.2; 44 CFR 59.1; FEMA Flood Map Service Center",2026-10,verified,Compliance,Broward,3,0
wilton-manors,dock-permit-size,Dock Permits & Size Limits in Wilton Manors,How big a dock can I build in Wilton Manors?,25% of waterway width or 25 ft,mooring piles; boats max 25% of width,"Wilton Manors' mooring-structure section caps mooring pilings at 25% of the waterway's width or 25 ft, and boats at 25% of the width, but it sets no separate length limit for the dock itself. A residential dock must stay at least 3 ft from the neighbour's property line (5 ft in non-residential districts), and a notarized ownership statement is required before the permit.","Dock rules :: In residential districts no dock may come closer than 3 ft to an adjacent property line - City Code 11-7(c)(1); in non-residential districts, 5 ft - 11-7(d)(1). Sec. 11-7 contains no dock projection or deck-size number | Mooring pilings :: No more than 25% of the waterway width or 25 ft, whichever is less, from the recorded property line, and at least 3 ft (residential) or 5 ft (non-residential) from contiguous lot lines; nighttime reflectors on any piling more than 5 ft out - 11-7(c)(2)-(3), (d)(2)-(3) | Boats :: Vessels at private docks or pilings may not extend more than 25% of the waterway width from the recorded property line, and may not cross the neighbour's property line - 11-7(c)(4),(7) | Second boat limit :: Subsection (g) separately limits boats moored to mooring structures to 30% of the canal width and keeps mooring structures 3 ft (residential) or 5 ft (non-residential) from the projected property line - 11-7(g) | Guide poles :: Any submersible mooring device needs a vertical guide pole at least 1.5 inches in diameter, 6 ft above high tide, with reflective colour - 11-7(f) | Permit :: Building permit from the Community Development Services Department, approval of every authority regulating navigable waters, and a notarized statement of ownership or the owner's notarized consent - 11-7(b) | Repairs :: Unsafe mooring structures must be corrected within 30 days of written notice - 11-7(e) | Using someone else's dock :: No boat may moor or tie up to a seawall or mooring structure without the owner's permission, except boats or people in distress - 11-7(h) | Conduct :: Boats docked or moored along city waterways must follow the city's health, sanitary, noise and disorderly-conduct ordinances, and the property owner is primarily responsible - 11-7(j) | Broward County license :: Work in the county's regulated aquatic resources, which include canals and tidal waters, needs a Broward County Environmental Resource License - County Code 27-332, 27-333(a)(1). A new dock, floating dock or other over-water structure of 500 sq ft or less, measured from the seawall's wet face at mean high water, with no dredging or filling beyond the pilings, qualifies for a general license issued within 10 days of a complete application - 27-336(a)(1)e. A county ordinance that sets minimum environmental-protection standards prevails over city ordinances - Broward County Charter Sec. 11.01 | State exemption :: A private, non-commercial dock on pilings with 1,000 sq ft or less of over-water surface (500 sq ft in Outstanding Florida Waters), and the only exempt dock along 65 ft of shoreline (or one per lot if the lot is narrower), needs no state environmental permit - Fla. Stat. 403.813(1)(b). The exemption does not grant permission to use state-owned submerged lands and does not override city or county rules - 403.813(1) | Federal :: Structures in navigable waters need a Department of the Army permit, general or individual - 33 CFR 322.3(a)","Wilton Manors Code of Ordinances Sec. 11-7 (Ord. 2020-002, 5-26-20); Broward County Code Secs. 27-332, 27-333, 27-336 (through Ord. 2026-16); Broward County Charter Sec. 11.01; Fla. Stat. 403.813(1)(b) (2026); 33 CFR 322.3(a)",2026-10,verified,Dock,Broward,3,0
wilton-manors,boat-lift-rules,Boat Lift Rules in Wilton Manors,What are the boat lift rules in Wilton Manors?,Allowed with a building permit,3 ft from side line; guide pole,"Wilton Manors counts davits, hoists and boat lifts, including submersible lifts, as mooring devices. They need a building permit from Community Development Services with a notarized ownership statement, must stay 3 feet from the neighbour's projected property line in residential districts, and any submersible part needs a reflective guide pole at least 6 feet above high tide. Boats on mooring devices may reach 30% of the canal width, but vessels at private docks in residential districts only 25%.","Definition :: Mooring devices include boat davits, submersible boat lifts, hoists and boat lifts erected on or next to a seawall or dock - Code Sec. 11-7(a)(1) | Permit :: Building permit from the Community Development Services Department before work; approval of all authorities on navigable waters; a notarized statement of ownership or notarized owner consent - Sec. 11-7(b) | Side setback :: No mooring structure or device closer than 3 feet (residential) or 5 feet (non-residential) to the adjacent property line projected into the canal - Sec. 11-7(g) | Guide pole :: Any submersible part needs a vertical guide pole at least 1.5 inches in diameter, at least 6 feet above the water line at high tide, with a reflective colour; an equally safe alternative may be approved - Sec. 11-7(f) | Boats on devices :: Boats moored to mooring structures or devices may not extend more than 30% of the canal width from the recorded property line - Sec. 11-7(g) | Unsafe devices :: The owner gets 30 days' written notice to fix an unsafe mooring device - Sec. 11-7(e) | Residential docks :: No dock closer than 3 feet to the adjacent property line; mooring pilings no more than 25% of the waterway or 25 feet and 3 feet from the lot line, with night reflectors if more than 5 feet out - Sec. 11-7(c)(1)-(3) | Vessels at private docks :: In residential districts, vessels at private docks or pilings may not extend more than 25% of the waterway width - Sec. 11-7(c)(4) | Mooring without permission :: No vessel may tie up to a seawall or mooring device, or be beached, on private property without the owner's permission, except vessels or persons in distress protecting life, limb or property - Sec. 11-7(h) | Broward County :: Boatlifts and davits are listed among the projects that qualify for a county general environmental resource license, which the code says is issued within ten days of a complete application - Broward County Code Sec. 27-336(a)(1)f. | State and federal :: Floating boat lifts and floating vessel platforms that meet s. 403.813(1)(s), F.S. (they float at all times, hold the vessel out of the water, and either sit inside a previously permitted slip or total no more than 500 sq ft - 200 sq ft in Outstanding Florida Waters - beside a qualifying dock or bulkhead) need no state permit; a local government may then ask only for a one-time registration unless the platform is attached to a bulkhead with no dock. Structures in navigable waters otherwise need Army Corps authorization unless exempt or under a general permit - 33 CFR 322.3(a).","City of Wilton Manors Code Sec. 11-7 (Supp. 68); Broward County Code Sec. 27-336 (Supp. 72); s. 403.813(1)(s), F.S. (2026); 33 CFR 322.3(a)",2026-10,verified,Dock,Broward,3,0
wilton-manors,deck-requirements,Waterfront Deck Rules in Wilton Manors,What are the deck setback and railing rules in Wilton Manors?,3 ft,"deck setback from front, side and rear lines (measured to the edge of the deck)","Wilton Manors sets decks 3 ft from front, side and rear lot lines, measured to the edge of the decking; pools are 5 ft (to the water's edge) and screen or roofed enclosures 5 ft rear. No separate waterway setback for decks was found.","Setback table :: Pool 5/5/5 ft, deck 3/3/3 ft, screen enclosure or roofed structure 20/5/5 ft (front/side/rear). Measured to the water's edge for pools, the edge of deck for decking, and the edge of screen or overhang for enclosures. ULDR Sec. 045-060(A). | Pool barrier :: Permanent barrier meeting FBC 424.2.17, at least 4 ft high, with a self-closing, self-latching gate. Sec. 045-060(B). | Canal lots :: Lots on canals and waterways must keep a clear sight triangle (Sec. 155-070) when fences, walls or hedges are in required yards; 8 ft security fences are not allowed abutting a canal or waterway. Sec. 045-040. | Walk space :: An 18-inch walk space is required between the pool and the barrier. Sec. 045-060(B). | Guards (state rule) :: Florida Building Code, Residential, 8th Edition (2023), Sec. R312.1.1-R312.1.3: a guard is required on open sides of a walking surface located more than 30 inches above the floor or grade below at any point within 24 inches of the open edge; it must be at least 36 inches high; openings must not let a 4-inch sphere pass. No local guard amendment was found in this city's code.","City of Wilton Manors ULDR Secs. 045-060, 045-040 (Code Supp. 68); Florida Building Code, Residential, 8th Ed. (2023) R312.1.1-R312.1.3 (ICC Digital Codes)",2026-10,verified,Deck,Broward,3,0
wilton-manors,licensed-contractors,Checking a Marine Contractor in Wilton Manors,How do I check a marine contractor in Wilton Manors?,,,,,,,not-started,Failing,Broward,3,0
wilton-manors,storm-prep,Storm Prep for Wilton Manors Waterfront Owners,What are the storm and debris rules in Wilton Manors?,12 hours,before hurricane-force winds to comply with an order,"Wilton Manors applies hurricane rules to occupied homes as well as job sites: on a hurricane watch, materials in exposed outdoor areas must be removed unless permanently affixed, and anyone given a city order must comply by the deadline but no later than twelve hours before hurricane-force winds arrive. Mooring structures in disrepair are a public nuisance.","Hurricane watch :: The owner, occupant or user of a construction site or premises certified for occupancy must take all steps needed to secure it, including removal or securing of potentially hazardous or loose objects - Code Sec. 16-34(f)(1) | Special inspections :: On a hurricane watch, all materials in exposed areas outside occupied structures must be removed unless permanently affixed; anyone ordered by the Building Official or Code Compliance must comply within the time given, but no later than twelve (12) hours before hurricane-force winds - Sec. 16-34(f)(2) | Docks and moorings :: Mooring structures must be maintained in good repair and structurally sound by the property owner; one not in good repair or unsafe is a public nuisance, and floating or submersible structures must be secured to the property - Sec. 11-9(b) (Ord. 2020-002) | How orders arrive :: Orders go in writing to the person on the premises most logically responsible for maintenance, or by facsimile if no one is present - Sec. 16-34(f)(2)a | Clean docks :: Boat owners and the landowner must keep docks, seawalls and adjacent premises free of stale fish, garbage, fish bait, boat equipment and repair parts - Sec. 11-9(a)","City of Wilton Manors Code of Ordinances Secs. 11-9, 16-34 (Municode)",2026-10,verified,Failing,Broward,3,0
hillsboro-beach,seawall-height-requirement,Hillsboro Beach Seawall Height Requirement,How high does a seawall have to be in Hillsboro Beach?,5.0,"ft NAVD88, max BFE (7.0 if BFE is 5.0)",New seawalls in Hillsboro Beach must have a top elevation of at least 5.0 ft NAVD88. The top generally may not be higher than the property's FEMA base flood elevation; where the BFE is 5.0 ft the maximum is 7.0 ft NAVD88. Walls must also be designed so they can be raised at least 24 inches later.,"Minimum :: 5.0 ft NAVD88 for newly constructed seawalls - Code Sec. 12-268(D) | Max (BFE of 5.0 or more) :: the property's base flood elevation - Sec. 12-268(D) table | Max (BFE equal to 5.0) :: 7.0 ft NAVD88 - Sec. 12-268(D) | Max (X zone) :: per the code's definition of grade (BFE for lowest floor on the FIRM) - Sec. 12-268(D) | Waiver :: Town Commission may allow lower walls where the habitable finished floor is below 5.0 ft NAVD88 - Sec. 12-268(D) | Future raising :: must be designed to be raised at least 24 in - Sec. 12-268(D)(6) | Docks :: fixed docks max 10 in above the adjacent seawall - Sec. 12-268(D)(2) | Why the town wrote it :: King tides pushing Intracoastal water over State Road A-1-A, which closes the road - Sec. 12-268(A) | Seepage holes :: Where pressure relief is needed, walls must use seepage holes with backflow prevention or a valve with a backflow preventer, and must keep historic stormwater runoff patterns so adjacent roadways don't flood - Sec. 12-268(D)(1) | New homes pull in the wall :: Any new single-family or multifamily construction, or loss of more than 50% of a building's floor area or replacement value, requires compliance - Sec. 12-268(D)(3)(a) | Proof at permit :: Engineering drawings and calculations must show the cap and backfill can be raised the 24 in. - Sec. 12-268(D)(6)","Hillsboro Beach Code of Ordinances Ch. 12 (LDC), Art. XIII, Sec. 12-268 (Ords. 2017-294, 2020-05, 2021-05)",2026-10,verified,Compliance,Broward,3,0
hillsboro-beach,seawall-permit,Seawall Permits in Hillsboro Beach,Do I need a permit to repair a seawall in Hillsboro Beach?,"Yes, plus county license",town permit + county license,"Yes. Hillsboro Beach requires a town permit for any improvement or alteration of property, including walls, issued by the Town Clerk or the Town Building Official. New and substantially repaired seawalls must reach 5.0 ft NAVD88 and be designed so the cap can later be raised 24 inches, shown in engineering drawings and calculations with the building permit. Broward County also requires its own Environmental Resource License, often a general license for a repair in the same place.","City :: Any improvement, alteration or modification of real estate 'including fences, walls and the like' needs a permit issued by the Town Clerk or, in her absence, the Town Building Official; no work before the permit except in an emergency, as decided by the Development Review Officer - Code Sec. 4-65(A), (B). New or substantially repaired seawalls must be at least 5.0 ft NAVD88 and no higher than the FEMA base flood elevation (7.0 ft NAVD88 where the BFE is 5.0 ft); the Town Commission may waive the minimum where the home's finished floor is below 5.0 ft - Sec. 12-268(D). Substantial repair means more than 50% of the structure, or of its replacement value, damaged, destroyed or removed - Sec. 12-268(D)(3)(a). Walls must be designed to be raised at least 24 inches, shown in engineering drawings and calculations submitted with the building permit - Sec. 12-268(D)(6). The stated aim is keeping Intracoastal tides off State Road A1A - Sec. 12-268(A) Every permit application is charged a town administrative fee, due whether the permit is approved, disapproved or withdrawn - Sec. 4-67(A)(2)(b); the permit holder must request a final inspection, or that person's or firm's future permits are delayed until it is requested and approved - Sec. 4-69(C); violations are misdemeanors punishable by $50 to $500, 5 to 30 days in jail, or both - Sec. 4-70(A) | Broward County :: Construction in regulated aquatic resources needs a county Environmental Resource License (ERL) - Broward County Code Sec. 27-333(a)(1). Repairing an existing functional seawall no more than 1 ft waterward of its authorized location, or a new wall within 1 ft of the old wet face with the old wall left in place, qualifies for a general license (Sec. 27-336(a)(1)b.), as do refacing, crack filling, seepage holes and other minor repairs (n.) and raising the cap in the same footprint (o.); the code says a general license is issued within 10 days of a complete application - Sec. 27-336(a)(1) | State :: Restoring a seawall at its previous location, upland of it, or within 18 inches waterward is exempt from a state environmental resource permit; the exemption does not replace permission to use state-owned submerged land or county and city requirements, and does not cover chapter 161 coastal permits - s. 403.813(1), (1)(e), F.S. | Federal :: A U.S. Army Corps of Engineers (Department of the Army) authorization is required for structures or work in or affecting navigable waters, unless exempt or covered by a nationwide or regional general permit - 33 CFR 322.3(a) (Rivers and Harbors Act s. 10)","Hillsboro Beach Code Secs. 4-65, 4-67, 4-69, 4-70, 12-268 (Supp. 16); Broward County Code Ch. 27 Art. XI Secs. 27-333, 27-336 (Supp. 72); s. 403.813(1)(e), F.S. (2026); 33 CFR 322.3(a)",2026-10,verified,Compliance,Broward,3,0
hillsboro-beach,flood-zone,Hillsboro Beach Flood Zone & Elevation Rules,"What flood zone is Hillsboro Beach in, and what does it require?",100-yr flood criteria map floor,lowest living floor level-of-service standard,Hillsboro Beach's development code sets the lowest living floor no lower than the elevation shown on the 100-year flood criteria map. Its floodplain article uses the plain 50% substantial-improvement test with no look-back period. Builders therefore read two maps: FEMA's FIRM for insurance and the county criteria map for the floor.,"Floor standard :: Lowest living floor elevation no lower than the elevation for the area on the 100-year flood criteria map - Sec. 12-20(a) (development review level of service). | Substantial improvement / damage :: 50 percent of market value, no cumulative period - Ch. 4 Art. IV, Sec. 4-144. | Seawalls :: The town's land development code separately sets seawall height at a minimum of 5.0 ft and a maximum of 7.0 ft NAVD88 - Sec. 12-268. | More trigger points :: $943,000 building value -> $471,500 trigger; $781,000 building value -> $390,500 trigger. | FEMA flood map :: FEMA's Community Status Book (report dated 3 Oct 2026) lists Hillsboro Beach as NFIP community 120040 with a current effective FIRM dated 31 Jul 2024. Zones are set parcel by parcel, so no single zone covers the whole city - check your own address. | NFIP history :: FEMA record: first flood hazard boundary map 9 Jan 1974; first FIRM 17 Apr 1978; regular NFIP program since 17 Apr 1978; entered CRS 1 Oct 2017. | Flood insurance discount :: CRS class 8 - 10% off NFIP premiums for policies in the Special Flood Hazard Area (class in effect 1 Oct 2017). | State minimum :: 2023 Florida Building Code, Residential R322.2.1 and R322.3.2 - lowest floor (A zones) or bottom of the lowest horizontal structural member (V and Coastal A zones) at BFE + 1 ft or the design flood elevation, whichever is higher. | Look up your zone :: Enter the address in FEMA's Flood Map Service Center (msc.fema.gov), the official public source for FIRMs; an elevation certificate shows how your floor compares with the BFE.","Hillsboro Beach Code Ch. 4 Art. IV Floodplain Management Sec. 4-144; Ch. 12 Sec. 12-20; FEMA Community Status Book, Florida (www.fema.gov/cis/FL.html, report 10/03/2026); 2023 Florida Building Code, Residential R322.2.1, R322.3.2; 44 CFR 59.1; FEMA Flood Map Service Center",2026-10,verified,Compliance,Broward,3,0
hillsboro-beach,dock-permit-size,Dock Permits & Size Limits in Hillsboro Beach,How big a dock can I build in Hillsboro Beach?,Set by the Army Corps,Intracoastal only; no docks on the ocean,Hillsboro Beach bans docks and piers along the Atlantic Ocean; they may be built only on the Intracoastal Waterway. The town sets no projection figure of its own: on Army Corps waters the permitted reach into the Intracoastal is whatever the Corps determines. Single-family docks must stay 10 ft from neighbouring residential property and no more than 2 ft above the adjoining seawall.,"Where docks may go :: No docks or piers along the Atlantic Ocean; they may be built along the Intracoastal Waterway - Town Code 12-129(A) | Projection :: On waterways under U.S. Army Corps of Engineers jurisdiction, the permissible projection into the Intracoastal is determined by the Corps - 12-129(B), 12-190(B) | Side setback :: Single-family district: docks and mooring facilities no closer than 10 ft to any other residentially zoned property - 12-129(A). Private club multifamily district: 15 ft - 12-190(A)(1) | Height :: Docks and mooring facilities no higher than 2 ft above the top of the adjoining seawall (or the established seawall grade if there is none); mooring piles may be taller - 12-129(A), 12-190(A)(2) | No rentals :: Docks are for the property owner or tenants only and may not be rented separately - 12-129(C) | Other districts :: The same 15 ft side setback and 2 ft height rule apply to Intracoastal docks in the three-story multifamily district (12-141(C), through Ord. 2024-02, 2-6-2024) and the seven-story multifamily district (12-161(C)); the community facilities district uses a 10 ft setback (12-211(C)). In every district the Corps sets the projection | Broward County license :: Work in the county's regulated aquatic resources, which include canals and tidal waters, needs a Broward County Environmental Resource License - County Code 27-332, 27-333(a)(1). A new dock, floating dock or other over-water structure of 500 sq ft or less, measured from the seawall's wet face at mean high water, with no dredging or filling beyond the pilings, qualifies for a general license issued within 10 days of a complete application - 27-336(a)(1)e. A county ordinance that sets minimum environmental-protection standards prevails over city ordinances - Broward County Charter Sec. 11.01 | State exemption :: A private, non-commercial dock on pilings with 1,000 sq ft or less of over-water surface (500 sq ft in Outstanding Florida Waters), and the only exempt dock along 65 ft of shoreline (or one per lot if the lot is narrower), needs no state environmental permit - Fla. Stat. 403.813(1)(b). The exemption does not grant permission to use state-owned submerged lands and does not override city or county rules - 403.813(1) | Federal :: Structures in navigable waters need a Department of the Army permit, general or individual - 33 CFR 322.3(a)","Town of Hillsboro Beach Code Ch. 12 (Land Development Code), Secs. 12-129 (through Ord. 261, 5-1-2012) and 12-190 (Ord. 174); Secs. 12-141(C), 12-161(C), 12-211(C); Broward County Code Secs. 27-332, 27-333, 27-336 (through Ord. 2026-16); Broward County Charter Sec. 11.01; Fla. Stat. 403.813(1)(b) (2026); 33 CFR 322.3(a)",2026-10,verified,Dock,Broward,3,0
hillsboro-beach,boat-lift-rules,Boat Lift Rules in Hillsboro Beach,What are the boat lift rules in Hillsboro Beach?,Davits allowed on the Intracoastal only,may exceed dock height,"Hillsboro Beach allows docks, piers and boat davits along the Intracoastal Waterway but none on the Atlantic Ocean side. Docks and piers may not rise above the adjoining seawall, but the code expressly lets boat davits and mooring piles exceed that height. It has no separate boat lift rule.","Where :: Docks, boat davits and piers may be built along the Intracoastal Waterway; no docks or piers along the Atlantic Ocean - Code Sec. 12-263(D) | Height :: No part of a pier or dock higher than the top of the adjoining seawall, or its established grade if none; mooring piles and boat davits may exceed this height - Sec. 12-263(D) | Ocean :: No structure built out into the ocean unless approved under an overall town plan - Sec. 12-263(E) | Not in the code :: No boat lift wording, projection, setback, canopy rule or count for lifts (searched lift, davit, hoist) | Living aboard :: No boat, houseboat or floating home may be kept or used as a residence in the town or its adjacent waters - Code Sec. 12-263(F) | Ocean structures :: Groins, seawalls, jetties, breakwaters, docks, piers and bulkheads may not be built out into the ocean from any lot unless the Town approves them under an overall plan - Sec. 12-263(E) | History :: Sec. 12-263 was last amended by Ord. 2019-09 (5 November 2019), Ord. 2022-11 (6 December 2022) and Ord. 2023-01 (7 March 2023), building on Ords. 171 and 175 (1993), 207 (2003), 215 (2004) and 261 (2012) - Sec. 12-263 | Broward County :: Boatlifts and davits are listed among the projects that qualify for a county general environmental resource license, which the code says is issued within ten days of a complete application - Broward County Code Sec. 27-336(a)(1)f. | State and federal :: Floating boat lifts and floating vessel platforms that meet s. 403.813(1)(s), F.S. (they float at all times, hold the vessel out of the water, and either sit inside a previously permitted slip or total no more than 500 sq ft - 200 sq ft in Outstanding Florida Waters - beside a qualifying dock or bulkhead) need no state permit; a local government may then ask only for a one-time registration unless the platform is attached to a bulkhead with no dock. Structures in navigable waters otherwise need Army Corps authorization unless exempt or under a general permit - 33 CFR 322.3(a).","Town of Hillsboro Beach Code Sec. 12-263 (Supp. 16; Ord. 2023-01); Broward County Code Sec. 27-336 (Supp. 72); s. 403.813(1)(s), F.S. (2026); 33 CFR 322.3(a)",2026-10,verified,Dock,Broward,3,0
hillsboro-beach,deck-requirements,Waterfront Deck Rules in Hillsboro Beach,What are the deck setback and railing rules in Hillsboro Beach?,15 ft,from the Intracoastal right-of-way line or seawall for pools and buildings; flat patios may reach it,"Hillsboro Beach keeps buildings and pools 15 ft back from the easterly right-of-way line of the Intracoastal Waterway (or from a seawall built east of it). Flat, open patios with no footings are the exception: they may extend all the way to that Intracoastal line.","Patios :: Flat and open patios with no footings may extend 15 ft east of the easterly building line and to the easterly right-of-way line of the Intracoastal Waterway. Code Sec. 12-264(D). | Pools :: No closer than 15 ft to any side property line or 45 ft to the centerline of State Highway A1A; not east of the easterly building line or closer than 15 ft to the easterly ICW right-of-way line, or 15 ft east of any seawall erected east of that line; measured from the water's edge of the pool. Sec. 12-264(A). | Buildings :: No building closer than 15 ft to the easterly right-of-way line of the Intracoastal Waterway, or 15 ft east of any seawall east of it. Sec. 12-124(D). | Fuel and inspection :: Above-ground fuel tanks for pool heaters and generators follow the town's setbacks; pools cannot be filled before inspection unless the building department requires it for testing. Sec. 12-264(B)-(C). | Upkeep :: Pools, jacuzzis, spas, hot tubs and fountains must keep pumps and filters working and the water clear enough to see the bottom at the deepest point. Sec. 12-264(E)-(F). | Guards (state rule) :: Florida Building Code, Residential, 8th Edition (2023), Sec. R312.1.1-R312.1.3: a guard is required on open sides of a walking surface located more than 30 inches above the floor or grade below at any point within 24 inches of the open edge; it must be at least 36 inches high; openings must not let a 4-inch sphere pass. No local guard amendment was found in this city's code.","Town of Hillsboro Beach Code Secs. 12-264, 12-124 (Supp. 16; Ord. 2018-05); Florida Building Code, Residential, 8th Ed. (2023) R312.1.1-R312.1.3 (ICC Digital Codes)",2026-10,verified,Deck,Broward,3,0
hillsboro-beach,licensed-contractors,Checking a Marine Contractor in Hillsboro Beach,How do I check a marine contractor in Hillsboro Beach?,Register in Community Core,'Apply for Contractor Licenses',"Hillsboro Beach asks new contractors to register through its Community Core permit system using 'Apply for Contractor Licenses', and the same portal shows building permit status. The Town also adopted the state's unlicensed-contracting rules, with a $500 civil penalty per violation.","Registration :: New contractor registration goes through Community Core > Apply for Contractor Licenses - Building Applications & Forms page | Past permits :: 'Building Permit Status, Contractor Registration & Payments' public portal at app.communitycore.com | Unlicensed contractors :: Town police act as code enforcement officers against unlicensed contracting; the civil penalty is $500 per violation, and a special magistrate may order up to $1,000 a day - Code Sec. 4-8 (Ord. 2017-298), adopting F.S. 489.127 | Waterfront forms :: The Town posts a Dock & Boatlift Checklist, a Change of Primary Contractor Form and an Owner-Builder Affidavit | Coastal links :: The forms page also links FEMA elevation certificate instructions and the Florida DEP Coastal Construction Control Line permit managers | County licence :: Broward's Building Code Division handles contractor licensing and enforcement under County Code Ch. 9 through the Central Examining Board of Construction Trades. County-licensed contractors, suspensions and revocations are checked by phone on 954-765-4400; complaints go to CLE-Complaint@broward.org | Marine cards are voluntary :: Broward lists its marine specialty, marine seawall, bulkhead, dock and pile-driving certificates under Division I (Voluntary), so a county card is not mandatory for marine work - Broward Contractor packet | State licence :: Search the company and the qualifier on DBPR's Verify a Licensee (myfloridalicense.com). A licence number starting with C is a state certification valid anywhere in Florida; one starting with R is a registration, good only where the holder met local competency rules - F.S. 489.105(8),(10) and the DBPR licensing page | Who may build a seawall or dock :: A certified general contractor's scope is unlimited (489.105(3)(a)). The state also certifies five marine specialties: marine specialty, marine seawall work, marine bulkhead work, marine dock work and marine pile driving - Rule 61G4-15.100(1)(b)-(f) | Workers' comp :: In construction a single employee makes coverage mandatory (440.02(20)(b)2). Up to three officers or LLC members owning at least 10% may file exemptions (440.02(18)(b)2), and the exemption certificate itself says it is not a DBPR licence (440.05(4)). Check it on the DWC data portal's Coverage and Exemptions search (dwcdataportal.fldfs.com) | Recovery fund :: For contracts signed on or after 1 July 2024 the Homeowners' Construction Recovery Fund pays at most $100,000 per claim against a Division I contractor (general, building, residential) and $30,000 against a Division II contractor, which includes the marine specialties; the lifetime caps are $2 million and $600,000 per licensee - 489.143(3),(6). Nothing is paid if the contractor was unlicensed when you signed - 489.141(2)(d) - and residential contracts over $2,500 must print the fund notice - 489.1425 | Deposits :: A contractor who takes more than 10% up front on residential work must apply for permits within 30 days and start within 90 days of the permits issuing, unless you agreed to longer in writing - 489.126(2)(a) | Three-day cancel :: If the deal was a home solicitation sale over $25 - signed away from the seller's place of business and not the result of your own request for specific goods or services - you can cancel in writing until midnight of the third business day; Sundays and federal holidays don't count - 501.021, 501.025 | Business tax is not a licence :: A contractor pays business tax where its permanent office is, and no other city or county may levy a business tax or an equivalent registration fee for temporary work there - 205.065","Town of Hillsboro Beach Building Applications & Forms page; Code Sec. 4-8; Broward County Building Code Division page; Broward Contractor packet (Contractor Information PDF); F.S. 489.105, 489.126, 489.141, 489.1425, 489.143, 440.02, 440.05, 501.021, 501.025, 205.065 (2026); Fla. Admin. Code R. 61G4-15.100; DBPR Construction Industry page and Verify a Licensee; DFS Division of Workers' Compensation construction exemption page and data portal",2026-10,verified,Failing,Broward,3,0
hillsboro-beach,storm-prep,Storm Prep for Hillsboro Beach Waterfront Owners,What are the storm and debris rules in Hillsboro Beach?,Pre-storm inspection,required for active exterior job sites,"Hillsboro Beach requires every active construction site with exterior work or exterior storage to pass a pre-storm inspection before a tropical storm or hurricane warning is issued, and contractors holding a permit in hurricane season must monitor the National Weather Service. Seawalls must be kept in good repair, with 60 days to show progress and 365 days to finish, unless the Town Commission extends.","Pre-storm inspection :: Required for all active construction sites involving exterior work and/or exterior storage of materials; the site must pass before a tropical storm or hurricane warning is issued, the owner or contractor must be reachable by phone until it passes, and failure is a violation - Code Sec. 12-50(F)(2) | Notice :: Broadcasts by the National Weather Service or National Hurricane Center are notice; owner and contractor must secure or remove materials and debris, and a contractor holding a permit in hurricane season must monitor both agencies - Sec. 12-50(F)(1) | Seawall clock :: Owners shall maintain seawalls in good repair; a cited owner must demonstrate progress within 60 days of notice and complete the repair within 365 days of citation or as extended by the Town Commission - Sec. 12-268 | Hazardous vegetation :: Land must be kept free of debris or vegetation, including palms with lethal yellowing, that could cause damage in hurricane winds - Sec. 6-47","Town of Hillsboro Beach Code of Ordinances Secs. 6-47, 12-50, 12-268 (Municode)",2026-10,verified,Failing,Broward,3,0
oakland-park,seawall-height-requirement,Oakland Park Seawall Height Requirement,How high does a seawall have to be in Oakland Park?,5.0,ft NAVD88,"New or substantially rehabilitated seawalls, seawall caps, canal banks or berms in Oakland Park must reach at least 5.0 ft NAVD88. Applications filed before 1 Jan 2035 can be approved at 4.0 ft NAVD88 if the wall is designed to be raised to 5.0 ft by 2050. The city code sets no maximum seawall height.","Minimum :: 5.0 ft NAVD88 - Code Sec. 14-1(b) | Interim :: applications submitted before 1 Jan 2035 may be permitted at 4.0 ft NAVD88 if designed to accommodate 5.0 ft NAVD88 by 1 Jan 2050 - Sec. 14-1(b) | Substantial repair :: work on more than 50% of shoreline length or costing 50% or more of the structure's value - Sec. 14-1(a) | Whole shoreline :: substantial repair/rehab must cover the entire shoreline - Sec. 14-1(g) | Docks :: may be no higher than the adjacent seawall - Sec. 14-7 | The city can order a wall :: Where the building official finds bank stabilization is needed to abate a nuisance or a danger to navigation, the owner must build a seawall or approved revetment - Sec. 14-1 | Permit :: From the building official, with plan approval from the Department of Planning and Environmental Protection; the application shows the mean water line, ground elevation and waterway width - Sec. 14-3 | Variances :: Heard by the city commission; $200 application fee, a newspaper notice at least 10 days ahead and mailed notice to property owners within three hundred feet - Sec. 14-8 | Docks and the wall :: Docks must be built independent of the seawall unless sealed engineering shows the wall can carry the dock load. No docks on waterways under 50 ft wide; elsewhere up to 10% of width or 15 ft - Sec. 14-5, 14-7","Oakland Park Code of Ordinances Ch. 14, Art. I, Sec. 14-1 (Ord. No. O-2022-015); Secs. 14-3, 14-5, 14-7, 14-8",2026-10,verified,Compliance,Broward,3,0
oakland-park,seawall-permit,Seawall Permits in Oakland Park,Do I need a permit to repair a seawall in Oakland Park?,"Yes, plus county license",city permit + county license,"Yes. Oakland Park makes it unlawful to erect docks or any other structure on or in waterways without a permit from the building official, plan approval from its Department of Planning and Environmental Protection and, on navigable water, written approval from other agencies. A substantial repair must meet the city's tidal flood barrier height. Broward County also requires its own Environmental Resource License, often a general license for a repair in the same place.","City :: No docks or other structures on or in waterways without a permit from the building official, plan approval from the Department of Planning and Environmental Protection and, if abutting navigable waters, written approval from the appropriate agencies; those approvals and a current survey are presented with the permit request, and the application shows the mean water line, adjacent ground elevation and waterway width - Code Sec. 14-3. Substantial repair = work along more than 50% of the property's shoreline, or repairs to a structure or attached structure costing 50% or more of its fair market value - Sec. 14-1(a); then 5.0 ft NAVD88 (4.0 ft for applications before 1 Jan 2035), a barrier along the entire shoreline and lime rock rip-rap at the face - Sec. 14-1(b), (g), (h) (Ord. O-2022-015). Where the building official finds bank stabilization is needed to abate a nuisance or a danger to navigability of any canal, stream or lake, the owner must build uniform and substantial seawalls or an approved revetment - Sec. 14-1; boat landing structures may not rise above the adjacent seawall - Sec. 14-2 Variances from Chapter 14 go to the City Commission at a regular meeting; the request is filed with the building official with a $200 fee, published in a newspaper at least 10 days before the hearing and mailed to owners within 300 ft at least two weeks before, and the commission may not grant one contrary to the public interest or other agencies' rules - Sec. 14-8 | Broward County :: Construction in regulated aquatic resources needs a county Environmental Resource License (ERL) - Broward County Code Sec. 27-333(a)(1). Repairing an existing functional seawall no more than 1 ft waterward of its authorized location, or a new wall within 1 ft of the old wet face with the old wall left in place, qualifies for a general license (Sec. 27-336(a)(1)b.), as do refacing, crack filling, seepage holes and other minor repairs (n.) and raising the cap in the same footprint (o.); the code says a general license is issued within 10 days of a complete application - Sec. 27-336(a)(1) | State :: Restoring a seawall at its previous location, upland of it, or within 18 inches waterward is exempt from a state environmental resource permit; the exemption does not replace permission to use state-owned submerged land or county and city requirements, and does not cover chapter 161 coastal permits - s. 403.813(1), (1)(e), F.S. | Federal :: A U.S. Army Corps of Engineers (Department of the Army) authorization is required for structures or work in or affecting navigable waters, unless exempt or covered by a nationwide or regional general permit - 33 CFR 322.3(a) (Rivers and Harbors Act s. 10)","Oakland Park Code Secs. 14-1 to 14-3, 14-8 (Supp. 54); Broward County Code Ch. 27 Art. XI Secs. 27-333, 27-336 (Supp. 72); s. 403.813(1)(e), F.S. (2026); 33 CFR 322.3(a)",2026-10,verified,Compliance,Broward,3,0
oakland-park,flood-zone,Oakland Park Flood Zone & Elevation Rules,"What flood zone is Oakland Park in, and what does it require?",+1 ft above BFE (or county map),"highest of three tests, lowest floor","Oakland Park writes its own three-way test: the lowest floor goes to the highest of 1 foot above base flood elevation, the Broward County 100-year flood criteria map, or 12 inches above the road crown for homes. The substantial-improvement rule is the plain 50% with no look-back.","Freeboard :: Highest of 1 ft above BFE; the Broward County 100-year flood criteria map elevation; or 12 in (residential) / 6 in (nonresidential) above the highest adjacent road crown - Sec. 24-139.1(B) (Ord. No. O-2024-005). | Substantial improvement / damage :: 50 percent of market value, no cumulative period - Sec. 24-138. | Amendment history :: Sec. 24-139.1 dates from Ord. No. O-2013-015 (2 Oct 2013) and was amended by Ord. No. O-2024-005 (15 May 2024). | Where the rules sit :: Chapter 24 Land Development Code, Article X Floodplain Management. | FEMA flood map :: FEMA's Community Status Book (report dated 3 Oct 2026) lists Oakland Park as NFIP community 120050 with a current effective FIRM dated 31 Jul 2024. Zones are set parcel by parcel, so no single zone covers the whole city - check your own address. | NFIP history :: FEMA record: first flood hazard boundary map 28 Jun 1974; first FIRM 1 Dec 1977; regular NFIP program since 1 Dec 1977; entered CRS 1 Oct 1994. | Flood insurance discount :: CRS class 6 - 20% off NFIP premiums for policies in the Special Flood Hazard Area (class in effect 1 Oct 2020). | State minimum :: 2023 Florida Building Code, Residential R322.2.1 and R322.3.2 - lowest floor (A zones) or bottom of the lowest horizontal structural member (V and Coastal A zones) at BFE + 1 ft or the design flood elevation, whichever is higher. | Look up your zone :: Enter the address in FEMA's Flood Map Service Center (msc.fema.gov), the official public source for FIRMs; an elevation certificate shows how your floor compares with the BFE.","Oakland Park Code of Ordinances Ch. 24 Art. X Floodplain Management, Secs. 24-138, 24-139.1; FEMA Community Status Book, Florida (www.fema.gov/cis/FL.html, report 10/03/2026); 2023 Florida Building Code, Residential R322.2.1, R322.3.2; 44 CFR 59.1; FEMA Flood Map Service Center",2026-10,needs-content,Compliance,Broward,3,0
oakland-park,dock-permit-size,Dock Permits & Size Limits in Oakland Park,How big a dock can I build in Oakland Park?,10% of waterway width or 15 ft,whichever is less; no docks on waterways under 50 ft,"Oakland Park flatly forbids docks on any waterway narrower than 50 ft. On wider waterways a dock may reach 10% of the width or 15 ft, whichever is less, and half the waterway must stay open for navigation. Docks follow the zoning district's side setbacks and may sit level with, but never above, the adjacent seawall.","Dock projection :: Waterways under 50 ft wide: no docking structures allowed. 50 ft and over: docks up to 10% of the waterway width or 15 ft, whichever is less. Width is the shortest dimension of the waterway next to the property - City Code 14-5 | Piles and mooring :: Pilings no more than 25% of the waterway width, total mooring area no more than 25%, and 50% of the waterway kept open for navigation - 14-5 | Side setbacks :: Docks, davits and other mooring structures meet the zoning district's side yard setback; no docked boat may extend beyond it - 14-6 | Height :: A dock may be level with, but not higher than, the adjacent seawall (or bank where there is no seawall) - 14-7; no coverings, boathouses, awnings or storage boxes - 14-2 | Attachment :: Docks are built independent of the seawall unless sealed engineering certifies it can take the load - 14-7 | Permit :: Permit from the building official, plan approval from the Department of Planning and Environmental Protection, and written approval of other agencies for navigable waters; the application must show the mean water line and the waterway width, with a current survey - 14-3 | Variance :: The City Commission may grant variances; $200 application fee, newspaper notice at least 10 days ahead and mailed notice to owners within 300 ft at least 2 weeks ahead - 14-8 | Conditions :: A private dock is allowed only if it meets every affected agency's rules (the code lists the state natural resources and environmental departments, South Florida Water Management District, Army Corps and the Office of Natural Resource Protection) and the shoreline is not under a conservation easement or restrictive covenant of record; structures not named in the chapter may not be built in waterways - 14-2 | Broward County license :: Work in the county's regulated aquatic resources, which include canals and tidal waters, needs a Broward County Environmental Resource License - County Code 27-332, 27-333(a)(1). A new dock, floating dock or other over-water structure of 500 sq ft or less, measured from the seawall's wet face at mean high water, with no dredging or filling beyond the pilings, qualifies for a general license issued within 10 days of a complete application - 27-336(a)(1)e. A county ordinance that sets minimum environmental-protection standards prevails over city ordinances - Broward County Charter Sec. 11.01 | State exemption :: A private, non-commercial dock on pilings with 1,000 sq ft or less of over-water surface (500 sq ft in Outstanding Florida Waters), and the only exempt dock along 65 ft of shoreline (or one per lot if the lot is narrower), needs no state environmental permit - Fla. Stat. 403.813(1)(b). The exemption does not grant permission to use state-owned submerged lands and does not override city or county rules - 403.813(1) | Federal :: Structures in navigable waters need a Department of the Army permit, general or individual - 33 CFR 322.3(a)","Oakland Park Code of Ordinances Ch. 14 (Seawalls and Docks), Secs. 14-2 to 14-8 (Ord. O-91-8; O-97-10; O-2003-001); Broward County Code Secs. 27-332, 27-333, 27-336 (through Ord. 2026-16); Broward County Charter Sec. 11.01; Fla. Stat. 403.813(1)(b) (2026); 33 CFR 322.3(a)",2026-10,verified,Dock,Broward,3,0
oakland-park,boat-lift-rules,Boat Lift Rules in Oakland Park,What are the boat lift rules in Oakland Park?,Allowed as a listed mooring structure; no covers,25% of waterway; none under 50 ft,"Oakland Park lists boat davits, hoists, boat lifts and floating platforms as mooring structures, and davits must meet the zoning side setbacks. Boat landing structures may not have coverings, awnings or enclosures. The total mooring area may not exceed 25% of the waterway, half the waterway must stay open, and on waterways under 50 feet wide no docking structures are allowed at all.","Definition :: Mooring structures include a boat dock, slip, boat davit, hoist, boat lift, floating vessel platform and jet ski platform - Code Sec. 14-1(a) | Covers :: Boat landing structures exclude any coverings, boathouses, awnings, storage boxes or other enclosed or covered structures, and may not exceed the height of the adjacent seawall - Sec. 14-2 | Side setback :: Docks, davits or other mooring structures follow the zoning district side yard setbacks; no docked boat beyond them - Sec. 14-6 | Reach :: Waterways under 50 feet - no docking structures; 50 feet and over - docks 10% or 15 feet, pilings and total mooring area 25%, and half the waterway kept open - Sec. 14-5 | Permit :: Building official permit, Department of Planning and Environmental Protection plan approval and, on navigable waters, written agency approvals presented with a current survey - Sec. 14-3 | Not listed, not allowed :: Structures not specifically mentioned in the chapter may not be built in waterways - Sec. 14-2 | Attachment :: Docks and other structures must be separate and independent from seawalls, unless sealed engineering documents certify the seawall can carry the added loads; a dock may be level with but not above the seawall - Sec. 14-7 | Variances :: The city commission hears variance requests; the fee is $200, with newspaper notice 10 days ahead and mailed notice to owners within 300 feet two weeks ahead - Sec. 14-8 | Broward County :: Boatlifts and davits are listed among the projects that qualify for a county general environmental resource license, which the code says is issued within ten days of a complete application - Broward County Code Sec. 27-336(a)(1)f. | State and federal :: Floating boat lifts and floating vessel platforms that meet s. 403.813(1)(s), F.S. (they float at all times, hold the vessel out of the water, and either sit inside a previously permitted slip or total no more than 500 sq ft - 200 sq ft in Outstanding Florida Waters - beside a qualifying dock or bulkhead) need no state permit; a local government may then ask only for a one-time registration unless the platform is attached to a bulkhead with no dock. Structures in navigable waters otherwise need Army Corps authorization unless exempt or under a general permit - 33 CFR 322.3(a).","City of Oakland Park Code Ch. 14, Secs. 14-1 to 14-6 (Supp. 54; Ord. O-2022-015); Broward County Code Sec. 27-336 (Supp. 72); s. 403.813(1)(s), F.S. (2026); 33 CFR 322.3(a)",2026-10,verified,Dock,Broward,3,0
oakland-park,deck-requirements,Waterfront Deck Rules in Oakland Park,What are the deck setback and railing rules in Oakland Park?,,,,,,,not-started,Deck,Broward,3,0
oakland-park,licensed-contractors,Checking a Marine Contractor in Oakland Park,How do I check a marine contractor in Oakland Park?,Broward or state only,no licences from other boards; $25 a year,"Oakland Park registers contractors on a notarised form and accepts only a Florida state certification or registration and/or a Broward Central Board of Examiners card - not certificates from any other jurisdiction. Registration also needs the county and city business tax receipts from where the business is located and a $25 annual record fee, and the code requires a liability certificate before any contractor licence issues (Sec. 7-3).","Registration :: Notarised form; state certification or registration and/or Broward certificate of competency; county BTR and city BTR from where your business is located; liability and workers' comp naming the City of Oakland Park (a state comp exemption may substitute); qualifier's driver's licence; $25 Contractor Record Maintenance Fee each year - Contractor Registration Requirements | Insurance in the code :: A contractor files a liability certificate with the chief building official before a licence issues - at least $10,000, with five days' notice of cancellation; no replacement within 10 days and the licence is revoked - Code Sec. 7-3 | Past permits :: Online Permit Search - permits after 1 November 2019 in EnerGov Self Service (oaklandparkfl-energovweb.tylerhost.net), by address or permit number; earlier permits in the CD-Plus search (cdponline.oaklandparkfl.gov) | County licence :: Broward's Building Code Division handles contractor licensing and enforcement under County Code Ch. 9 through the Central Examining Board of Construction Trades. County-licensed contractors, suspensions and revocations are checked by phone on 954-765-4400; complaints go to CLE-Complaint@broward.org | Marine cards are voluntary :: Broward lists its marine specialty, marine seawall, bulkhead, dock and pile-driving certificates under Division I (Voluntary), so a county card is not mandatory for marine work - Broward Contractor packet | State licence :: Search the company and the qualifier on DBPR's Verify a Licensee (myfloridalicense.com). A licence number starting with C is a state certification valid anywhere in Florida; one starting with R is a registration, good only where the holder met local competency rules - F.S. 489.105(8),(10) and the DBPR licensing page | Who may build a seawall or dock :: A certified general contractor's scope is unlimited (489.105(3)(a)). The state also certifies five marine specialties: marine specialty, marine seawall work, marine bulkhead work, marine dock work and marine pile driving - Rule 61G4-15.100(1)(b)-(f) | Workers' comp :: In construction a single employee makes coverage mandatory (440.02(20)(b)2). Up to three officers or LLC members owning at least 10% may file exemptions (440.02(18)(b)2), and the exemption certificate itself says it is not a DBPR licence (440.05(4)). Check it on the DWC data portal's Coverage and Exemptions search (dwcdataportal.fldfs.com) | Recovery fund :: For contracts signed on or after 1 July 2024 the Homeowners' Construction Recovery Fund pays at most $100,000 per claim against a Division I contractor (general, building, residential) and $30,000 against a Division II contractor, which includes the marine specialties; the lifetime caps are $2 million and $600,000 per licensee - 489.143(3),(6). Nothing is paid if the contractor was unlicensed when you signed - 489.141(2)(d) - and residential contracts over $2,500 must print the fund notice - 489.1425 | Deposits :: A contractor who takes more than 10% up front on residential work must apply for permits within 30 days and start within 90 days of the permits issuing, unless you agreed to longer in writing - 489.126(2)(a) | Three-day cancel :: If the deal was a home solicitation sale over $25 - signed away from the seller's place of business and not the result of your own request for specific goods or services - you can cancel in writing until midnight of the third business day; Sundays and federal holidays don't count - 501.021, 501.025 | Business tax is not a licence :: A contractor pays business tax where its permanent office is, and no other city or county may levy a business tax or an equivalent registration fee for temporary work there - 205.065","City of Oakland Park Contractor Registration Requirements PDF; Permit Access & Inspections page; Code Sec. 7-3; Broward County Building Code Division page; Broward Contractor packet (Contractor Information PDF); F.S. 489.105, 489.126, 489.141, 489.1425, 489.143, 440.02, 440.05, 501.021, 501.025, 205.065 (2026); Fla. Admin. Code R. 61G4-15.100; DBPR Construction Industry page and Verify a Licensee; DFS Division of Workers' Compensation construction exemption page and data portal",2026-10,verified,Failing,Broward,3,0
oakland-park,storm-prep,Storm Prep for Oakland Park Waterfront Owners,What are the storm and debris rules in Oakland Park?,,,,,,,not-started,Failing,Broward,3,0
sea-ranch-lakes,seawall-height-requirement,Sea Ranch Lakes Seawall Height Requirement,How high does a seawall have to be in Sea Ranch Lakes?,5.0,ft NAVD88,"New, substantially repaired or substantially rehabilitated seawalls in Sea Ranch Lakes must reach at least 5.0 ft NAVD88. Applications filed before 1 Jan 2035 can be approved at 4.0 ft NAVD88 if the wall is designed to be raised to 5.0 ft by 2050. The village code sets no maximum seawall height, but no wall may be built on top of a seawall.","Minimum :: 5.0 ft NAVD88 - LDC Sec. 6.01.06(C)(2)(a) | Interim :: Applications submitted before 1 Jan 2035 may be permitted at 4.0 ft NAVD88 if designed and constructed to accommodate 5.0 ft NAVD88 by 1 Jan 2050 - Sec. 6.01.06(C)(2)(a) | Whole shoreline :: substantial repair/rehab must cover the entire shoreline - Sec. 6.01.06(C)(2)(f) | No wall on seawall :: no wall shall be erected atop a seawall - Sec. 6.01.06(B) | Adopted :: Ord. No. 2021-02, 22 Sept 2021 - Sec. 6.01.06(C) | The 15 ft waterfront strip :: Within 15 ft of the mean water line or property line, no hedge or fence over 3 ft and no impervious surface except the seawall itself - Sec. 6.01.06(A) | Walls near the water :: No wall over 4 ft between the waterfront and the nearest setback line, and every wall needs the Committee's written approval - Sec. 6.01.06(B) | How heights are measured :: Wall and fence heights are measured from the existing elevations of the adjacent property, and the Committee's ruling on any height question is conclusive - Sec. 6.01.06(B) | Docks :: Lots on interior waters may not have docks, piers or boathouses at all; Intracoastal lots need plans approved by the Army Corps and in writing by the Committee - Sec. 6.01.05","Sea Ranch Lakes Code, Appendix A (Land Development Code) Sec. 6.01.06(C) (Ord. No. 2021-02); Secs. 6.01.05 and 6.01.06(A)-(B)",2026-10,verified,Compliance,Broward,3,0
sea-ranch-lakes,seawall-permit,Seawall Permits in Sea Ranch Lakes,Do I need a permit to repair a seawall in Sea Ranch Lakes?,"Yes, plus county license",village permit + county license,"Yes. In Sea Ranch Lakes the Village Clerk issues building permits, and the village's land development code requires a substantially repaired seawall to meet its tidal flood barrier height along the entire shoreline. An owner cited for a failing wall must obtain permits and pass final inspection within 365 days if the fix is a substantial repair. Broward County also requires its own Environmental Resource License, often a general license for a repair in the same place.","City :: The Village Clerk is the official who issues building permits - LDC 9.04.00. Substantial repair = work along more than 50% of the property's shoreline, or attached structures such as docks costing more than 50% of a tidal flood barrier - LDC 6.01.06(C)(1)g.; such walls need 5.0 ft NAVD88 (4.0 ft for applications before 1 Jan 2035 if built to reach 5.0 ft by 2050) and must run along the entire shoreline - 6.01.06(C)(2)a., f. A cited owner must show progress on the subject violation within sixty days; one whose repair is substantial must design, obtain permits, build and pass final inspection within 365 days - 6.01.06(C)(2)b. No wall may be built on top of a seawall, and on lots on interior waters or the Intracoastal no impervious surface other than the seawall is allowed within 15 ft of the mean water line or property line - 6.01.06(A), (B) (Ord. 2021-02); hedges and fences there are limited to three feet - 6.01.06(A); wall heights are measured from neighboring grades and any question about them is conclusively determined by the Committee - 6.01.06(B). The clerk's permit role is described as ministerial - 9.04.00; the seawall standard traces to the village's original Restrictive Covenants (s. 7) and Ord. 88-1 | Broward County :: Construction in regulated aquatic resources needs a county Environmental Resource License (ERL) - Broward County Code Sec. 27-333(a)(1). Repairing an existing functional seawall no more than 1 ft waterward of its authorized location, or a new wall within 1 ft of the old wet face with the old wall left in place, qualifies for a general license (Sec. 27-336(a)(1)b.), as do refacing, crack filling, seepage holes and other minor repairs (n.) and raising the cap in the same footprint (o.); the code says a general license is issued within 10 days of a complete application - Sec. 27-336(a)(1) | State :: Restoring a seawall at its previous location, upland of it, or within 18 inches waterward is exempt from a state environmental resource permit; the exemption does not replace permission to use state-owned submerged land or county and city requirements, and does not cover chapter 161 coastal permits - s. 403.813(1), (1)(e), F.S. | Federal :: A U.S. Army Corps of Engineers (Department of the Army) authorization is required for structures or work in or affecting navigable waters, unless exempt or covered by a nationwide or regional general permit - 33 CFR 322.3(a) (Rivers and Harbors Act s. 10)","Sea Ranch Lakes LDC 6.01.06, 9.04.00 (Municode Supp. 18; village PDF Supp. 16); Broward County Code Ch. 27 Art. XI Secs. 27-333, 27-336 (Supp. 72); s. 403.813(1)(e), F.S. (2026); 33 CFR 322.3(a)",2026-10,verified,Compliance,Broward,3,0
sea-ranch-lakes,flood-zone,Sea Ranch Lakes Flood Zone & Elevation Rules,"What flood zone is Sea Ranch Lakes in, and what does it require?",BFE +1 ft (state code),no village freeboard found,"Sea Ranch Lakes keeps its flood rules inside the land development code appendix and adds no freeboard number of its own, so the Florida Building Code's BFE + 1 ft applies. FEMA's report does not list the village in the Community Rating System. Its floodplain rules sit in an appendix to the land development code rather than in a stand-alone chapter.","Substantial improvement / damage :: 50 percent of market value, no cumulative period - App. A LDC Sec. 4.03.09(43)-(44). | Where the rules sit :: Sea Ranch Lakes keeps floodplain management in Appendix A, Land Development Code, Article IV Resource Protection Standards, part 4.03.00. | Market value :: Substantial damage is measured against market value before the damage occurred - Sec. 4.03.09. | More trigger points :: $667,000 building value -> $333,500 trigger; $593,000 building value -> $296,500 trigger; $821,000 building value -> $410,500 trigger. | FEMA flood map :: FEMA's Community Status Book (report dated 3 Oct 2026) lists Sea Ranch Lakes as NFIP community 120056 with a current effective FIRM dated 31 Jul 2024. Zones are set parcel by parcel, so no single zone covers the whole city - check your own address. | NFIP history :: FEMA record: first flood hazard boundary map 21 Jun 1974; first FIRM 16 Feb 1977; regular NFIP program since 16 Feb 1977. | Flood insurance discount :: Sea Ranch Lakes has no CRS entry in FEMA's report, so NFIP policies there get no Community Rating System discount. | State minimum :: 2023 Florida Building Code, Residential R322.2.1 and R322.3.2 - lowest floor (A zones) or bottom of the lowest horizontal structural member (V and Coastal A zones) at BFE + 1 ft or the design flood elevation, whichever is higher. | Look up your zone :: Enter the address in FEMA's Flood Map Service Center (msc.fema.gov), the official public source for FIRMs; an elevation certificate shows how your floor compares with the BFE.","Sea Ranch Lakes Code App. A Land Development Code Sec. 4.03.09; FEMA Community Status Book, Florida (www.fema.gov/cis/FL.html, report 10/03/2026); 2023 Florida Building Code, Residential R322.2.1, R322.3.2; 44 CFR 59.1; FEMA Flood Map Service Center",2026-10,verified,Compliance,Broward,3,0
sea-ranch-lakes,dock-permit-size,Dock Permits & Size Limits in Sea Ranch Lakes,How big a dock can I build in Sea Ranch Lakes?,,,,,,,not-started,Dock,Broward,3,0
sea-ranch-lakes,boat-lift-rules,Boat Lift Rules in Sea Ranch Lakes,What are the boat lift rules in Sea Ranch Lakes?,No lift rule; Intracoastal structures need Army Corps plans,interior lots: no docks,"Sea Ranch Lakes has no boat lift provision. On Intracoastal lots, docks, piers and mooring posts may be built only to plans approved by the Army Corps of Engineers and approved in writing by the Committee named in the code; lots on the interior waters may not have boathouses, docks, piers, landings or mooring posts at all.","Intracoastal lots :: Docks, piers and mooring posts only to plans approved by the U.S. Army Corps of Engineers and approved in writing by the Committee - LDC App. A, Sec. 6.01.05.A | Interior waters :: No boathouse, boat landing, dock, pier or mooring post on or next to lots on the interior waters - Sec. 6.01.05.B | Definition only :: The seawall section defines a mooring structure to include a davit, hoist and lift, but sets no lift standards - Sec. 6.01.06 | Common easement :: Owners and occupants of the whole subdivision share an easement in common over the interior waters for navigation, fishing and swimming - Sec. 6.01.05.B | Origin :: Both subsections carry over the subdivision's restrictive covenants (Section 5(a) and 5(b)) and Ord. No. 88-1; the interior-waters rule also cites Ord. No. 69-4 of 23 December 1969 - Sec. 6.01.05 | Broward County :: Boatlifts and davits are listed among the projects that qualify for a county general environmental resource license, which the code says is issued within ten days of a complete application - Broward County Code Sec. 27-336(a)(1)f. | State and federal :: Floating boat lifts and floating vessel platforms that meet s. 403.813(1)(s), F.S. (they float at all times, hold the vessel out of the water, and either sit inside a previously permitted slip or total no more than 500 sq ft - 200 sq ft in Outstanding Florida Waters - beside a qualifying dock or bulkhead) need no state permit; a local government may then ask only for a one-time registration unless the platform is attached to a bulkhead with no dock. Structures in navigable waters otherwise need Army Corps authorization unless exempt or under a general permit - 33 CFR 322.3(a).","Village of Sea Ranch Lakes Code App. A, Secs. 6.01.05, 6.01.06 (Supp. 18); Broward County Code Sec. 27-336 (Supp. 72); s. 403.813(1)(s), F.S. (2026); 33 CFR 322.3(a)",2026-10,verified,Dock,Broward,3,0
sea-ranch-lakes,deck-requirements,Waterfront Deck Rules in Sea Ranch Lakes,What are the deck setback and railing rules in Sea Ranch Lakes?,,,,,,,not-started,Deck,Broward,3,0
sea-ranch-lakes,licensed-contractors,Checking a Marine Contractor in Sea Ranch Lakes,How do I check a marine contractor in Sea Ranch Lakes?,,,,,,,not-started,Failing,Broward,3,0
sea-ranch-lakes,storm-prep,Storm Prep for Sea Ranch Lakes Waterfront Owners,What are the storm and debris rules in Sea Ranch Lakes?,,,,,,,not-started,Failing,Broward,3,0
north-bay-village,seawall-height-requirement,North Bay Village Seawall Height Requirement,How high does a seawall have to be in North Bay Village?,5.94,ft NAVD88 (7.50 ft NGVD29); design to allow future raise to 8.44 ft NAVD88,"ULDC Sec. 8.16(B) requires shoreline properties being developed, redeveloped or substantially improved to meet the Village Seawall Design Criteria memo, adopted into the code as Appendix A. That memo sets a minimum seawall elevation of 5.94 ft NAVD88. Walls must also be designed so the cap can be raised 2.5 ft later, to 8.44 ft NAVD88.","Trigger :: Development, redevelopment or substantial improvement of shoreline property, including new or expanded docks, piers, boat lifts - ULDC Sec. 8.16(B) | Standard :: Seawall Design Criteria Project Memorandum (Moffatt & Nichol, Oct 19, 2020), incorporated as Appendix A - Sec. 8.16(B) | Minimum :: Suggested minimum seawall elevation 5.94 ft NAVD (7.50 ft NGVD) - Appendix A memo (attached to Ord. No. 2021-006) | Adaptability :: Design must allow raising the cap an additional 2.5 ft to 8.44 ft NAVD (10.0 ft NGVD) without redesign - Appendix A memo","North Bay Village ULDC Sec. 8.16(B) and Appendix A (Seawall Design Criteria memo, Ord. No. 2021-006)",2026-10,verified,Compliance,Miami-Dade,3,0
north-bay-village,seawall-permit,Seawall Permits in North Bay Village,Do I need a permit to repair a seawall in North Bay Village?,"Yes, plus DERM Class I",village building permit + county Class I,"North Bay Village's code says no one may build, repair, rebuild or alter a seawall without a permit from the Village Building Department. Most repairs also need a Miami-Dade DERM Class I permit, which the county requires for work in tidal waters in every city; sealing cracks and repairing pilasters are exempt. The village's seawall checklist sets a 5.94 ft NAVD88 minimum cap.","Village permit :: No seawall or bulkhead may be built, repaired, rebuilt or altered without first obtaining a building permit from the Village Building Department; plans and specifications required - ULDC Sec. 9.12(B)(3)-(4) | Commission approval :: In its section on Miami-Dade shoreline development review, which covers waterfront development other than single-family and duplex homes, the code requires Village Commission approval for building or structurally altering a seawall before that review is sought - ULDC Sec. 9.11(A),(D) | Design standard :: Shoreline properties being developed, redeveloped or substantially improved must meet the Village Seawall Design Criteria (Moffatt & Nichol memo, 19 Oct 2020, ULDC Appendix A) - ULDC Sec. 8.16(B) | Checklist :: Minimum cap 5.94 ft NAVD88 (7.50 ft NGVD), able to be raised 2.5 ft more; coastal engineering checks and 25-year design life; executed contract covering all labour and materials plus a full-replacement cost estimate - Village Seawall Permit Package Requirements | Disrepair :: A seawall in disrepair is unlawful; the Village Manager can order repairs, hire contractors and lien the cost, and material that falls into village waters must be removed by the owner - ULDC Sec. 9.12(C) | County Class I permit :: Miami-Dade DERM must issue a Class I permit before any work in, on, over or upon tidal waters anywhere in the county, including inside cities - County Code Sec. 24-48(1)(d) and 24-48.1(1)(a) | Short form :: Rebuilding or repairing a seawall at the mean high water line or no more than 18 inches waterward of the existing wall qualifies for a short-form application. It also qualifies where existing primary support piles stick out no more than 14 inches, if the new wall is no more than 18 inches waterward of those piles - Sec. 24-48.2(I)(A)(1) | Who decides :: A short-form application limited to seawalls is decided by the Department with no County Commission hearing. Most standard-form applications are now decided by the Director, apart from listed exceptions such as variances - Sec. 24-48.2(I)(B)(1)(iii)-(iv) and (II)(C)(1), as amended by Ord. 25-73 (1 July 2025) | County clock :: Ord. 25-73 Sec. 8 directs the County to issue a Completeness Summary within 10 calendar days of submission and a final decision on short-form seawall applications within 90 calendar days after that summary. The applicant may waive these limits in writing. The County Mayor reported the timeframes apply from 1 Dec 2025 (report to the Commission dated 17 Apr 2026) | No Class I needed :: Sealing cracks and spalls on the cap or face, repairing pilasters, backfilling behind the wall, and limited riprap or sand-cement bags at the toe (no more than 2 ft out) - Sec. 24-48(3)(b)-(f) | Quick approval instead :: Repairing or replacing the cap or the tieback system gets a written expedited administrative authorization, answered within 10 business days, if the contractor submits structurally approved plans from the building authority - Sec. 24-48(4)(f)-(g) | Not a substitute :: A county permit does not relieve the applicant from obtaining all required federal, state and local permits - Sec. 24-48.5(1) | State (FDEP) :: No state environmental permit is needed to restore a seawall at its previous location, upland of it, or within 18 inches waterward of it - Fla. Stat. 403.813(1)(e). The exemption does not cover permission to use state-owned submerged lands or local requirements - 403.813(1) | State-owned bottom :: Work over sovereign submerged lands still needs Board of Trustees permission even when the seawall work is exempt - Fla. Stat. 403.813(1) | Federal (Army Corps) :: A Department of the Army permit is required for structures or work in or affecting navigable waters, either under a nationwide or regional general permit or an individual permit - 33 CFR 322.3(a)","North Bay Village ULDC Secs. 8.16, 9.11, 9.12; Seawall Permit Package Requirements (Building Dept); Miami-Dade County Code Ch. 24, Secs. 24-48, 24-48.1, 24-48.2, 24-48.5 (as amended by Ord. 25-73, 7-1-25); Ord. 25-73 Sec. 8 (Clerk's official file copy); Fla. Stat. 403.813(1) (2026); 33 CFR 322.3",2026-10,verified,Compliance,Miami-Dade,3,0
north-bay-village,flood-zone,North Bay Village Flood Zone & Elevation Rules,"What flood zone is North Bay Village in, and what does it require?",,,,,,,not-started,Compliance,Miami-Dade,3,0
north-bay-village,dock-permit-size,Dock Permits & Size Limits in North Bay Village,How big a dock can I build in North Bay Village?,50 ft from the seawall,"perpendicular, max; 7.5 ft side setback","North Bay Village caps docks, piers, piles and boat lifts at 50 ft perpendicular from the seawall or shoreline, not counting rip-rap, with a 7.5 ft setback from each side lot line. Lifts and mooring piles may sit beyond 50 ft only at an existing dock that already reaches that far. Anything more needs a coastal construction variance from the Village Commission.","Projection :: No dock, pier, dolphin, wharf, piling, boat lift or similar structure more than 50 ft perpendicular from the seawall or shoreline (not including rip-rap) - Unified Land Development Code 9.12(B)(1) | Side setback :: At least 7.5 ft from the lot line on each side - 9.12(B)(2) | Beyond 50 ft :: Boat lifts and mooring piles may be built beyond 50 ft at existing docks if neither they nor a lifted or moored boat extend farther than the existing dock already allows - 9.12(B)(5) | Safety light :: A light on the outermost part of the structure from half an hour before sunset to half an hour after sunrise - 9.12(B)(6) | Repairs :: Existing structures may be repaired or rebuilt in the same footprint regardless of the dimensional limits - 9.12(B)(7) | Permit :: A building permit from the Village Building Department, with detailed plans, for any dock, pier, piling, lift, seawall, filling or dredging - 9.12(B)(3)-(4) | Variance :: A coastal construction variance goes to a Planning and Zoning Board hearing, then the Village Commission; criteria include consent letters from, or objections by, adjoining riparian owners; it expires after two years without substantial construction - 9.12(G) | RS-1 and RS-2 :: No living aboard and no renting of docks, moorings or boats; one boat may have utility hook-ups from a private dock - 9.12(D)(1)-(2) | Miami-Dade County Class I permit :: Any work in, on, over or upon tidal waters or bay bottom anywhere in Miami-Dade County, cities included, needs a county Class I permit - County Code 24-48.1(1)(a). New boat slips at docks in tidal waters need at least 4 ft of water at mean low water; the depth rule does not apply to docks in bulkheaded artificial canals bordered by uplands on both sides, to lifts, davits and piles in slips at existing permitted docks, or to repair of existing legal docks with at least 3 ft of water - 24-48.3(3). A dock proposed beyond the boundaries in Sec. D-5(03)(2)(a) of the county Public Works Manual gets extra review factors - 24-48.3(1)(j) | State exemption :: A private, non-commercial dock on pilings with 1,000 sq ft or less of over-water surface (500 sq ft in Outstanding Florida Waters), and the only exempt dock along 65 ft of shoreline (or one per lot if the lot is narrower), needs no state environmental permit - Fla. Stat. 403.813(1)(b). The exemption does not grant permission to use state-owned submerged lands and does not override city or county rules - 403.813(1) | Federal :: Structures in navigable waters need a Department of the Army permit, general or individual - 33 CFR 322.3(a)","North Bay Village Unified Land Development Code Sec. 9.12 (through Ord. 2024-004, 3-12-24); Miami-Dade County Code Secs. 24-48.1(1)(a), 24-48.3(1)(j),(3); Fla. Stat. 403.813(1)(b) (2026); 33 CFR 322.3(a)",2026-10,verified,Dock,Miami-Dade,3,0
north-bay-village,boat-lift-rules,Boat Lift Rules in North Bay Village,What are the boat lift rules in North Bay Village?,"Allowed; 50 ft limit, 7.5 ft side setback",safety light on outer end,"North Bay Village limits docks, pilings and boat lifts to 50 feet out from the seawall, with a 7.5-foot setback from each side lot line and a Village building permit. A lift at an existing longer dock may go past 50 feet only if neither it nor the lifted boat sits farther out than the dock already does, and whichever structure is farthest out needs a safety light from dusk to dawn.","Reach :: No dock, piling, boat lift or similar structure more than 50 feet perpendicular from the seawall or shoreline, not counting rip-rap - ULDC Sec. 9.12(B)(1) | Longer existing docks :: Lifts and mooring piles may go beyond 50 feet at existing docks only if they and the lifted boat extend no farther than the existing dock structures - Sec. 9.12(B)(5) | Side setback :: At least 7.5 feet from the lot line on each side - Sec. 9.12(B)(2) | Permit :: Building permit from the Village Building Department to build, repair, extend or alter a boat lift, with written application and detailed plans - Sec. 9.12(B)(3)-(4) | Light :: A safety light on the part of the dock, mooring pile or boat lift farthest from the seawall, lit from half an hour before sunset to half an hour after sunrise - Sec. 9.12(B)(6) | Repairs :: Existing lifts may be repaired or rebuilt in the same footprint regardless of the dimensional limits - Sec. 9.12(B)(7) | Floating lifts :: Floating boat lifts follow Miami-Dade Sec. 24-48 Class 1 permit rules; unencapsulated polystyrene floats are banned - Sec. 8.17(B)(6)-(7) | Miami-Dade County :: Any work in, on or over tidal waters needs a county permit from the Department (DERM). A single-family boat lift, davit or floating dock that protrudes no more than 25% of the waterway width may use the short-form application, as may installing a boat lift or davit on a dock, seawall or bulkhead - Miami-Dade Code Secs. 24-48(1)(d), 24-48.2(I)(A)(2), (8), (20). | State and federal :: Floating boat lifts and floating vessel platforms that meet s. 403.813(1)(s), F.S. (they float at all times, hold the vessel out of the water, and either sit inside a previously permitted slip or total no more than 500 sq ft - 200 sq ft in Outstanding Florida Waters - beside a qualifying dock or bulkhead) need no state permit; a local government may then ask only for a one-time registration unless the platform is attached to a bulkhead with no dock. Structures in navigable waters otherwise need Army Corps authorization unless exempt or under a general permit - 33 CFR 322.3(a).","North Bay Village Unified Land Development Code Secs. 8.17, 9.12 (Supp. 8); Miami-Dade Code Secs. 24-48, 24-48.2 (Supp. 136); s. 403.813(1)(s), F.S. (2026); 33 CFR 322.3(a)",2026-10,verified,Dock,Miami-Dade,3,0
north-bay-village,deck-requirements,Waterfront Deck Rules in North Bay Village,What are the deck setback and railing rules in North Bay Village?,20 ft,waterfront setback in RS-1; ground-level patios may encroach 18 in,North Bay Village's RS-1 district has a 20 ft waterfront setback. Ground-level patios and terraces may push only 18 inches into a side or rear setback and must stay within 6 inches of grade; pool decking keeps 2.5 ft from every property line.,"RS-1 setbacks :: Front 20, corner side 20, interior side 10, rear 20, waterfront 20 ft. ULDC Sec. 8.10.A. | Patios and terraces :: At ground level they may extend into a side or rear setback a maximum of 18 inches, if no more than 6 inches above grade. Sec. 8.17. | Pools :: Decking around a pool, spa or hot tub must be at least 2.5 ft from any property line; pools and appurtenances max 2 ft above finished grade; bulkheads, canals and navigable waterways may count as a pool barrier when approved. Sec. 8.17.M. | Green space :: At least 20% of the lot stays unobstructed, landscaped green space (40% of the front yard); up to 25% of permeable patios, terraces and walkways may be subtracted from impervious coverage with Public Works approval. Sec. 8.10.A. | Roof decks :: Parapet railings max 48 inches above the finished roof deck. Sec. 8.17. | Rooftop :: Rooftop decks and terraces in RS-1/RS-2 limited to 25% of the floor below or 400 sq ft, set back 10 ft from side walls not facing a street; rooftop decks max 6 inches above the main roofline. Secs. 8.16, 8.17. | Seawall standard :: Shoreline properties being developed, redeveloped or substantially improved must build their seawalls to the Moffatt & Nichol Seawall Design Criteria Project Memorandum of October 19, 2020 (Appendix A). Sec. 8.16. | Guards (state rule) :: Florida Building Code, Residential, 8th Edition (2023), Sec. R312.1.1-R312.1.3: a guard is required on open sides of a walking surface located more than 30 inches above the floor or grade below at any point within 24 inches of the open edge; it must be at least 36 inches high; openings must not let a 4-inch sphere pass. No local guard amendment was found in this city's code.","North Bay Village Unified Land Development Code Secs. 8.10, 8.17 (ULDC Supp. 8); Florida Building Code, Residential, 8th Ed. (2023) R312.1.1-R312.1.3 (ICC Digital Codes)",2026-10,verified,Deck,Miami-Dade,3,0
north-bay-village,licensed-contractors,Checking a Marine Contractor in North Bay Village,How do I check a marine contractor in North Bay Village?,Register each fiscal year,fee waived for state-certified; $25 for county cards,"North Bay Village registers contractors from 1 October to 30 September, waiving the fee for state-certified contractors and charging $25 to holders of a county certificate of competency. If the contractor gives an exemption certificate instead of workers' comp, the property owner has to sign a Hold Harmless Agreement - a reason to ask early.","State certified :: State certification, an occupational licence from where the business is located, a driver's licence, and liability plus comp (or exemption) naming North Bay Village - Contractor Registration form | County card holders :: Miami-Dade CTQB business certificate of competency, state registration, local business tax receipt, Municipal Contractor's Tax Receipt and driver's licence; signed under penalty of perjury and notarised | Past permits :: The Building Department posts yearly Permits Issued reports (FY 2020 to FY 2024), a Contractor Complaint Form and a Seawall Permit Package; contact buildingclerk@nbvillage.com, 305-754-6740 | County licence :: Miami-Dade's Contractor Licensing Section in Regulatory and Economic Resources licenses contractors under County Code Ch. 10, with the Construction Trades Qualifying Board over licence scopes. The county Contractor Search takes a company name or licence number and also shows complaints - 786-315-2880 | No county marine card :: Miami-Dade's building-specialty licences (communications tower, demolition, drywall, precast erection, reinforcing steel, roofing, screen enclosure, structural steel, unit masonry, door, painting and waterproofing, gutters) have no marine, seawall or dock category, so check the state record | A tax number is not a licence :: The county lists a contractor showing only an occupational licence or business tax number as a warning sign | State licence :: Search the company and the qualifier on DBPR's Verify a Licensee (myfloridalicense.com). A licence number starting with C is a state certification valid anywhere in Florida; one starting with R is a registration, good only where the holder met local competency rules - F.S. 489.105(8),(10) and the DBPR licensing page | Who may build a seawall or dock :: A certified general contractor's scope is unlimited (489.105(3)(a)). The state also certifies five marine specialties: marine specialty, marine seawall work, marine bulkhead work, marine dock work and marine pile driving - Rule 61G4-15.100(1)(b)-(f) | Workers' comp :: In construction a single employee makes coverage mandatory (440.02(20)(b)2). Up to three officers or LLC members owning at least 10% may file exemptions (440.02(18)(b)2), and the exemption certificate itself says it is not a DBPR licence (440.05(4)). Check it on the DWC data portal's Coverage and Exemptions search (dwcdataportal.fldfs.com) | Recovery fund :: For contracts signed on or after 1 July 2024 the Homeowners' Construction Recovery Fund pays at most $100,000 per claim against a Division I contractor (general, building, residential) and $30,000 against a Division II contractor, which includes the marine specialties; the lifetime caps are $2 million and $600,000 per licensee - 489.143(3),(6). Nothing is paid if the contractor was unlicensed when you signed - 489.141(2)(d) - and residential contracts over $2,500 must print the fund notice - 489.1425 | Deposits :: A contractor who takes more than 10% up front on residential work must apply for permits within 30 days and start within 90 days of the permits issuing, unless you agreed to longer in writing - 489.126(2)(a) | Three-day cancel :: If the deal was a home solicitation sale over $25 - signed away from the seller's place of business and not the result of your own request for specific goods or services - you can cancel in writing until midnight of the third business day; Sundays and federal holidays don't count - 501.021, 501.025 | Business tax is not a licence :: A contractor pays business tax where its permanent office is, and no other city or county may levy a business tax or an equivalent registration fee for temporary work there - 205.065","North Bay Village Contractor Registration form; Building Department page; Miami-Dade RER Contractors & Building Trades, Building Specialty Licenses and Contractor Search pages; Warning Signs When Hiring Contractors page; F.S. 489.105, 489.126, 489.141, 489.1425, 489.143, 440.02, 440.05, 501.021, 501.025, 205.065 (2026); Fla. Admin. Code R. 61G4-15.100; DBPR Construction Industry page and Verify a Licensee; DFS Division of Workers' Compensation construction exemption page and data portal",2026-10,verified,Failing,Miami-Dade,3,0
north-bay-village,storm-prep,Storm Prep for North Bay Village Waterfront Owners,What are the storm and debris rules in North Bay Village?,Manager can order boats out,on a hurricane warning,"North Bay Village authorizes the Village Manager, on a hurricane warning or alert, to order vessels removed from any dock, pier, wharf or mooring in the Village if a vessel would endanger public safety. Boats and trailers parked at homes must be mechanically secured to the ground on a hurricane warning, and the Manager may lift the gas leaf-blower ban for storm cleanup.","Removal order :: In the event of a hurricane warning or alert, or other danger to public safety, the Village Manager may in his discretion order vessels removed from any dock, pier, wharf or other mooring within the Village if the vessel would constitute a danger to public safety - Code Sec. 150.20; penalty Sec. 150.99 | Boats at home :: Boats and trailers shall be mechanically secured to the ground upon issuance of a hurricane warning pertaining to North Bay Village - Sec. 70.02(11) | Yard waste :: Once an official hurricane watch is issued, no landscape debris may be placed on or within ten feet of the public right-of-way unless the Village Manager instructs otherwise in writing - Sec. 100.02(A) | Cleanup :: After a hurricane, tropical storm or similar extreme weather event, the Village Manager may temporarily suspend the chapter to permit gas-powered leaf blowers for debris cleanup - Sec. 105.03 (Ord. 2022-002)","North Bay Village Code of Ordinances Secs. 70.02, 100.02, 105.03, 150.20 (Municode)",2026-10,verified,Failing,Miami-Dade,3,0
golden-beach,seawall-height-requirement,Golden Beach Seawall Height Requirement,How high does a seawall have to be in Golden Beach?,4.425,"ft NAVD88 (single required value: ""constructed at an elevation of""; not labelled minimum or maximum)","All new and replacement seawalls must be built to 4.425 ft NAVD88. Existing legal nonconforming seawalls must be brought up when the home is substantially improved or demolished, the wall is materially altered, or the property is sold.","Required height :: All new and replacement seawalls shall be constructed at an elevation of 4.425 ft NAVD-88 - Golden Beach Code Sec. 46-85(a) | Docks :: Min 3.425 ft, max 4.425 ft NAVD-88; finish material max 3 in. thick - Sec. 46-85(a) | Nonconforming walls :: Must comply on >50% improvement, demolition of primary structure, or material alteration - Sec. 46-86(b) | Sale :: Pre-sale engineer report must state cap height in NAVD-88; deficiencies, including raising the cap if not per NAVD-88 requirements, must be corrected and a building permit application submitted within 180 days after closing - Sec. 46-86(b)(5) | Surveys :: Permit and as-built surveys show cap elevations in NAVD-88 at 20-ft intervals - Sec. 46-79",Golden Beach Code of Ordinances Sec. 46-85(a),2026-10,verified,Compliance,Miami-Dade,3,0
golden-beach,seawall-permit,Seawall Permits in Golden Beach,Do I need a permit to repair a seawall in Golden Beach?,"Yes, plus DERM Class I",town building permit + cash bond + county Class I,"Golden Beach requires a town building permit for seawall work plus a cash bond, with engineer-certified plans and staged surveys. Most repairs also need a Miami-Dade DERM Class I permit, which the county requires for work in tidal waters in every city; sealing cracks and repairing pilasters are exempt. Selling the house can trigger a required seawall report and fixes.","Seawall required :: Every property on a waterfront other than the Atlantic Ocean must have a seawall and maintain it - Golden Beach Code Sec. 46-76 | Town permit :: A building permit from the Town and other applicable jurisdictions is required to construct a seawall; the permit fee and a cash bond are set by resolution - Sec. 46-77 | Design :: Certified by a registered engineer and built by a licensed contractor to plans approved in advance by the Building Official - Sec. 46-78 | Surveys :: Lot survey under 6 months old with NAVD-88 elevations every 20 ft; pile log approved before forms go up, form surveys approved before concrete, and sealed as-built surveys before final inspection - Sec. 46-79 | Height :: New and replacement seawalls built at 4.425 ft NAVD-88 - Sec. 46-85(a) | Repairs :: Repairs may use other methods such as precast panels or sheet piles if they match the original design; rip-rap banned - Sec. 46-82 | Nonconforming walls :: Must be brought up to standard when work on the property exceeds 50% of the structure's assessed value, the house is demolished, the wall is materially altered, or the property is sold; before a sale (except to immediate family) the owner provides a sealed engineer's report, and a permit to fix deficiencies, including raising the cap, must be filed within 180 days after closing - Sec. 46-86(b) | County Class I permit :: Miami-Dade DERM must issue a Class I permit before any work in, on, over or upon tidal waters anywhere in the county, including inside cities - County Code Sec. 24-48(1)(d) and 24-48.1(1)(a) | Short form :: Rebuilding or repairing a seawall at the mean high water line or no more than 18 inches waterward of the existing wall qualifies for a short-form application. It also qualifies where existing primary support piles stick out no more than 14 inches, if the new wall is no more than 18 inches waterward of those piles - Sec. 24-48.2(I)(A)(1) | Who decides :: A short-form application limited to seawalls is decided by the Department with no County Commission hearing. Most standard-form applications are now decided by the Director, apart from listed exceptions such as variances - Sec. 24-48.2(I)(B)(1)(iii)-(iv) and (II)(C)(1), as amended by Ord. 25-73 (1 July 2025) | County clock :: Ord. 25-73 Sec. 8 directs the County to issue a Completeness Summary within 10 calendar days of submission and a final decision on short-form seawall applications within 90 calendar days after that summary. The applicant may waive these limits in writing. The County Mayor reported the timeframes apply from 1 Dec 2025 (report to the Commission dated 17 Apr 2026) | No Class I needed :: Sealing cracks and spalls on the cap or face, repairing pilasters, backfilling behind the wall, and limited riprap or sand-cement bags at the toe (no more than 2 ft out) - Sec. 24-48(3)(b)-(f) | Quick approval instead :: Repairing or replacing the cap or the tieback system gets a written expedited administrative authorization, answered within 10 business days, if the contractor submits structurally approved plans from the building authority - Sec. 24-48(4)(f)-(g) | Not a substitute :: A county permit does not relieve the applicant from obtaining all required federal, state and local permits - Sec. 24-48.5(1) | State (FDEP) :: No state environmental permit is needed to restore a seawall at its previous location, upland of it, or within 18 inches waterward of it - Fla. Stat. 403.813(1)(e). The exemption does not cover permission to use state-owned submerged lands or local requirements - 403.813(1) | State-owned bottom :: Work over sovereign submerged lands still needs Board of Trustees permission even when the seawall work is exempt - Fla. Stat. 403.813(1) | Federal (Army Corps) :: A Department of the Army permit is required for structures or work in or affecting navigable waters, either under a nationwide or regional general permit or an individual permit - 33 CFR 322.3(a)","Town of Golden Beach Code Ch. 46 Art. IV, Secs. 46-76 to 46-86; Miami-Dade County Code Ch. 24, Secs. 24-48, 24-48.1, 24-48.2, 24-48.5 (as amended by Ord. 25-73, 7-1-25); Ord. 25-73 Sec. 8 (Clerk's official file copy); Fla. Stat. 403.813(1) (2026); 33 CFR 322.3",2026-10,verified,Compliance,Miami-Dade,3,0
golden-beach,flood-zone,Golden Beach Flood Zone & Elevation Rules,"What flood zone is Golden Beach in, and what does it require?",BFE +1 ft (state code),no extra town freeboard found,"Golden Beach counts repeated flood damage: two flood events in ten years averaging 25% of market value make a building substantially damaged, alongside the usual 50% test. FEMA's report lists the town at CRS class 10, which carries no insurance discount.","Substantial damage :: 50 percent of market value, plus flood damage on two separate occasions in a ten-year period averaging 25 percent or more - Sec. 62-10. | Substantial improvement :: 50 percent of market value, no cumulative period - Sec. 62-10. | Floodproofing certificate :: Added to FBC Building plan-review criteria - Sec. 62-11(3). | Where the rules sit :: Subpart B Land Development Regulations, Chapter 62 Floods - Article I Administration, Article II Definitions, Article III Flood Resistant Development. | FEMA flood map :: FEMA's Community Status Book (report dated 3 Oct 2026) lists Golden Beach as NFIP community 120642 with a current effective FIRM dated 11 Sep 2009. Zones are set parcel by parcel, so no single zone covers the whole city - check your own address. | NFIP history :: FEMA record: first FIRM 29 Sep 1972; regular NFIP program since 29 Sep 1972; entered CRS 1 Oct 1993. | Flood insurance discount :: CRS class 10 (class date 1 Oct 2002) - a class 10 community receives no premium discount. | State minimum :: 2023 Florida Building Code, Residential R322.2.1 and R322.3.2 - lowest floor (A zones) or bottom of the lowest horizontal structural member (V and Coastal A zones) at BFE + 1 ft or the design flood elevation, whichever is higher. | Look up your zone :: Enter the address in FEMA's Flood Map Service Center (msc.fema.gov), the official public source for FIRMs; an elevation certificate shows how your floor compares with the BFE.","Golden Beach Code Subpart B LDR Ch. 62 Floods, Secs. 62-10, 62-11; FEMA Community Status Book, Florida (www.fema.gov/cis/FL.html, report 10/03/2026); 2023 Florida Building Code, Residential R322.2.1, R322.3.2; 44 CFR 59.1; FEMA Flood Map Service Center",2026-10,needs-content,Compliance,Miami-Dade,3,0
golden-beach,dock-permit-size,Dock Permits & Size Limits in Golden Beach,How big a dock can I build in Golden Beach?,6 ft past the lot line,inside waterways (100 ft or less); 10 ft on wider waterways,"Golden Beach limits a dock to 6 ft past the lot's property line on an inside waterway (100 ft wide or less) and 10 ft on an outside waterway. Everything on the water, including a raised boat, must also fit inside a 45-degree triangle drawn from points 5 ft in from each side line, never more than 25 ft out. New docks are built between 3.425 and 4.425 ft NAVD88, and no dock is allowed on a vacant lot.","Projection :: No dock may extend more than 6 ft outside the lot property line into an inside waterway (width 100 ft or less) or more than 10 ft into an outside waterway (wider than 100 ft) - Town Code 46-84 | Triangle :: No dock, lift, hydrohoist, mooring or dolphin pile, davit or raised boat may protrude into the waterway unless it sits inside a triangle whose base is the waterfront line set 5 ft in from each side property line, with sides at 45 degrees, never more than 25 ft into the waterway; elevated boats and docks may never enter the side setback - 46-87(b) | Side setback :: No part of a dock or other structure within 10 ft of the projected side lines - 46-87(a) | Height :: New and replacement docks at least 3.425 ft and no more than 4.425 ft NAVD88 (seawalls are built at 4.425 ft); finish material no thicker than 3 inches; no covers. Beside a legal nonconforming seawall, a dock may sit up to 1 ft below its cap - 46-85 | Raised boats :: The keel of a lifted vessel no higher than the seawall cap and never more than 4 ft above mean sea level - 46-87(c) | Moored boats and floating docks :: No more than 25 ft into the waterway from the seawall face and at least 10 ft from the projected side lines - 46-55 | Vacant lots :: No dock, lift, piles or moored boat on a vacant lot; permits issue only after a house permit, with the final inspection at the house's final - 46-87(d) | Nonconforming docks :: Spending more than 50% of a dock's value on repair triggers full compliance; a dock may stay after the house is demolished only with a rebuild within two years and a bond of 120% of dock-demolition cost - 46-87(e) | Permit :: A Town building permit plus other applicable jurisdictions - 46-77 | Miami-Dade County Class I permit :: Any work in, on, over or upon tidal waters or bay bottom anywhere in Miami-Dade County, cities included, needs a county Class I permit - County Code 24-48.1(1)(a). New boat slips at docks in tidal waters need at least 4 ft of water at mean low water; the depth rule does not apply to docks in bulkheaded artificial canals bordered by uplands on both sides, to lifts, davits and piles in slips at existing permitted docks, or to repair of existing legal docks with at least 3 ft of water - 24-48.3(3). A dock proposed beyond the boundaries in Sec. D-5(03)(2)(a) of the county Public Works Manual gets extra review factors - 24-48.3(1)(j) | State exemption :: A private, non-commercial dock on pilings with 1,000 sq ft or less of over-water surface (500 sq ft in Outstanding Florida Waters), and the only exempt dock along 65 ft of shoreline (or one per lot if the lot is narrower), needs no state environmental permit - Fla. Stat. 403.813(1)(b). The exemption does not grant permission to use state-owned submerged lands and does not override city or county rules - 403.813(1) | Federal :: Structures in navigable waters need a Department of the Army permit, general or individual - 33 CFR 322.3(a)","Town of Golden Beach Code Ch. 46, Secs. 46-55, 46-77, 46-84, 46-85 (through Ord. 600.22, 6-14-22), 46-87 (through Ord. 553.11); Miami-Dade County Code Secs. 24-48.1(1)(a), 24-48.3(1)(j),(3); Fla. Stat. 403.813(1)(b) (2026); 33 CFR 322.3(a)",2026-10,verified,Dock,Miami-Dade,3,0
golden-beach,boat-lift-rules,Boat Lift Rules in Golden Beach,What are the boat lift rules in Golden Beach?,Allowed; raised keel no higher than the seawall cap,and never above 4 ft MSL,"Golden Beach caps a lifted boat at the seawall: the keel of a raised vessel may be no higher than the seawall cap and never more than 4 feet above mean sea level. Lifts, hydrohoists and raised boats must fit inside a 45-degree triangle drawn from the waterfront line, starting 5 feet in from each side line and reaching no more than 25 feet out. No lift is allowed on a vacant lot.","Boat when raised :: The keel of a raised vessel may be no higher than the cap of the seawall and never higher than 4 feet above mean sea level - Code Sec. 46-87(c) | Triangle :: No part of a dock, boat lift, hydrohoist or other elevation method, davit, or an elevated boat may protrude into the waterway outside a triangle whose base is the waterfront line set 5 feet in from each side line and whose sides run at 45 degrees, never more than 25 feet out; elevated boats and docks never in the side setback - Sec. 46-87(b) | Vacant lots :: No dock, lift, mooring piles or moored boat on vacant lots; permits issue only after the house building permit, with final inspection at the house final - Sec. 46-87(d) | Rebuilding :: Spending more than 50% of a lift's value on repair brings it under current rules - Sec. 46-87(e) | Davits :: Waterfront owners may keep boats on davits next to the seawall of their lot - Sec. 46-52(a) | Moored structures :: Vessels, floating docks and similar items may protrude no more than 25 feet from the seawall and must keep 10 feet from the side lines - Sec. 46-55 | Permit :: Building permit from the Town and other jurisdictions, with fee and cash bond set by resolution - Sec. 46-77 | Miami-Dade County :: Any work in, on or over tidal waters needs a county permit from the Department (DERM). A single-family boat lift, davit or floating dock that protrudes no more than 25% of the waterway width may use the short-form application, as may installing a boat lift or davit on a dock, seawall or bulkhead - Miami-Dade Code Secs. 24-48(1)(d), 24-48.2(I)(A)(2), (8), (20). | State and federal :: Floating boat lifts and floating vessel platforms that meet s. 403.813(1)(s), F.S. (they float at all times, hold the vessel out of the water, and either sit inside a previously permitted slip or total no more than 500 sq ft - 200 sq ft in Outstanding Florida Waters - beside a qualifying dock or bulkhead) need no state permit; a local government may then ask only for a one-time registration unless the platform is attached to a bulkhead with no dock. Structures in navigable waters otherwise need Army Corps authorization unless exempt or under a general permit - 33 CFR 322.3(a).","Town of Golden Beach Code Secs. 46-52, 46-55, 46-77, 46-87 (Supp. 41; Ord. 553.11); Miami-Dade Code Secs. 24-48, 24-48.2 (Supp. 136); s. 403.813(1)(s), F.S. (2026); 33 CFR 322.3(a)",2026-10,verified,Dock,Miami-Dade,3,0
golden-beach,deck-requirements,Waterfront Deck Rules in Golden Beach,What are the deck setback and railing rules in Golden Beach?,36 in,patio/terrace setback from side and rear lot lines (Zones Two and Three),"Golden Beach lets walkways, patios, terraces and platforms come within 36 inches of side and rear lot lines in Zones Two and Three; Zone Three is the canal and Intracoastal zone, where houses stay 35 ft from the rear line. Steps or platforms over 36 inches above grade may not enter any minimum setback.","Patios and terraces :: In Zones Two and Three no walkways, patios, steps, terraces or platforms closer than 36 inches to the adjacent side or rear lot lines; in Zone One (oceanfront) none east of the established bulkhead line. Code Sec. 66-141(c). | Height :: No steps or platforms over 36 inches above average lot grade may extend into minimum side, rear or front setbacks. Sec. 66-141(c). | Canal and Intracoastal lots :: Zone Three covers the waterfront lots on the canals and Intracoastal Waterway (Blocks E-M); no building, including garages, closer than 35 ft to the rear lot line. Sec. 66-69.3. | Awnings :: Retractable awnings may encroach only into a rear setback, over a compliant patio or deck. Sec. 66-141(g). | Projections :: Awnings, canopies, planters and similar features may project up to 2 ft into setbacks abutting streets or waterways on full-size lots; eaves up to 4 ft. Sec. 66-141(d), (f). | Eyebrows :: Permanent cantilevered eyebrows over windows or doors may extend up to 4 ft into a setback. Sec. 66-141(e). | Entry walks :: A walkway up to 8 ft wide from the driveway or street to the front door is allowed in front or street-side yards in all zones. Sec. 66-141(c). | Decorative features :: Planting bins, oriel windows, cornices, decorative bands, artwork and plaques may project 1.5 ft into interior-line setbacks. Sec. 66-141(f). | Guards (state rule) :: Florida Building Code, Residential, 8th Edition (2023), Sec. R312.1.1-R312.1.3: a guard is required on open sides of a walking surface located more than 30 inches above the floor or grade below at any point within 24 inches of the open edge; it must be at least 36 inches high; openings must not let a 4-inch sphere pass. No local guard amendment was found in this city's code.","Town of Golden Beach Code Secs. 66-141, 66-69.3 (Supp. 41); Florida Building Code, Residential, 8th Ed. (2023) R312.1.1-R312.1.3 (ICC Digital Codes)",2026-10,verified,Deck,Miami-Dade,3,0
golden-beach,licensed-contractors,Checking a Marine Contractor in Golden Beach,How do I check a marine contractor in Golden Beach?,Registered with the Town,contract with every permit,"Golden Beach's online-permitting instructions say all contractors must be registered with the Town, and every permit submitted needs the permit application plus a copy of the contract between owner and contractor. Changing contractors mid-job costs $300 and needs a hold harmless form, the new contractor's registration, a new application and a field check.","Registration first :: Check with the Building Department that your registration is current before applying; online applications ask for the last four digits of the contractor number on the registration form - On-Line Permitting Instructions | Change of contractor :: Hold Harmless & Change of Contractor form, $300 fee, new contractor registers with the Town, new permit application signed by the new contractor and the owner, and a field check inspection | Docks and lifts :: Electrical work for a boat dock pedestal or lift needs the pedestal brochure and a survey marking the connection, signed by a master electrician | Contact :: Building Department 305-932-0744 ext. 234 or 237; inspections@goldenbeach.us | County licence :: Miami-Dade's Contractor Licensing Section in Regulatory and Economic Resources licenses contractors under County Code Ch. 10, with the Construction Trades Qualifying Board over licence scopes. The county Contractor Search takes a company name or licence number and also shows complaints - 786-315-2880 | No county marine card :: Miami-Dade's building-specialty licences (communications tower, demolition, drywall, precast erection, reinforcing steel, roofing, screen enclosure, structural steel, unit masonry, door, painting and waterproofing, gutters) have no marine, seawall or dock category, so check the state record | A tax number is not a licence :: The county lists a contractor showing only an occupational licence or business tax number as a warning sign | State licence :: Search the company and the qualifier on DBPR's Verify a Licensee (myfloridalicense.com). A licence number starting with C is a state certification valid anywhere in Florida; one starting with R is a registration, good only where the holder met local competency rules - F.S. 489.105(8),(10) and the DBPR licensing page | Who may build a seawall or dock :: A certified general contractor's scope is unlimited (489.105(3)(a)). The state also certifies five marine specialties: marine specialty, marine seawall work, marine bulkhead work, marine dock work and marine pile driving - Rule 61G4-15.100(1)(b)-(f) | Workers' comp :: In construction a single employee makes coverage mandatory (440.02(20)(b)2). Up to three officers or LLC members owning at least 10% may file exemptions (440.02(18)(b)2), and the exemption certificate itself says it is not a DBPR licence (440.05(4)). Check it on the DWC data portal's Coverage and Exemptions search (dwcdataportal.fldfs.com) | Recovery fund :: For contracts signed on or after 1 July 2024 the Homeowners' Construction Recovery Fund pays at most $100,000 per claim against a Division I contractor (general, building, residential) and $30,000 against a Division II contractor, which includes the marine specialties; the lifetime caps are $2 million and $600,000 per licensee - 489.143(3),(6). Nothing is paid if the contractor was unlicensed when you signed - 489.141(2)(d) - and residential contracts over $2,500 must print the fund notice - 489.1425 | Deposits :: A contractor who takes more than 10% up front on residential work must apply for permits within 30 days and start within 90 days of the permits issuing, unless you agreed to longer in writing - 489.126(2)(a) | Three-day cancel :: If the deal was a home solicitation sale over $25 - signed away from the seller's place of business and not the result of your own request for specific goods or services - you can cancel in writing until midnight of the third business day; Sundays and federal holidays don't count - 501.021, 501.025 | Business tax is not a licence :: A contractor pays business tax where its permanent office is, and no other city or county may levy a business tax or an equivalent registration fee for temporary work there - 205.065","Town of Golden Beach On-Line Permitting Processing Information (instructions PDF); Miami-Dade RER Contractors & Building Trades, Building Specialty Licenses and Contractor Search pages; Warning Signs When Hiring Contractors page; F.S. 489.105, 489.126, 489.141, 489.1425, 489.143, 440.02, 440.05, 501.021, 501.025, 205.065 (2026); Fla. Admin. Code R. 61G4-15.100; DBPR Construction Industry page and Verify a Licensee; DFS Division of Workers' Compensation construction exemption page and data portal",2026-10,verified,Failing,Miami-Dade,3,0
golden-beach,storm-prep,Storm Prep for Golden Beach Waterfront Owners,What are the storm and debris rules in Golden Beach?,Unsafe structures,deteriorated docks and seawalls,"Golden Beach's Town Council has declared deteriorated, broken, cracked or failing docks and seawalls to be unsafe structures that must be repaired or replaced after a notice to repair. Seawall and hurricane-protection violations carry $250 for a first offence rising to $300-$500 for a fourth. Yard waste may not go to the curb once a hurricane watch is issued.","Docks and seawalls :: Docks and seawalls, if deteriorated, broken, cracked or in a state of disrepair, are unsafe structures and shall be repaired or replaced after notice to repair is served on the owner as provided in Sec. 14-31 - Code Sec. 46-83 (Ord. 514.06) | Fines :: Seawalls: $250.00 first offence, $250-$500 second and third, $300.00-$500.00 fourth; Hurricane Protection Measures: the same scale - Sec. 2-211(a) | Yard waste :: Once an official hurricane watch is issued, no landscape debris may be placed on or within ten feet of the public right-of-way unless instructed in writing by the Town Manager - Sec. 14-115(a) | State exemption :: Replacing or repairing an existing dock within 5 feet of its location and no larger, without fill, and restoring a seawall at or within 18 inches waterward of its previous location, are exempt from a state environmental resource permit - s. 403.813(1)(d)-(e), Fla. Stat. (2026)","Town of Golden Beach Code of Ordinances Secs. 2-211, 14-115, 46-83 (Municode); s. 403.813(1)(d)-(e), Fla. Stat. (2026)",2026-10,verified,Failing,Miami-Dade,3,0
palmetto-bay,seawall-height-requirement,Palmetto Bay Seawall Height Requirement,How high does a seawall have to be in Palmetto Bay?,,,,,,,not-started,Compliance,Miami-Dade,3,0
palmetto-bay,seawall-permit,Seawall Permits in Palmetto Bay,Do I need a permit to repair a seawall in Palmetto Bay?,"Yes, plus DERM Class I",village building permit + county Class I,"Palmetto Bay has no seawall-specific section, but development in a flood hazard area needs a village permit, and the Building & Permitting Department applies the Florida Building Code permit rule. Most repairs also need a Miami-Dade DERM Class I permit, which the county requires for work in tidal waters in every city; sealing cracks and repairing pilasters are exempt.","Village permit :: Anyone undertaking development in a flood hazard area must first obtain the required permits from the floodplain administrator and building official - Palmetto Bay Code Sec. 30-100.6(j) | Building permit rule :: The village's Building Permits page quotes Florida Building Code Sec. 105.1 (permit required to construct, alter or repair a structure) - Building & Permitting Department | Contractors :: All contractors must register with the Village before applying for a permit; the department answers whether a specific project needs one - Building Permits page | Under $7,500 :: The village says Florida's HB 803 (effective 1 July 2026) exempts some projects under $7,500 from building permits, but not structural work or any work in a flood hazard area, which covers much of the village; claiming the exemption takes a written request to the Building Official - Projects Under $7,500 page | Other agencies :: Floodplain and building permits carry a condition that all other applicable state or federal permits be obtained before work starts - Sec. 30-100.6(q) | Coastal zone V :: Bulkheads and seawalls allowed only if authorised by the appropriate federal, state or local authority and a design professional shows no harmful diversion of floodwater - Sec. 30-100.6(bb)(7) | Agency committee :: The village coordinates development petitions for docks, shoreline stabilization and dredging with a multi-agency technical review committee of the Army Corps, DEP, DERM and the South Florida Water Management District - Sec. 30-100.5(1) | County Class I permit :: Miami-Dade DERM must issue a Class I permit before any work in, on, over or upon tidal waters anywhere in the county, including inside cities - County Code Sec. 24-48(1)(d) and 24-48.1(1)(a) | Short form :: Rebuilding or repairing a seawall at the mean high water line or no more than 18 inches waterward of the existing wall qualifies for a short-form application. It also qualifies where existing primary support piles stick out no more than 14 inches, if the new wall is no more than 18 inches waterward of those piles - Sec. 24-48.2(I)(A)(1) | Who decides :: A short-form application limited to seawalls is decided by the Department with no County Commission hearing. Most standard-form applications are now decided by the Director, apart from listed exceptions such as variances - Sec. 24-48.2(I)(B)(1)(iii)-(iv) and (II)(C)(1), as amended by Ord. 25-73 (1 July 2025) | County clock :: Ord. 25-73 Sec. 8 directs the County to issue a Completeness Summary within 10 calendar days of submission and a final decision on short-form seawall applications within 90 calendar days after that summary. The applicant may waive these limits in writing. The County Mayor reported the timeframes apply from 1 Dec 2025 (report to the Commission dated 17 Apr 2026) | No Class I needed :: Sealing cracks and spalls on the cap or face, repairing pilasters, backfilling behind the wall, and limited riprap or sand-cement bags at the toe (no more than 2 ft out) - Sec. 24-48(3)(b)-(f) | Quick approval instead :: Repairing or replacing the cap or the tieback system gets a written expedited administrative authorization, answered within 10 business days, if the contractor submits structurally approved plans from the building authority - Sec. 24-48(4)(f)-(g) | Not a substitute :: A county permit does not relieve the applicant from obtaining all required federal, state and local permits - Sec. 24-48.5(1) | State (FDEP) :: No state environmental permit is needed to restore a seawall at its previous location, upland of it, or within 18 inches waterward of it - Fla. Stat. 403.813(1)(e). The exemption does not cover permission to use state-owned submerged lands or local requirements - 403.813(1) | State-owned bottom :: Work over sovereign submerged lands still needs Board of Trustees permission even when the seawall work is exempt - Fla. Stat. 403.813(1) | Federal (Army Corps) :: A Department of the Army permit is required for structures or work in or affecting navigable waters, either under a nationwide or regional general permit or an individual permit - 33 CFR 322.3(a)","Village of Palmetto Bay Code Secs. 30-100.5, 30-100.6; Building & Permitting Department Building Permits and Projects Under $7,500 pages; Miami-Dade County Code Ch. 24, Secs. 24-48, 24-48.1, 24-48.2, 24-48.5 (as amended by Ord. 25-73, 7-1-25); Ord. 25-73 Sec. 8 (Clerk's official file copy); Fla. Stat. 403.813(1) (2026); 33 CFR 322.3",2026-10,verified,Compliance,Miami-Dade,3,0
palmetto-bay,flood-zone,Palmetto Bay Flood Zone & Elevation Rules,"What flood zone is Palmetto Bay in, and what does it require?","+1 ft A zones, up to +2 ft V zones","above BFE, via local FBC amendments","Palmetto Bay writes its freeboard into local Florida Building Code amendments: A-zone floors at base flood elevation plus 1 foot, and in V zones the structural members go 1 foot or 2 feet above BFE depending on how they face incoming waves. Improvements are added up over five years.","A zones :: Lowest floors at or above BFE plus one (1) foot or the design flood elevation, whichever is higher - App. B. | V zones :: Bottom of lowest horizontal structural member at BFE + 1 ft if parallel to wave approach (20 degrees or less), BFE + 2 ft if perpendicular (over 20 degrees); basements prohibited - App. B. | Substantial improvement :: Five (5) year cumulative period at 50% - App. B. | Substantial damage :: 50 percent, plus two floods in a 10-year period averaging 25 percent - App. B. | FEMA flood map :: FEMA's Community Status Book (report dated 3 Oct 2026) lists Palmetto Bay as NFIP community 120687 with a current effective FIRM dated 11 Sep 2009. Zones are set parcel by parcel, so no single zone covers the whole city - check your own address. | NFIP history :: FEMA record: first FIRM 2 Mar 1994; regular NFIP program since 2 Feb 2005; entered CRS 1 May 2017. | Flood insurance discount :: CRS class 5 - 25% off NFIP premiums for policies in the Special Flood Hazard Area (class in effect 1 Apr 2025). | State minimum :: 2023 Florida Building Code, Residential R322.2.1 and R322.3.2 - lowest floor (A zones) or bottom of the lowest horizontal structural member (V and Coastal A zones) at BFE + 1 ft or the design flood elevation, whichever is higher. | Look up your zone :: Enter the address in FEMA's Flood Map Service Center (msc.fema.gov), the official public source for FIRMs; an elevation certificate shows how your floor compares with the BFE.","Palmetto Bay Code of Ordinances Appendix B, Florida Building Code Amendments; FEMA Community Status Book, Florida (www.fema.gov/cis/FL.html, report 10/03/2026); 2023 Florida Building Code, Residential R322.2.1, R322.3.2; 44 CFR 59.1; FEMA Flood Map Service Center",2026-10,verified,Compliance,Miami-Dade,3,0
palmetto-bay,dock-permit-size,Dock Permits & Size Limits in Palmetto Bay,How big a dock can I build in Palmetto Bay?,No size limit in the code,docks reviewed by staff; none in E-S estates,"Palmetto Bay's zoning code sets no dock length, width or setback figures. Docks, davits and boat lifts are exempt from site plan review and are handled by the village's planning department, which coordinates dock reviews with the federal, state and county agencies. In the E-S Estate Suburban district, private boat piers and slips are not allowed at all.","Approval :: Docks, davits and boat-lifts are among the improvements exempted from site plan review that the department reviews and acts on, unless they are part of a larger project that needs site plan review - Village Code 30-30.3(b)(7) | E-S district :: The Estate Suburban district allows the E-M district's uses except noncommercial boat piers or slips for private watercraft, which it expressly precludes - 30-50.5 | Multi-agency review :: The village coordinates review of development petitions for docks, shoreline stabilization and dredging with the agencies that hold federal or state jurisdiction over natural resources - 30-100.5 | Governing chapter :: Dock rules sit in Village Code Ch. 30 (Zoning); a Municode search of the code found no dock projection, width, height or setback figure | Miami-Dade County Class I permit :: Any work in, on, over or upon tidal waters or bay bottom anywhere in Miami-Dade County, cities included, needs a county Class I permit - County Code 24-48.1(1)(a). New boat slips at docks in tidal waters need at least 4 ft of water at mean low water; the depth rule does not apply to docks in bulkheaded artificial canals bordered by uplands on both sides, to lifts, davits and piles in slips at existing permitted docks, or to repair of existing legal docks with at least 3 ft of water - 24-48.3(3). A dock proposed beyond the boundaries in Sec. D-5(03)(2)(a) of the county Public Works Manual gets extra review factors - 24-48.3(1)(j) | State exemption :: A private, non-commercial dock on pilings with 1,000 sq ft or less of over-water surface (500 sq ft in Outstanding Florida Waters), and the only exempt dock along 65 ft of shoreline (or one per lot if the lot is narrower), needs no state environmental permit - Fla. Stat. 403.813(1)(b). The exemption does not grant permission to use state-owned submerged lands and does not override city or county rules - 403.813(1) | Federal :: Structures in navigable waters need a Department of the Army permit, general or individual - 33 CFR 322.3(a)","Village of Palmetto Bay Code Ch. 30 (Zoning) Secs. 30-30.3(b)(7), 30-50.5, 30-100.5; Miami-Dade County Code Secs. 24-48.1(1)(a), 24-48.3(1)(j),(3); Fla. Stat. 403.813(1)(b) (2026); 33 CFR 322.3(a)",2026-10,verified,Dock,Miami-Dade,3,0
palmetto-bay,boat-lift-rules,Boat Lift Rules in Palmetto Bay,What are the boat lift rules in Palmetto Bay?,No lift standards; exempt from site plan review,department review only,"Palmetto Bay's code mentions boat lifts only in its approvals list: docks, davits and boat-lifts are exempt from site plan review and handled administratively, unless they are part of a larger project that needs site plan review. The size and placement limits that apply come from Miami-Dade County's environmental permit.","Approval :: Docks, davits and boat-lifts are among the improvements exempted from site plan review that the department reviews and acts on; the exemption does not apply if the item is part of a project subject to site plan review - Code Sec. 30-30.3(b)(7) | Not in the code :: No village projection, height, setback, canopy rule or count for lifts was found (searched lift, davit, hoist, dock) | R-1 district :: Noncommercial boat piers or slips for docking private watercraft are a permitted incidental accessory use to the existing residence, but not for live-on-board watercraft - Code Sec. 30-50.3(a)(5) | Same exemption list :: The administrative list also covers fences, flag poles and utility sheds up to 100 square feet - Sec. 30-30.3(b)(4)-(6) | Miami-Dade County :: Any work in, on or over tidal waters needs a county permit from the Department (DERM). A single-family boat lift, davit or floating dock that protrudes no more than 25% of the waterway width may use the short-form application, as may installing a boat lift or davit on a dock, seawall or bulkhead - Miami-Dade Code Secs. 24-48(1)(d), 24-48.2(I)(A)(2), (8), (20). | State and federal :: Floating boat lifts and floating vessel platforms that meet s. 403.813(1)(s), F.S. (they float at all times, hold the vessel out of the water, and either sit inside a previously permitted slip or total no more than 500 sq ft - 200 sq ft in Outstanding Florida Waters - beside a qualifying dock or bulkhead) need no state permit; a local government may then ask only for a one-time registration unless the platform is attached to a bulkhead with no dock. Structures in navigable waters otherwise need Army Corps authorization unless exempt or under a general permit - 33 CFR 322.3(a).","Village of Palmetto Bay Code Sec. 30-30.3 (Supp. 11); Miami-Dade Code Secs. 24-48, 24-48.2 (Supp. 136); s. 403.813(1)(s), F.S. (2026); 33 CFR 322.3(a)",2026-10,verified,Dock,Miami-Dade,3,0
palmetto-bay,deck-requirements,Waterfront Deck Rules in Palmetto Bay,What are the deck setback and railing rules in Palmetto Bay?,,,,,,,not-started,Deck,Miami-Dade,3,0
palmetto-bay,licensed-contractors,Checking a Marine Contractor in Palmetto Bay,How do I check a marine contractor in Palmetto Bay?,Register before applying,new Citizen Portal; no work until approved,"Palmetto Bay requires every contractor to register in its new Citizen Portal before applying for a building permit - including contractors registered under the old system, who must sign up again as new. No work may start on site until the registration is complete and the permit is approved, issued and posted.","Documents :: Notarised registration form, contractor licence, liability certificate naming the Village of Palmetto Bay, 9705 East Hibiscus Street, workers' comp or exemption notice, and an occupational licence - Registering as a Contractor page | Past permits :: Online Permit Search (Eden), eden.palmettobay-fl.gov; new applications in the Citizen Portal (civicgov4.com/fl_palmettobay_building/portal) | Disclaimer :: The Village is not responsible for any improvements made before permit approval and issuance | Old registrations :: A contractor registered under the old system is treated as a new contractor in the Citizen Portal | Posted onsite :: The approved permit must be issued and posted onsite before any work starts | County licence :: Miami-Dade's Contractor Licensing Section in Regulatory and Economic Resources licenses contractors under County Code Ch. 10, with the Construction Trades Qualifying Board over licence scopes. The county Contractor Search takes a company name or licence number and also shows complaints - 786-315-2880 | No county marine card :: Miami-Dade's building-specialty licences (communications tower, demolition, drywall, precast erection, reinforcing steel, roofing, screen enclosure, structural steel, unit masonry, door, painting and waterproofing, gutters) have no marine, seawall or dock category, so check the state record | A tax number is not a licence :: The county lists a contractor showing only an occupational licence or business tax number as a warning sign | State licence :: Search the company and the qualifier on DBPR's Verify a Licensee (myfloridalicense.com). A licence number starting with C is a state certification valid anywhere in Florida; one starting with R is a registration, good only where the holder met local competency rules - F.S. 489.105(8),(10) and the DBPR licensing page | Who may build a seawall or dock :: A certified general contractor's scope is unlimited (489.105(3)(a)). The state also certifies five marine specialties: marine specialty, marine seawall work, marine bulkhead work, marine dock work and marine pile driving - Rule 61G4-15.100(1)(b)-(f) | Workers' comp :: In construction a single employee makes coverage mandatory (440.02(20)(b)2). Up to three officers or LLC members owning at least 10% may file exemptions (440.02(18)(b)2), and the exemption certificate itself says it is not a DBPR licence (440.05(4)). Check it on the DWC data portal's Coverage and Exemptions search (dwcdataportal.fldfs.com) | Recovery fund :: For contracts signed on or after 1 July 2024 the Homeowners' Construction Recovery Fund pays at most $100,000 per claim against a Division I contractor (general, building, residential) and $30,000 against a Division II contractor, which includes the marine specialties; the lifetime caps are $2 million and $600,000 per licensee - 489.143(3),(6). Nothing is paid if the contractor was unlicensed when you signed - 489.141(2)(d) - and residential contracts over $2,500 must print the fund notice - 489.1425 | Deposits :: A contractor who takes more than 10% up front on residential work must apply for permits within 30 days and start within 90 days of the permits issuing, unless you agreed to longer in writing - 489.126(2)(a) | Three-day cancel :: If the deal was a home solicitation sale over $25 - signed away from the seller's place of business and not the result of your own request for specific goods or services - you can cancel in writing until midnight of the third business day; Sundays and federal holidays don't count - 501.021, 501.025 | Business tax is not a licence :: A contractor pays business tax where its permanent office is, and no other city or county may levy a business tax or an equivalent registration fee for temporary work there - 205.065","Village of Palmetto Bay Registering as a Contractor page; Miami-Dade RER Contractors & Building Trades, Building Specialty Licenses and Contractor Search pages; Warning Signs When Hiring Contractors page; F.S. 489.105, 489.126, 489.141, 489.1425, 489.143, 440.02, 440.05, 501.021, 501.025, 205.065 (2026); Fla. Admin. Code R. 61G4-15.100; DBPR Construction Industry page and Verify a Licensee; DFS Division of Workers' Compensation construction exemption page and data portal",2026-10,verified,Failing,Miami-Dade,3,0
palmetto-bay,storm-prep,Storm Prep for Palmetto Bay Waterfront Owners,What are the storm and debris rules in Palmetto Bay?,Secured against wind,boats and PWC stored at homes,"Palmetto Bay requires boats and personal watercraft kept at homes to sit on a transport trailer and be secured so they are not a hazard in high winds or a hurricane. Construction sites must file a site management plan showing how materials, dumpsters and trash will be secured in hurricane season, and from June through November must be kept clear of loose debris or secured.","Boats at home :: The boat or personal watercraft shall be placed on and secured to a transport trailer, and shall be so secured that it will not be a hazard or menace during high winds or hurricane; no parking in the right-of-way including the swale - Code Sec. 30-60.8(a)(5)-(7) | Loading and cleaning :: A boat may be parked in front of the building line for no more than four hours in any 24-hour period while hitched to an operable, tagged vehicle for cleaning or loading, and may not be used for living or sleeping quarters - Sec. 30-60.8(a)(4), (6) | Site management plan :: No construction without permits; a site management plan with material storage and the mechanism for securing it, and the location of dumpsters and method of securing trash during hurricane season, must be approved before the permit is issued - Sec. 30-60.11(a) | Hurricane season :: During hurricane season (June through November), the construction site shall be maintained clean of loose debris and/or secured under the Village code and the Florida Building Code - Sec. 30-60.11(c)","Village of Palmetto Bay Code of Ordinances Secs. 30-60.8, 30-60.11 (Municode)",2026-10,verified,Failing,Miami-Dade,3,0
cutler-bay,seawall-height-requirement,Cutler Bay Seawall Height Requirement,How high does a seawall have to be in Cutler Bay?,,,,,,,not-started,Compliance,Miami-Dade,3,0
cutler-bay,seawall-permit,Seawall Permits in Cutler Bay,Do I need a permit to repair a seawall in Cutler Bay?,"Yes, plus DERM Class I",town building permit + county Class I,"Cutler Bay has no seawall-specific section, but development in a flood hazard area needs a town permit, and seawalls in coastal flood zones need other agency authorisation. Most repairs also need a Miami-Dade DERM Class I permit, which the county requires for work in tidal waters in every city; sealing cracks and repairing pilasters are exempt.","Town permit :: Development in a flood hazard area needs a permit from the floodplain administrator and, where applicable, the building official - Cutler Bay Code Sec. 18-41 | Other agencies :: Permits carry a condition that all other applicable state or federal permits be obtained first, including FDEP for shore protection seaward of the coastal construction control line and FDEP with the Army Corps for work affecting wetlands - Sec. 18-48 | Coastal zone V :: Bulkheads and seawalls allowed only if authorised by the appropriate federal, state or local authority and a design professional shows no harmful diversion of floodwater - Sec. 18-146 | Water use district :: The town's canals, lakes and submerged lands are zoned WU; site plan approval is required for all uses there, docks reach no more than 6 ft into canals, and natural and nature-based features are required when shoreline stabilization is needed unless the director approves another method - Sec. 3-64 | After the work :: No fertilizer within 15 ft of the top of a seawall (new plantings may be fed for 60 days starting 30 days after planting) - Sec. 14-305 | Department :: Building Division of the Community Development Department; its forms include a contractor registration form, owner-builder disclosure, notice of survey requirements and a homeowner survey affidavit, but no seawall checklist - Town Building Forms page | County Class I permit :: Miami-Dade DERM must issue a Class I permit before any work in, on, over or upon tidal waters anywhere in the county, including inside cities - County Code Sec. 24-48(1)(d) and 24-48.1(1)(a) | Short form :: Rebuilding or repairing a seawall at the mean high water line or no more than 18 inches waterward of the existing wall qualifies for a short-form application. It also qualifies where existing primary support piles stick out no more than 14 inches, if the new wall is no more than 18 inches waterward of those piles - Sec. 24-48.2(I)(A)(1) | Who decides :: A short-form application limited to seawalls is decided by the Department with no County Commission hearing. Most standard-form applications are now decided by the Director, apart from listed exceptions such as variances - Sec. 24-48.2(I)(B)(1)(iii)-(iv) and (II)(C)(1), as amended by Ord. 25-73 (1 July 2025) | County clock :: Ord. 25-73 Sec. 8 directs the County to issue a Completeness Summary within 10 calendar days of submission and a final decision on short-form seawall applications within 90 calendar days after that summary. The applicant may waive these limits in writing. The County Mayor reported the timeframes apply from 1 Dec 2025 (report to the Commission dated 17 Apr 2026) | No Class I needed :: Sealing cracks and spalls on the cap or face, repairing pilasters, backfilling behind the wall, and limited riprap or sand-cement bags at the toe (no more than 2 ft out) - Sec. 24-48(3)(b)-(f) | Quick approval instead :: Repairing or replacing the cap or the tieback system gets a written expedited administrative authorization, answered within 10 business days, if the contractor submits structurally approved plans from the building authority - Sec. 24-48(4)(f)-(g) | Not a substitute :: A county permit does not relieve the applicant from obtaining all required federal, state and local permits - Sec. 24-48.5(1) | State (FDEP) :: No state environmental permit is needed to restore a seawall at its previous location, upland of it, or within 18 inches waterward of it - Fla. Stat. 403.813(1)(e). The exemption does not cover permission to use state-owned submerged lands or local requirements - 403.813(1) | State-owned bottom :: Work over sovereign submerged lands still needs Board of Trustees permission even when the seawall work is exempt - Fla. Stat. 403.813(1) | Federal (Army Corps) :: A Department of the Army permit is required for structures or work in or affecting navigable waters, either under a nationwide or regional general permit or an individual permit - 33 CFR 322.3(a)","Town of Cutler Bay Code Secs. 3-64, 14-305, 18-41, 18-48, 18-146; Building Division forms page; Miami-Dade County Code Ch. 24, Secs. 24-48, 24-48.1, 24-48.2, 24-48.5 (as amended by Ord. 25-73, 7-1-25); Ord. 25-73 Sec. 8 (Clerk's official file copy); Fla. Stat. 403.813(1) (2026); 33 CFR 322.3",2026-10,verified,Compliance,Miami-Dade,3,0
cutler-bay,flood-zone,Cutler Bay Flood Zone & Elevation Rules,"What flood zone is Cutler Bay in, and what does it require?",Sidewalk or crown +1 ft (if higher),minimum building elevation,"Cutler Bay sets the building floor at the higher of the state code elevation or 1 foot above the back of sidewalk (or the road crown where there is no sidewalk), and applies the same sidewalk-plus-1 rule in Zone X. It lowers the substantial-improvement trigger to 49% and counts improvements over one year.","Freeboard (flood zones) :: Higher of the state building code elevation, back of sidewalk plus one foot, or (no sidewalk) crown of road plus one foot - Sec. 18-93(1)a. | Zone X :: Back of sidewalk plus one foot, or crown of road plus one foot - Sec. 18-93(1)b. | Garages :: Attached and detached garage slabs at or above BFE plus one foot - Sec. 18-93(5). | Substantial improvement :: One-year period, cumulative cost of 49% or more, from the first improvement permitted after February 18, 2009 - Sec. 18-7. | Cost estimates :: By a licensed general contractor or design professional, or FEMA's Substantial Damage Estimator - Sec. 18-93(6). | FEMA flood map :: FEMA's Community Status Book (report dated 3 Oct 2026) lists Cutler Bay as NFIP community 120218 with a current effective FIRM dated 11 Sep 2009. Zones are set parcel by parcel, so no single zone covers the whole city - check your own address. | NFIP history :: FEMA record: first FIRM 2 Mar 1994; regular NFIP program since 31 Aug 2006; entered CRS 1 May 2011. | Flood insurance discount :: CRS class 3 - 35% off NFIP premiums for policies in the Special Flood Hazard Area (class in effect 1 Apr 2023). | State minimum :: 2023 Florida Building Code, Residential R322.2.1 and R322.3.2 - lowest floor (A zones) or bottom of the lowest horizontal structural member (V and Coastal A zones) at BFE + 1 ft or the design flood elevation, whichever is higher. | Look up your zone :: Enter the address in FEMA's Flood Map Service Center (msc.fema.gov), the official public source for FIRMs; an elevation certificate shows how your floor compares with the BFE.","Cutler Bay Code of Ordinances Ch. 18 Floodplain Management, Secs. 18-7, 18-93; FEMA Community Status Book, Florida (www.fema.gov/cis/FL.html, report 10/03/2026); 2023 Florida Building Code, Residential R322.2.1, R322.3.2; 44 CFR 59.1; FEMA Flood Map Service Center",2026-10,verified,Compliance,Miami-Dade,3,0
cutler-bay,dock-permit-size,Dock Permits & Size Limits in Cutler Bay,How big a dock can I build in Cutler Bay?,6 ft on canals; 20 ft on lakes,waterward of the lot line,"Cutler Bay puts all of its waters in a Water Use (WU) zoning district. A dock there may reach no more than 6 ft waterward of the lot line on a canal or 20 ft on a lake, one per lot, at least 4 ft wide, and set back 10 ft from side lines and 20 ft from neighbouring docks. Every dock needs site plan approval and must look like those on adjoining lots.","Projection :: Ramps, docks and piers may extend no more than 20 ft waterward of the lot line on lakes and no more than 6 ft on canals - Town Code 3-64(2) | Number and width :: One per lot, minimum 4 ft wide - 3-64(2) | Setbacks :: At least 10 ft from side property lines and 20 ft from adjoining docks - 3-64(2) | Design :: Docks must be similar in design, height and appearance to those on adjoining lots - 3-64(2) | Approval :: Docks and piers incidental to residential use are permitted in the WU water use district, and site plan approval is required for all uses - 3-64(1)b | Shorelines :: Natural and nature-based features are required where shoreline stabilization is needed unless the director approves another method - 3-64(2) | What the district covers :: All designated waters - basins, canals, lakes, waterways and public or privately owned submerged lands - are in the WU district, adopted to protect the water areas the town's economy depends on - 3-64 | Miami-Dade County Class I permit :: Any work in, on, over or upon tidal waters or bay bottom anywhere in Miami-Dade County, cities included, needs a county Class I permit - County Code 24-48.1(1)(a). New boat slips at docks in tidal waters need at least 4 ft of water at mean low water; the depth rule does not apply to docks in bulkheaded artificial canals bordered by uplands on both sides, to lifts, davits and piles in slips at existing permitted docks, or to repair of existing legal docks with at least 3 ft of water - 24-48.3(3). A dock proposed beyond the boundaries in Sec. D-5(03)(2)(a) of the county Public Works Manual gets extra review factors - 24-48.3(1)(j) | State exemption :: A private, non-commercial dock on pilings with 1,000 sq ft or less of over-water surface (500 sq ft in Outstanding Florida Waters), and the only exempt dock along 65 ft of shoreline (or one per lot if the lot is narrower), needs no state environmental permit - Fla. Stat. 403.813(1)(b). The exemption does not grant permission to use state-owned submerged lands and does not override city or county rules - 403.813(1) | Federal :: Structures in navigable waters need a Department of the Army permit, general or individual - 33 CFR 322.3(a)","Town of Cutler Bay Code Ch. 3 (Land Development Regulations) Sec. 3-64 (through Ord. 20-06, 7-15-2020); Miami-Dade County Code Secs. 24-48.1(1)(a), 24-48.3(1)(j),(3); Fla. Stat. 403.813(1)(b) (2026); 33 CFR 322.3(a)",2026-10,verified,Dock,Miami-Dade,3,0
cutler-bay,boat-lift-rules,Boat Lift Rules in Cutler Bay,What are the boat lift rules in Cutler Bay?,Allowed within the setback,no town size limits,"Cutler Bay's land development rules say boat lifts and davits may be placed within the required setback, as long as nothing goes into a recorded easement without the easement holder's approval. The town code sets no lift dimensions of its own, so the Miami-Dade County environmental permit governs size and reach.","Setbacks :: Boat lifts, davits, walks and yard lights are permitted within the setback, but no structure may go in a recorded easement without the easement holder's approval - Code Sec. 3-159(4) | Not in the code :: No town projection, height, canopy rule or count for lifts was found (searched lift, davit, hoist, dock) | Water use district :: Ramps, docks and piers in the WU district need site plan approval; one per lot, at least 4 feet wide, reaching no more than 20 feet past the lot line on lakes and 6 feet on canals, set back 10 feet from side property lines and 20 feet from neighbouring docks, and similar in design and height to those on adjoining lots - Code Sec. 3-64(1)b, (2) | Shorelines :: In the WU district, natural and nature-based features are required where shoreline stabilization is needed unless the director approves another method; the district takes in all basins, canals, lakes, waterways and submerged lands in the town - Sec. 3-64 (Ord. 12-03, 20-06) | What the WU district covers :: Public and privately owned bodies of water, including ponds, lakes and canals, are permitted uses in the district - Sec. 3-64(1)a | Miami-Dade County :: Any work in, on or over tidal waters needs a county permit from the Department (DERM). A single-family boat lift, davit or floating dock that protrudes no more than 25% of the waterway width may use the short-form application, as may installing a boat lift or davit on a dock, seawall or bulkhead - Miami-Dade Code Secs. 24-48(1)(d), 24-48.2(I)(A)(2), (8), (20). | State and federal :: Floating boat lifts and floating vessel platforms that meet s. 403.813(1)(s), F.S. (they float at all times, hold the vessel out of the water, and either sit inside a previously permitted slip or total no more than 500 sq ft - 200 sq ft in Outstanding Florida Waters - beside a qualifying dock or bulkhead) need no state permit; a local government may then ask only for a one-time registration unless the platform is attached to a bulkhead with no dock. Structures in navigable waters otherwise need Army Corps authorization unless exempt or under a general permit - 33 CFR 322.3(a).","Town of Cutler Bay Code Sec. 3-159 (Supp. 11); Miami-Dade Code Secs. 24-48, 24-48.2 (Supp. 136); s. 403.813(1)(s), F.S. (2026); 33 CFR 322.3(a)",2026-10,verified,Dock,Miami-Dade,3,0
cutler-bay,deck-requirements,Waterfront Deck Rules in Cutler Bay,What are the deck setback and railing rules in Cutler Bay?,,,,,,,not-started,Deck,Miami-Dade,3,0
cutler-bay,licensed-contractors,Checking a Marine Contractor in Cutler Bay,How do I check a marine contractor in Cutler Bay?,,,,,,,not-started,Failing,Miami-Dade,3,0
cutler-bay,storm-prep,Storm Prep for Cutler Bay Waterfront Owners,What are the storm and debris rules in Cutler Bay?,,,,,,,not-started,Failing,Miami-Dade,3,0
miami-shores,seawall-height-requirement,Miami Shores Seawall Height Requirement,How high does a seawall have to be in Miami Shores?,4.0,ft NAVD88 (5.5 ft NGVD29); recommended foundation for future 5.0 ft NAVD88,The minimum seawall elevation is 4 ft NAVD88 (5.5 ft NGVD29). Owners are strongly encouraged to design the foundation so the wall can later be raised to at least 5 ft NAVD88. Substantial repair (50% or more of the wall value within one year) triggers the minimum for the full property length.,"Minimum :: Minimum seawall elevation shall meet 4 ft NAVD88 or 5.5 ft NGVD29 - Miami Shores Code App. A (Zoning) Sec. 560(d) | Future-ready :: Strongly encouraged foundation for future extension to min 5 ft NAVD88 or 6.5 ft NGVD29 - Sec. 560(d) | Substantial repair :: Repairs at 50%+ of wall value in a one-year period must meet the minimum for the continuous wall along the property - Sec. 560(e) | Impermeable :: Walls must be substantially impermeable to tidal water - Sec. 560(c) | Maintenance :: Seawalls must be kept in good repair - Sec. 560(f) | Adopted :: Ord. No. 2018-04, 20 Feb 2018 (drafted as Sec. 600, renumbered 560) | Bay and canal development :: New development on land next to Biscayne Bay, the Biscayne Canal or other bay tributaries needs special approval, with site plans reviewed for natural vegetation at the water's edge, detention of the first inch of stormwater and no floodplain filling - App. A Sec. 534 | Setbacks from the wall :: Where the plot line runs into the canal or bay or over the seawall, setbacks are measured from the landward edge of the seawall cap, or the top of riprap placed under Miami-Dade County Code Ch. 24 - Sec. 534(4)","Miami Shores Village Code of Ordinances, Appendix A Zoning, Sec. 560(d); App. A Sec. 534 (Waterfront lands)",2026-10,verified,Compliance,Miami-Dade,3,0
miami-shores,seawall-permit,Seawall Permits in Miami Shores,Do I need a permit to repair a seawall in Miami Shores?,"Yes, plus DERM Class I",village building permit + county Class I,"Miami Shores requires a development permit for seawall work, and its dock and seawall checklist says plans must be approved by DERM. Most repairs also need a Miami-Dade DERM Class I permit, which the county requires for work in tidal waters in every city; sealing cracks and repairing pilasters are exempt. Substantial repairs must bring the wall to 4 ft NAVD88 along the whole property.","Village permit :: No development activity may be undertaken unless authorised by a development permit - Miami Shores Code App. A Sec. 906(a) | Checklist :: Two copies of a survey no more than 7 years old (older needs a survey affidavit) showing the seawall; signed and sealed plans and calculations with certified soil bearing capacity, approved by DERM; special inspector form if piles are used; inspections at foundation (pile log and engineer certification), framing and final - Building Department, Requirements for Dock & Seawall Permit (rev. 08-30-2021) | Height :: Minimum 4 ft NAVD88 (5.5 ft NGVD29); foundations strongly encouraged for a future 5 ft NAVD88 - App. A Sec. 560(d) | Design :: Seawalls must be substantially impermeable to tidal water while still relieving hydrostatic pressure - Sec. 560(c) | Substantial repair :: Repairs within one year costing 50% or more of the wall's value must meet the minimum for the whole property length - Sec. 560(e) | Upkeep :: Seawalls must be kept in good repair; a wall that lets tidal water through to neighbours or the street is presumed in disrepair - Sec. 560(f) | County Class I permit :: Miami-Dade DERM must issue a Class I permit before any work in, on, over or upon tidal waters anywhere in the county, including inside cities - County Code Sec. 24-48(1)(d) and 24-48.1(1)(a) | Short form :: Rebuilding or repairing a seawall at the mean high water line or no more than 18 inches waterward of the existing wall qualifies for a short-form application. It also qualifies where existing primary support piles stick out no more than 14 inches, if the new wall is no more than 18 inches waterward of those piles - Sec. 24-48.2(I)(A)(1) | Who decides :: A short-form application limited to seawalls is decided by the Department with no County Commission hearing. Most standard-form applications are now decided by the Director, apart from listed exceptions such as variances - Sec. 24-48.2(I)(B)(1)(iii)-(iv) and (II)(C)(1), as amended by Ord. 25-73 (1 July 2025) | County clock :: Ord. 25-73 Sec. 8 directs the County to issue a Completeness Summary within 10 calendar days of submission and a final decision on short-form seawall applications within 90 calendar days after that summary. The applicant may waive these limits in writing. The County Mayor reported the timeframes apply from 1 Dec 2025 (report to the Commission dated 17 Apr 2026) | No Class I needed :: Sealing cracks and spalls on the cap or face, repairing pilasters, backfilling behind the wall, and limited riprap or sand-cement bags at the toe (no more than 2 ft out) - Sec. 24-48(3)(b)-(f) | Quick approval instead :: Repairing or replacing the cap or the tieback system gets a written expedited administrative authorization, answered within 10 business days, if the contractor submits structurally approved plans from the building authority - Sec. 24-48(4)(f)-(g) | Not a substitute :: A county permit does not relieve the applicant from obtaining all required federal, state and local permits - Sec. 24-48.5(1) | State (FDEP) :: No state environmental permit is needed to restore a seawall at its previous location, upland of it, or within 18 inches waterward of it - Fla. Stat. 403.813(1)(e). The exemption does not cover permission to use state-owned submerged lands or local requirements - 403.813(1) | State-owned bottom :: Work over sovereign submerged lands still needs Board of Trustees permission even when the seawall work is exempt - Fla. Stat. 403.813(1) | Federal (Army Corps) :: A Department of the Army permit is required for structures or work in or affecting navigable waters, either under a nationwide or regional general permit or an individual permit - 33 CFR 322.3(a)","Miami Shores Village Code App. A (Zoning) Secs. 560, 906; Building Department Requirements for Dock & Seawall Permit; Miami-Dade County Code Ch. 24, Secs. 24-48, 24-48.1, 24-48.2, 24-48.5 (as amended by Ord. 25-73, 7-1-25); Ord. 25-73 Sec. 8 (Clerk's official file copy); Fla. Stat. 403.813(1) (2026); 33 CFR 322.3",2026-10,verified,Compliance,Miami-Dade,3,0
miami-shores,flood-zone,Miami Shores Flood Zone & Elevation Rules,"What flood zone is Miami Shores in, and what does it require?",BFE +1 ft (state code),no extra village freeboard found,"Miami Shores Village counts improvements over one year: any combination of work in a one-year period reaching 50% of market value is a substantial improvement. No extra freeboard number appears in its flood chapter, so the Florida Building Code floor applies.","Substantial improvement :: One-year period, cumulative cost of 50% or more, starting with the first improvement - Sec. 8.5-55. | Substantial damage :: 50 percent of market value - Sec. 8.5-55. | Chapter history :: Chapter 8.5 was adopted by Ord. No. 705-14 on 21 Oct 2014 and runs to sixteen articles, including separate ones on tanks and on recreational vehicles and park trailers. | Seaward of the CCCL :: Buildings extending seaward of the coastal construction control line must meet the more restrictive of FBC Building 3109 and 1612 or FBC Residential R322; minor and non-habitable major structures under F.S. 161.54 follow ASCE 24 - Sec. 8.5-57. | Code-exempt structures :: Buildings exempt from the Florida Building Code are built to ASCE 24 - Sec. 8.5-56. | FEMA flood map :: FEMA's Community Status Book (report dated 3 Oct 2026) lists Miami Shores as NFIP community 120652 with a current effective FIRM dated 11 Sep 2009. Zones are set parcel by parcel, so no single zone covers the whole city - check your own address. | NFIP history :: FEMA record: first FIRM 29 Sep 1972; regular NFIP program since 29 Sep 1972; entered CRS 1 Oct 2000. | Flood insurance discount :: CRS class 6 - 20% off NFIP premiums for policies in the Special Flood Hazard Area (class in effect 1 Oct 2024). | State minimum :: 2023 Florida Building Code, Residential R322.2.1 and R322.3.2 - lowest floor (A zones) or bottom of the lowest horizontal structural member (V and Coastal A zones) at BFE + 1 ft or the design flood elevation, whichever is higher. | Look up your zone :: Enter the address in FEMA's Flood Map Service Center (msc.fema.gov), the official public source for FIRMs; an elevation certificate shows how your floor compares with the BFE.","Miami Shores Village Code of Ordinances Ch. 8.5 Flood Damage Prevention, Sec. 8.5-55 (Ord. No. 705-14); FEMA Community Status Book, Florida (www.fema.gov/cis/FL.html, report 10/03/2026); 2023 Florida Building Code, Residential R322.2.1, R322.3.2; 44 CFR 59.1; FEMA Flood Map Service Center",2026-10,verified,Compliance,Miami-Dade,3,0
miami-shores,dock-permit-size,Dock Permits & Size Limits in Miami Shores,How big a dock can I build in Miami Shores?,No size limit in the code,Planning Board site plan review required,"Miami Shores' zoning ordinance sets no dock length, width or setback numbers. Instead, docks, davits and boat lifts are on the list of items that need site plan review by the Planning Board before a permit, in single-family, multi-family and other districts alike.","Review :: Docks, davits and boat lifts require site plan review by the Planning Board as provided in Article VI of the zoning ordinance, in the residential and other district columns of the schedule of regulations - Zoning Appendix A Sec. 411 | Nearby items also reviewed :: In residential districts, any permitted accessory structure inside the required 15 ft shoreline setback also goes to site plan review; in other districts, structures within 5 ft (or 15 ft) of the rear or side plot line on shoreline properties - Sec. 411 | Governing chapter :: Dock review sits in Appendix A (Zoning Ordinance No. 270), Article IV Sec. 411; a Municode search of the code found no dock projection, width, height or setback figure | Boats on land :: In R and A districts, one boat up to 26 ft long (manufacturer's rating) may be kept on a plot, on a trailer, behind the front building line, with only minor repairs and no sleeping aboard - Zoning Appendix A Sec. 501(18) | Houseboats :: No boat, houseboat or vessel may be used as a place of abode - Sec. 501(20) | Miami-Dade County Class I permit :: Any work in, on, over or upon tidal waters or bay bottom anywhere in Miami-Dade County, cities included, needs a county Class I permit - County Code 24-48.1(1)(a). New boat slips at docks in tidal waters need at least 4 ft of water at mean low water; the depth rule does not apply to docks in bulkheaded artificial canals bordered by uplands on both sides, to lifts, davits and piles in slips at existing permitted docks, or to repair of existing legal docks with at least 3 ft of water - 24-48.3(3). A dock proposed beyond the boundaries in Sec. D-5(03)(2)(a) of the county Public Works Manual gets extra review factors - 24-48.3(1)(j) | State exemption :: A private, non-commercial dock on pilings with 1,000 sq ft or less of over-water surface (500 sq ft in Outstanding Florida Waters), and the only exempt dock along 65 ft of shoreline (or one per lot if the lot is narrower), needs no state environmental permit - Fla. Stat. 403.813(1)(b). The exemption does not grant permission to use state-owned submerged lands and does not override city or county rules - 403.813(1) | Federal :: Structures in navigable waters need a Department of the Army permit, general or individual - 33 CFR 322.3(a)","Miami Shores Village Code Appendix A (Zoning) Sec. 411 Schedule of Regulations; Sec. 501(18), (20); Miami-Dade County Code Secs. 24-48.1(1)(a), 24-48.3(1)(j),(3); Fla. Stat. 403.813(1)(b) (2026); 33 CFR 322.3(a)",2026-10,verified,Dock,Miami-Dade,3,0
miami-shores,boat-lift-rules,Boat Lift Rules in Miami Shores,What are the boat lift rules in Miami Shores?,Site plan review by the planning and zoning board,"docks, davits and boat lifts","Miami Shores sends every dock, davit and boat lift to the planning and zoning board for site plan review and approval, in residential and apartment districts alike, along with any accessory structure in the 15-foot shoreline setback. The village sets no lift dimensions of its own.","Approval :: Site plan review and approval by the planning and zoning board is required for docks, davits and boat lifts in the R districts and in the A-1, A-2 and other apartment districts - Zoning Ordinance (Code App. A) Sec. 411, schedule of regulations | Shoreline setback :: Any permitted accessory structure within the required 15-foot shoreline setback also needs board site plan review - Sec. 411 | Not in the code :: No village projection, height, canopy rule or count for lifts was found | Apartment districts :: In the A districts, any structure within 5 feet of the rear or side plot line on shoreline properties also needs board site plan review - Sec. 411 | Houseboats :: Using a houseboat as a dwelling of any type is a prohibited use - Code App. A Sec. 501(13) | Boats kept on land :: In R and A districts a boat up to 26 feet may be kept on a plot, on a trailer, not in front of the building line, one per plot, and never as sleeping quarters - Code App. A Sec. 501(18) | Repairs and source :: Only minor repairs that will not disturb the neighbours may be done to a boat kept on a residential plot - Sec. 501(18)a.4; the schedule of regulations is part of Miami Shores Village Zoning Ordinance No. 270 - Sec. 411 | Miami-Dade County :: Any work in, on or over tidal waters needs a county permit from the Department (DERM). A single-family boat lift, davit or floating dock that protrudes no more than 25% of the waterway width may use the short-form application, as may installing a boat lift or davit on a dock, seawall or bulkhead - Miami-Dade Code Secs. 24-48(1)(d), 24-48.2(I)(A)(2), (8), (20). | State and federal :: Floating boat lifts and floating vessel platforms that meet s. 403.813(1)(s), F.S. (they float at all times, hold the vessel out of the water, and either sit inside a previously permitted slip or total no more than 500 sq ft - 200 sq ft in Outstanding Florida Waters - beside a qualifying dock or bulkhead) need no state permit; a local government may then ask only for a one-time registration unless the platform is attached to a bulkhead with no dock. Structures in navigable waters otherwise need Army Corps authorization unless exempt or under a general permit - 33 CFR 322.3(a).","Miami Shores Village Code App. A (Zoning Ordinance 270) Sec. 411 (Supp. 14 Addition); Miami-Dade Code Secs. 24-48, 24-48.2 (Supp. 136); s. 403.813(1)(s), F.S. (2026); 33 CFR 322.3(a)",2026-10,verified,Dock,Miami-Dade,3,0
miami-shores,deck-requirements,Waterfront Deck Rules in Miami Shores,What are the deck setback and railing rules in Miami Shores?,15 ft,"shoreline setback for accessory structures (pools, decks, screens exempt)","Miami Shores Village has a 15 ft shoreline setback for accessory structures, and anything permitted inside it needs planning and zoning board site plan approval. Pools, their decks and screen enclosures are exempt from that shoreline setback: in the rear yard the pool deck may come within 5 ft of the lot line.","Shoreline setback :: Site plan review and approval by the planning and zoning board is required for any permitted accessory structure located within the required 15 feet shoreline setback, and for docks, davits and boat lifts. Zoning App. A Sec. 411. | Pools and decks :: Rear: from the inside face of the pool wall to the lot line 7.5 ft; from the pool deck or screen enclosure to the lot line 5 ft. The shoreline setback for accessory structures does not apply to pools, their decks or screen enclosures. Sec. 411. | Pool barrier :: Bulkheads, canals and navigable waterways may be permitted as a barrier in lieu of a fence. Sec. 517(4). | Equipment :: Pool pumps, generators and A/C units in residential districts stay 10 ft from the side plot line and 5 ft from the rear plot line, and never in the first 25 ft from the front line. Sec. 516. | Where it lives :: Appendix A Zoning, Sec. 411 'Schedule of regulations', Sec. 516 'Structures constituting accessory buildings' and Sec. 517 'Fencing of private swimming pools'. | Fountains :: One front-yard fountain or lawn ornament, 10 ft from the side and 5 ft from the front plot line, max 5 ft tall with water no deeper than 11 inches; rear-yard fountains 10 ft from the side and 5 ft from the rear plot line. Sec. 516. | Also needing board review :: Cabanas, garages, metal roofs, and additions to dwellings except those under 400 sq ft that are not visible from a public right-of-way. Sec. 411. | Guards (state rule) :: Florida Building Code, Residential, 8th Edition (2023), Sec. R312.1.1-R312.1.3: a guard is required on open sides of a walking surface located more than 30 inches above the floor or grade below at any point within 24 inches of the open edge; it must be at least 36 inches high; openings must not let a 4-inch sphere pass. No local guard amendment was found in this village's code.","Miami Shores Village Code App. A Zoning Secs. 411, 517 (Supp. 14 Addition); Florida Building Code, Residential, 8th Ed. (2023) R312.1.1-R312.1.3 (ICC Digital Codes)",2026-10,verified,Deck,Miami-Dade,3,0
miami-shores,licensed-contractors,Checking a Marine Contractor in Miami Shores,How do I check a marine contractor in Miami Shores?,Optional annual record,"$50 to start, $30 a year",Miami Shores' Building Department offers to keep a contractor's licence and insurance on file each year for a fee - $50 initially and $30 a year - through a web form tied to the village's Citizen Self-Service permitting account. The page presents it as a convenience; it does not say registration is required.,"What goes on file :: Contractor licence, business tax receipt, liability and workers' comp (Miami Shores Village, as certificate holder, licence number in the description of operations) and a signed registration form - Contractor's Registration page | Past permits :: Miami Shores Property Permit Search (records.msvfl.gov WebLink); permitting in the CSS portal (villageofmiamishoresfl-energovweb.tylerhost.net); Building Department 305-795-2204 | County licence :: Miami-Dade's Contractor Licensing Section in Regulatory and Economic Resources licenses contractors under County Code Ch. 10, with the Construction Trades Qualifying Board over licence scopes. The county Contractor Search takes a company name or licence number and also shows complaints - 786-315-2880 | No county marine card :: Miami-Dade's building-specialty licences (communications tower, demolition, drywall, precast erection, reinforcing steel, roofing, screen enclosure, structural steel, unit masonry, door, painting and waterproofing, gutters) have no marine, seawall or dock category, so check the state record | A tax number is not a licence :: The county lists a contractor showing only an occupational licence or business tax number as a warning sign | State licence :: Search the company and the qualifier on DBPR's Verify a Licensee (myfloridalicense.com). A licence number starting with C is a state certification valid anywhere in Florida; one starting with R is a registration, good only where the holder met local competency rules - F.S. 489.105(8),(10) and the DBPR licensing page | Who may build a seawall or dock :: A certified general contractor's scope is unlimited (489.105(3)(a)). The state also certifies five marine specialties: marine specialty, marine seawall work, marine bulkhead work, marine dock work and marine pile driving - Rule 61G4-15.100(1)(b)-(f) | Workers' comp :: In construction a single employee makes coverage mandatory (440.02(20)(b)2). Up to three officers or LLC members owning at least 10% may file exemptions (440.02(18)(b)2), and the exemption certificate itself says it is not a DBPR licence (440.05(4)). Check it on the DWC data portal's Coverage and Exemptions search (dwcdataportal.fldfs.com) | Recovery fund :: For contracts signed on or after 1 July 2024 the Homeowners' Construction Recovery Fund pays at most $100,000 per claim against a Division I contractor (general, building, residential) and $30,000 against a Division II contractor, which includes the marine specialties; the lifetime caps are $2 million and $600,000 per licensee - 489.143(3),(6). Nothing is paid if the contractor was unlicensed when you signed - 489.141(2)(d) - and residential contracts over $2,500 must print the fund notice - 489.1425 | Deposits :: A contractor who takes more than 10% up front on residential work must apply for permits within 30 days and start within 90 days of the permits issuing, unless you agreed to longer in writing - 489.126(2)(a) | Three-day cancel :: If the deal was a home solicitation sale over $25 - signed away from the seller's place of business and not the result of your own request for specific goods or services - you can cancel in writing until midnight of the third business day; Sundays and federal holidays don't count - 501.021, 501.025 | Business tax is not a licence :: A contractor pays business tax where its permanent office is, and no other city or county may levy a business tax or an equivalent registration fee for temporary work there - 205.065","Miami Shores Village Contractor's Registration page; Property Permit Search page; Miami-Dade RER Contractors & Building Trades, Building Specialty Licenses and Contractor Search pages; Warning Signs When Hiring Contractors page; F.S. 489.105, 489.126, 489.141, 489.1425, 489.143, 440.02, 440.05, 501.021, 501.025, 205.065 (2026); Fla. Admin. Code R. 61G4-15.100; DBPR Construction Industry page and Verify a Licensee; DFS Division of Workers' Compensation construction exemption page and data portal",2026-10,needs-content,Failing,Miami-Dade,3,0
miami-shores,storm-prep,Storm Prep for Miami Shores Waterfront Owners,What are the storm and debris rules in Miami Shores?,Good repair,seawall duty in the zoning code,"Miami Shores Village requires all owners to keep seawalls in good repair and substantially impermeable, and treats work costing half the wall's value within a year as substantial repair that must meet 4 ft NAVD88. Once a hurricane watch is issued, yard waste may not be placed on or near the right-of-way unless the village manager instructs otherwise.","Seawall duty :: All property owners must maintain their seawalls in good repair; a seawall is presumed in disrepair if it allows upland erosion, transfer of material through it, or tidal water to flow unimpeded to neighbours or the right-of-way - Zoning Code Sec. 560(f) | Storm repairs that count as substantial :: Any combination of repair or replacement within a one-year period costing 50 percent or more of the wall's pre-repair value is substantial and must meet the minimum elevation (4 ft NAVD88 / 5.5 ft NGVD29) for the property's continuous wall - Sec. 560(d)-(e) | Hurricane watch :: No yard waste on any portion of the public right-of-way or within ten feet of it once an official hurricane watch is issued, unless the village manager instructs in writing - Code Sec. 8-23(a)",Miami Shores Village Code of Ordinances Sec. 8-23; Appendix A Zoning Sec. 560 (Ord. 2018-04) (Municode),2026-10,verified,Failing,Miami-Dade,3,0
ocean-ridge,seawall-height-requirement,Ocean Ridge Seawall Height Requirement,How high does a seawall have to be in Ocean Ridge?,5,ft NAVD88,"New, substantially repaired or substantially rehabilitated seawalls in Ocean Ridge must have a top (including cap) of at least 5 ft NAVD88. Atlantic Ocean frontage is excluded.","Minimum :: Top elevation incl. cap min 5 ft NAVD88 - Sec. 64-82(a)(1) | Trigger :: New wall, work on more than 50% of shoreline length, or over 50% of replacement cost - Sec. 64-82(c)(5) | Also triggered :: Substantial damage/improvement of the principal structure - Sec. 64-82(b) | Excluded :: Properties adjacent to the Atlantic Ocean - Sec. 64-82(f) | Maximum :: None set | Cap width :: No more than 2 ft from the wet face or the property line, whichever is greater - Sec. 64-82(a)(4) | How far waterward :: Where the property line abuts the waterway line, a rebuilt wall may project at most 18 in. waterward, with no further projections - Sec. 64-82(a)(3)a | Cost test :: 50% of fair market replacement cost as certified by a licensed Florida engineer; docks, piles and footers are excluded unless poured monolithically with the wall - Sec. 64-82(c)(5) | Navigation and easements :: Where the lot runs past the waterway line, a new or rebuilt wall may not unreasonably interfere with navigation or existing easement rights - Sec. 64-82(a)(2), (a)(3)b | Neglect :: A seawall, bulkhead or dock left in disrepair or ruin so it causes flooding or damage is declared a public nuisance; failing to maintain is a citable violation under the town's community standards procedures - Sec. 64-81, 64-82(e) | No walls on empty lots :: A new seawall is not allowed where none existed and no principal structure exists, except to protect government property - Sec. 64-82(g)","Town of Ocean Ridge Code, Ch. 64 Zoning, Art. IV, Sec. 64-82 (Ord. 2025-03, 6-2-2025); Sec. 64-81",2026-10,verified,Compliance,Palm Beach,3,0
ocean-ridge,seawall-permit,Seawall Permits in Ocean Ridge,Do I need a permit to repair a seawall in Ocean Ridge?,Yes,building permit,"Yes. Ocean Ridge requires a town building permit for seawalls, issued once all other agencies' permits are in hand. A substantial repair (over half the shoreline or of engineer-certified replacement cost) must bring the top to at least 5 ft NAVD88, and so must an existing wall when the house is substantially improved or damaged.","Town :: Seawalls 'shall require a building permit' - Sec. 64-77(g); new, substantially repaired or rehabilitated walls are built under a town building permit once all other agencies' permits are acquired - Sec. 64-82(d) | Substantial repair :: Modification along more than 50% of the shoreline, or over 50% of engineer-certified fair market replacement cost; docks and piles are not counted - Sec. 64-82(c)(5) | Minimum height :: Top including cap at least 5 ft NAVD88 - Sec. 64-82(a)(1); an existing wall must also comply when the principal house is substantially damaged or improved - Sec. 64-82(b); not applied to Atlantic Ocean frontage - Sec. 64-82(f) | Waterward :: A substantially repaired wall may project up to 18 in. waterward of the property line, no further; cap no wider than 2 ft - Sec. 64-82(a)(3)a., (a)(4) | Upkeep :: A wall that lets tidal water flow through is presumed in disrepair, a citable violation - Sec. 64-82(e) (Ord. 2025-03) | Neighbors and caps :: Walls are to adjoin neighboring seawalls where practicable to close gaps and stop tidal water trespassing; a cap set higher than the adjacent property needs a wall return of the same material or an engineer-approved one - Sec. 64-82(a)(2), (a)(3)c., (a)(6) | No new walls :: A new seawall is not allowed where there was never a seawall or a principal structure, unless it protects publicly owned property - Sec. 64-82(g) | State (FDEP) :: Restoring a seawall in place or up to 18 in. waterward can be exempt from an Environmental Resource Permit where it was damaged within the last year by a discrete event or needs only minimal backfilling, and any chapter 161 permits are obtained (s. 403.813(1)(e) F.S.; r. 62-330.051(12)(b) F.A.C.); batter piles, king piles or a cap used only to stabilize and repair a wall are also exempt (r. 62-330.051(12)(d)) | State-owned bottom :: Exempt work on sovereign submerged land still needs separate authorization under chs. 253 and 258 F.S., which the Board of Trustees grants by rule for many exempt activities (r. 62-330.051 intro; r. 18-21.005(1)(b) F.A.C.) | County :: Palm Beach County ERM's Permitting and Regulation page lists no seawall or shoreline permit program among its topics (PBC ERM Permitting and Regulation page) | Ocean side :: Seaward of the Coastal Construction Control Line a wall needs a separate state coastal construction permit; the chapter 161 repair exemption expressly excludes seawalls (s. 161.053(2)(a), (11)(a) F.S.) | Small-job exemption :: The state's under-$7,500 single-family permit exemption does not cover structural work or property in a flood hazard area (s. 553.79(1)(g)2. F.S.) | Federal :: A U.S. Army Corps of Engineers (Department of the Army) authorization is required for structures or work in or affecting navigable waters, unless exempt or covered by a nationwide or regional general permit - 33 CFR 322.3(a) (Rivers and Harbors Act s. 10)","Town of Ocean Ridge Code Ch. 64 Secs. 64-77, 64-82 (Supp. 15); s. 403.813(1)(e), 161.053, 553.79 F.S. (2026); r. 62-330.051, 18-21.005 F.A.C.; 33 CFR 322.3(a); PBC ERM Permitting and Regulation page",2026-10,verified,Compliance,Palm Beach,3,0
ocean-ridge,flood-zone,Ocean Ridge Flood Zone & Elevation Rules,"What flood zone is Ocean Ridge in, and what does it require?",BFE +1 ft (state code),no extra town freeboard found,"Ocean Ridge counts improvements over two years, from the first permit after 10 July 2017, against the 50% substantial-improvement line, and treats two floods in ten years averaging 25% of value as substantial damage. No extra freeboard number appears. Successive permits within any two-year stretch are therefore added together.","Substantial improvement :: Two-year period, cumulative cost of 50% or more; accumulation begins with the first improvement permitted after July 10, 2017 - Sec. 66-25. | Substantial damage :: 50 percent, plus flood damage on two occasions in a ten-year period averaging 25 percent - Sec. 66-25. | Determinations :: The floodplain administrator must review previous permits for improvements and repairs, and previous flood-damage repair permits, when deciding whether work is a substantial improvement or repair of substantial damage - Sec. 66-18. | Where the rules sit :: Land Development Code Chapter 66 Environmental Regulations, Article II Flood Damage Prevention. | More trigger points :: $733,000 building value -> $366,500 trigger. | FEMA flood map :: FEMA's Community Status Book (report dated 3 Oct 2026) lists Ocean Ridge as NFIP community 125134 with a current effective FIRM dated 20 Dec 2024. Zones are set parcel by parcel, so no single zone covers the whole city - check your own address. | NFIP history :: FEMA record: first flood hazard boundary map 18 Sep 1970; first FIRM 9 Apr 1971; regular NFIP program since 9 Apr 1971; entered CRS 1 Oct 1992. | Flood insurance discount :: CRS class 6 - 20% off NFIP premiums for policies in the Special Flood Hazard Area (class in effect 1 Apr 2021). | State minimum :: 2023 Florida Building Code, Residential R322.2.1 and R322.3.2 - lowest floor (A zones) or bottom of the lowest horizontal structural member (V and Coastal A zones) at BFE + 1 ft or the design flood elevation, whichever is higher. | Look up your zone :: Enter the address in FEMA's Flood Map Service Center (msc.fema.gov), the official public source for FIRMs; an elevation certificate shows how your floor compares with the BFE.","Ocean Ridge Code Subpart B LDC Ch. 66 Art. II Flood Damage Prevention, Sec. 66-25; FEMA Community Status Book, Florida (www.fema.gov/cis/FL.html, report 10/03/2026); 2023 Florida Building Code, Residential R322.2.1, R322.3.2; 44 CFR 59.1; FEMA Flood Map Service Center",2026-10,verified,Compliance,Palm Beach,3,0
ocean-ridge,dock-permit-size,Dock Permits & Size Limits in Ocean Ridge,How big a dock can I build in Ocean Ridge?,5 ft into the waterway,max dock projection; dolphins up to 20 ft,"Ocean Ridge allows a dock to project no more than 5 ft into the waterway or past the established bulkhead line, measured to the edge of the walking surface, and to come no closer than 10 ft to a neighbouring lot line. Dolphin piles may reach 20 ft, and lifts and davits may swing only within the dolphin area. No superstructure is allowed on a dock beyond a railing up to 4 ft high.","Dock projection :: No dock may project more than 5 ft into any waterway line or established bulkhead line, measured to the edge of the flat walking surface; pilings are ignored if no more than a pile width sticks out - Town Code 64-77(b) | Side setback :: At least 10 ft from the lot line of any adjacent lot, and from that line extended perpendicular to the seawall - 64-77(b) | Dolphins :: Self-supporting dolphin piles up to 20 ft into the waterway, 10 ft from adjacent lot lines, without interfering with navigation - 64-77(c) | Height :: No higher than 5 ft above mean low water or the cap of the abutting seawall or bulkhead, whichever is higher; no superstructure except a railing up to 4 ft - 64-77(d) | Floating platforms :: Allowed beside the seawall of a single-family home, moored between the seawall and the dolphins and meeting the same setbacks; no town permit is needed if no pilings are installed; multifamily platforms need a permit and a special exception - 64-77(e) | Lifts and davits :: May attach to the seawall, cap, dolphins or dock; the base meets the setbacks and the boom or lift may not extend beyond the area allowed for dolphins - 64-77(f) | Other agencies :: Docks must conform to the requirements of the county environmental resources department and the state DEP - 64-77(a) | Permit :: Building permit for seawalls, docks, dolphins, floating docks, davits and lifts - 64-77(g) | Vacant lots :: No dock use on an adjacent vacant lot without unity of title - 64-77(a) | State exemption :: A private, non-commercial dock on pilings with 1,000 sq ft or less of over-water surface (500 sq ft in Outstanding Florida Waters), and the only exempt dock along 65 ft of shoreline (or one per lot if the lot is narrower), needs no state environmental permit - Fla. Stat. 403.813(1)(b). The exemption does not grant permission to use state-owned submerged lands and does not override city or county rules - 403.813(1) | Federal :: Structures in navigable waters need a Department of the Army permit, general or individual - 33 CFR 322.3(a)","Town of Ocean Ridge Code Ch. 64 (Zoning) Sec. 64-77 (Ord. 540, 3-13-2003); Fla. Stat. 403.813(1)(b) (2026); 33 CFR 322.3(a)",2026-10,verified,Dock,Palm Beach,3,0
ocean-ridge,boat-lift-rules,Boat Lift Rules in Ocean Ridge,What are the boat lift rules in Ocean Ridge?,Allowed with a building permit,boom within dolphin limit (20 ft),"Ocean Ridge lets davits and boat lifts attach to the seawall, bulkhead cap, dolphin piling or dock. Their base must meet the 10-foot side setbacks and the boom or lift may not reach beyond the area allowed for dolphin pilings, which is 20 feet into the waterway. A building permit is required, and docks may carry no superstructure beyond a 4-foot railing.","Where attached :: Davits and boat lifts may be attached to the seawall, bulkhead cap, dolphin piling and dock - Code Sec. 64-77(f) | Reach :: The boom or lift may not extend beyond the area permitted for dolphin pilings - no more than 20 feet into the waterway - Sec. 64-77(f), (c) | Side setback :: The base must meet the setbacks - 10 feet from the adjacent lot line and from the lot line extended perpendicular to the seawall - Sec. 64-77(f), (b)-(c) | Permit :: Davits or boat lifts appurtenant to a seawall or bulkhead require a building permit - Sec. 64-77(g) | Floating platforms :: Allowed beside the seawall of a single-family lot between the seawall and dolphins; no town permit if no pilings are installed; multifamily needs a permit and special exception - Sec. 64-77(e) | On the dock :: No superstructure on a dock except a railing up to 4 feet - Sec. 64-77(d) | Vacant lots :: Docks are an accessory use to residential occupancy; none on an adjacent vacant lot without unity of title, and docks must conform to county environmental resources and state DEP requirements - Sec. 64-77(a) | Measuring :: Dock dimensions are measured to the walking surface, ignoring pilings as long as no more than a pile width extends past it - Sec. 64-77(b) | Dolphins :: Dolphin pilings are self-standing piles unattached to the dock; they may not project more than 20 feet, must stay 10 feet from lot lines and lot lines extended, and may not interfere with navigation in town waters - Sec. 64-77(c) | State and federal :: Floating boat lifts and floating vessel platforms that meet s. 403.813(1)(s), F.S. (they float at all times, hold the vessel out of the water, and either sit inside a previously permitted slip or total no more than 500 sq ft - 200 sq ft in Outstanding Florida Waters - beside a qualifying dock or bulkhead) need no state permit; a local government may then ask only for a one-time registration unless the platform is attached to a bulkhead with no dock. Structures in navigable waters otherwise need Army Corps authorization unless exempt or under a general permit - 33 CFR 322.3(a).","Town of Ocean Ridge Code Sec. 64-77 (Supp. 15; Ord. 540); s. 403.813(1)(s), F.S. (2026); 33 CFR 322.3(a)",2026-10,verified,Dock,Palm Beach,3,0
ocean-ridge,deck-requirements,Waterfront Deck Rules in Ocean Ridge,What are the deck setback and railing rules in Ocean Ridge?,0 ft,setback waived where a deck or patio abuts the seawall,"Ocean Ridge sets uncovered decks, patios, steps and terraces 5 ft from property and right-of-way lines, but waives that setback for the part that abuts a seawall. On the beach side, decks and walkways may not go past the seaward toe of the dune.","Decks and patios :: Unenclosed, uncovered decks, patios, driveways, parking areas, steps, stoops and terraces set back at least 5 ft from any property line or right-of-way line; where that part of the property abuts a sea wall, the setback for the area abutting the sea wall is waived. They must be maintained and drained to prevent nuisance. Code Sec. 64-60. | Roof decks :: Flat roof usable areas must meet all building setbacks. Sec. 64-60. | Dune crossovers :: Decks, walkways and steps may not extend beyond the seaward toe of the dune. Sec. 64-41. | Sheds :: Small screened storage sheds (100 sq ft, 7 ft) may sit 3 ft from side and 5 ft from rear lines, but where the yard abuts a waterway the normal easement applies. Sec. 64-41(c)(3). | Small lots :: Lots under 10,000 sq ft may get an administrative special exception from the building official to let qualifying sheds encroach up to the property line. Sec. 64-41(c)(3)e. | Guards (state rule) :: Florida Building Code, Residential, 8th Edition (2023), Sec. R312.1.1-R312.1.3: a guard is required on open sides of a walking surface located more than 30 inches above the floor or grade below at any point within 24 inches of the open edge; it must be at least 36 inches high; openings must not let a 4-inch sphere pass. No local guard amendment was found in this town's code.","Town of Ocean Ridge Code Secs. 64-60, 64-41 (Supp. 15; Ord. 620, 638, 2022-09); Florida Building Code, Residential, 8th Ed. (2023) R312.1.1-R312.1.3 (ICC Digital Codes)",2026-10,verified,Deck,Palm Beach,3,0
ocean-ridge,licensed-contractors,Checking a Marine Contractor in Ocean Ridge,How do I check a marine contractor in Ocean Ridge?,"Registered, with Longshore cover",no-fee registration; seawall crews need federal insurance,"Ocean Ridge lists a current Town contractor registration - and registrations for every subcontractor - among the documents for any permit, and its no-fee registration form warns seawall, dock and boatlift contractors that a Longshoreman insurance policy is required under the federal Longshore Act, which state workers' comp does not satisfy. Some permit types also need a mandatory pre-construction meeting before work begins.","Registration form :: State licence (F.S. 489.115) or Palm Beach County certificate of competency (U-License), county business tax receipt or exemption, general liability and comp naming the Town of Ocean Ridge; notarised - Contractor Registration Form (rev. 5/2025) | Before work starts :: No work may begin until any required pre-construction meeting is held, the permit is issued and the permit documents are posted | Flood zone :: Permits are still required for qualifying work valued at $7,500 or less because the whole Town is in a flood hazard area; since 1 July 2026 the Town requires the Universal County-Wide permit application | Portal :: Town of Ocean Ridge on BS&A Online; Building Department 561-732-2635, permit@oceanridge.gov | County licence :: Palm Beach County's Contractor Regulations section (Code Compliance Division, PZB) serves the Construction Industry Licensing Board under Special Act 67-1876, which requires a certificate of competency to advertise, bid or contract in the regulated trades | Marine is a county trade :: MARINE remains on the county's regulated-trades list (rev. 7/1/25): seawalls, bulkheads, revetments, docks, piers, wharfs, groins, boat lifts, davits and pile driving. Dredging and land filling was among the trades preempted on 1 July 2025 | County look-up :: County Licensed Contractor Search in the ePZB portal (pbcgov.org/ePZB.Admin.WebSPA), next to the state search; Contractor Regulations 561-233-5525 | State licence :: Search the company and the qualifier on DBPR's Verify a Licensee (myfloridalicense.com). A licence number starting with C is a state certification valid anywhere in Florida; one starting with R is a registration, good only where the holder met local competency rules - F.S. 489.105(8),(10) and the DBPR licensing page | Who may build a seawall or dock :: A certified general contractor's scope is unlimited (489.105(3)(a)). The state also certifies five marine specialties: marine specialty, marine seawall work, marine bulkhead work, marine dock work and marine pile driving - Rule 61G4-15.100(1)(b)-(f) | Workers' comp :: In construction a single employee makes coverage mandatory (440.02(20)(b)2). Up to three officers or LLC members owning at least 10% may file exemptions (440.02(18)(b)2), and the exemption certificate itself says it is not a DBPR licence (440.05(4)). Check it on the DWC data portal's Coverage and Exemptions search (dwcdataportal.fldfs.com) | Recovery fund :: For contracts signed on or after 1 July 2024 the Homeowners' Construction Recovery Fund pays at most $100,000 per claim against a Division I contractor (general, building, residential) and $30,000 against a Division II contractor, which includes the marine specialties; the lifetime caps are $2 million and $600,000 per licensee - 489.143(3),(6). Nothing is paid if the contractor was unlicensed when you signed - 489.141(2)(d) - and residential contracts over $2,500 must print the fund notice - 489.1425 | Deposits :: A contractor who takes more than 10% up front on residential work must apply for permits within 30 days and start within 90 days of the permits issuing, unless you agreed to longer in writing - 489.126(2)(a) | Three-day cancel :: If the deal was a home solicitation sale over $25 - signed away from the seller's place of business and not the result of your own request for specific goods or services - you can cancel in writing until midnight of the third business day; Sundays and federal holidays don't count - 501.021, 501.025 | Business tax is not a licence :: A contractor pays business tax where its permanent office is, and no other city or county may levy a business tax or an equivalent registration fee for temporary work there - 205.065","Town of Ocean Ridge Building & Zoning Permits page; Contractor Registration Form (rev. 5/2025); PBC Contractor Regulations page; Regulated Trades / Standards for Certified Categories (rev. 7/1/25); BCAB preemption notice (1/21/2026); F.S. 489.105, 489.126, 489.141, 489.1425, 489.143, 440.02, 440.05, 501.021, 501.025, 205.065 (2026); Fla. Admin. Code R. 61G4-15.100; DBPR Construction Industry page and Verify a Licensee; DFS Division of Workers' Compensation construction exemption page and data portal",2026-10,verified,Failing,Palm Beach,3,0
ocean-ridge,storm-prep,Storm Prep for Ocean Ridge Waterfront Owners,What are the storm and debris rules in Ocean Ridge?,,,,,,,not-started,Failing,Palm Beach,3,0
gulf-stream,seawall-height-requirement,Gulf Stream Seawall Height Requirement,How high does a seawall have to be in Gulf Stream?,No minimum,set in local code,Gulf Stream sets no minimum seawall height. It caps new or replacement seawalls on Intracoastal-connected water at 8 ft NGVD (or the NAVD equivalent).,"Minimum :: None set | Maximum :: No greater than 8 ft NGVD or its equivalent in NAVD - Sec. 70-78 | Seawall required :: Owners on tidal/brackish water must bulkhead their frontage (not ocean) - Sec. 52-26 | Plans :: Town commission approval - Sec. 52-27 | History :: The cap was first set by Ord. No. 15/9 (12 Feb 2015) and amended by Ord. No. 22-9 (28 Oct 2022) - Sec. 70-78 | Turbidity screens :: During clearing, excavating, jetting and backfilling the contractor must fully enclose the site with screens reaching the bottom, left in place 24 hours after work stops or until turbidity returns to normal - Sec. 52-28 | Docks and lifts :: Boats dock parallel to the seawall only. Docks may be no higher than the abutting seawall or 5.5 ft above mean sea level, whichever is greater; lift equipment max 5 ft above the seawall, and no part of a lifted vessel more than 10 ft above it - Sec. 66-369(4), (6)","Town of Gulf Stream Code, Ch. 70 Art. IV Sec. 70-78 Seawall height; Ch. 52 Art. II Seawalls, Bulkheads, Etc. (Ord. 22-9, 10-28-22); Sec. 52-28; Ch. 66 Sec. 66-369",2026-10,verified,Compliance,Palm Beach,3,0
gulf-stream,seawall-permit,Seawall Permits in Gulf Stream,Do I need a permit to repair a seawall in Gulf Stream?,Yes,commission approval + building permit,"Yes. Gulf Stream's Town Commission approves all construction plans for seawalls, and every applicable regulatory agency must approve in writing first. Building permits are issued by Highland Beach under an interlocal agreement, after Gulf Stream's zoning sign-off, and the code requires Intracoastal-fronting owners to keep their seawalls structurally maintained.","Town :: 'All construction plans for seawalls or alternative shoreline protection methods shall be approved by the town commission'; no construction without prior written approval of all applicable regulatory agencies - Sec. 52-27 | Permit office :: Under an interlocal agreement the Town of Highland Beach issues building permits through its MGO portal; Gulf Stream keeps zoning authority, and its zoning requirements and fees must be met first (Gulf Stream Permits page) | Duty :: Owners on the Intracoastal or other tidal water must build seawalls or engineered alternatives along the entire exposed frontage and maintain them at their own expense; ocean frontage excluded - Sec. 52-26 | Height cap :: New or replacement seawall on Intracoastal-connected water no higher than 8 ft NGVD or its NAVD equivalent - Sec. 70-78 | During work :: Turbidity screens enclosing the site, kept 24 hours after work stops - Sec. 52-28 | State (FDEP) :: Restoring a seawall in place or up to 18 in. waterward can be exempt from an Environmental Resource Permit where it was damaged within the last year by a discrete event or needs only minimal backfilling, and any chapter 161 permits are obtained (s. 403.813(1)(e) F.S.; r. 62-330.051(12)(b) F.A.C.); batter piles, king piles or a cap used only to stabilize and repair a wall are also exempt (r. 62-330.051(12)(d)) | State-owned bottom :: Exempt work on sovereign submerged land still needs separate authorization under chs. 253 and 258 F.S., which the Board of Trustees grants by rule for many exempt activities (r. 62-330.051 intro; r. 18-21.005(1)(b) F.A.C.) | County :: Palm Beach County ERM's Permitting and Regulation page lists no seawall or shoreline permit program among its topics (PBC ERM Permitting and Regulation page) | Ocean side :: Seaward of the Coastal Construction Control Line a wall needs a separate state coastal construction permit; the chapter 161 repair exemption expressly excludes seawalls (s. 161.053(2)(a), (11)(a) F.S.) | Small-job exemption :: The state's under-$7,500 single-family permit exemption does not cover structural work or property in a flood hazard area (s. 553.79(1)(g)2. F.S.) | Federal :: A U.S. Army Corps of Engineers (Department of the Army) authorization is required for structures or work in or affecting navigable waters, unless exempt or covered by a nationwide or regional general permit - 33 CFR 322.3(a) (Rivers and Harbors Act s. 10)","Town of Gulf Stream Code Secs. 52-26 to 52-28, 70-78 (Supp. 4); Town Permits page; s. 403.813(1)(e), 161.053, 553.79 F.S. (2026); r. 62-330.051, 18-21.005 F.A.C.; 33 CFR 322.3(a); PBC ERM Permitting and Regulation page",2026-10,verified,Compliance,Palm Beach,3,0
gulf-stream,flood-zone,Gulf Stream Flood Zone & Elevation Rules,"What flood zone is Gulf Stream in, and what does it require?",BFE +1 ft (state code),no extra town freeboard found,"Gulf Stream's Chapter 48, adopted in 2017, uses the plain 50% substantial-improvement test with no look-back. FEMA lists the town at CRS class 10, so residents get no CRS discount on flood insurance. Each project is judged alone, with no rolling total of earlier work.","Substantial improvement / damage :: 50 percent of market value, no cumulative period - Sec. 48-1 (Ord. No. 17-01). | Determinations :: Substantial improvement and substantial damage determinations are made under Sec. 48-24 when permits are sought to improve or repair a building. | No-BFE areas :: Where no BFE is mapped, the BFE may be specified as two feet above the highest adjacent grade if there is no evidence of deeper flooding - Sec. 48-42. | More trigger points :: $1,147,000 building value -> $573,500 trigger; $913,000 building value -> $456,500 trigger. | FEMA flood map :: FEMA's Community Status Book (report dated 3 Oct 2026) lists Gulf Stream as NFIP community 125109 with a current effective FIRM dated 20 Dec 2024. Zones are set parcel by parcel, so no single zone covers the whole city - check your own address. | NFIP history :: FEMA record: first FIRM 24 Nov 1972; regular NFIP program since 24 Nov 1972; entered CRS 1 Oct 1999. | Flood insurance discount :: CRS class 10 (class date 1 Oct 2015) - a class 10 community receives no premium discount. | State minimum :: 2023 Florida Building Code, Residential R322.2.1 and R322.3.2 - lowest floor (A zones) or bottom of the lowest horizontal structural member (V and Coastal A zones) at BFE + 1 ft or the design flood elevation, whichever is higher. | Look up your zone :: Enter the address in FEMA's Flood Map Service Center (msc.fema.gov), the official public source for FIRMs; an elevation certificate shows how your floor compares with the BFE.","Gulf Stream Code of Ordinances Ch. 48 Flood Prevention and Protection, Sec. 48-1; FEMA Community Status Book, Florida (www.fema.gov/cis/FL.html, report 10/03/2026); 2023 Florida Building Code, Residential R322.2.1, R322.3.2; 44 CFR 59.1; FEMA Flood Map Service Center",2026-10,verified,Compliance,Palm Beach,3,0
gulf-stream,dock-permit-size,Dock Permits & Size Limits in Gulf Stream,How big a dock can I build in Gulf Stream?,"5 ft wide, inside a lot-by-lot docking zone",max dock and boat 70 ft on lots with 100 ft frontage or less,"Gulf Stream allows one wooden dock per single-family lot, no wider than 5 ft, parallel to the seawall, and only after site plan review. Everything - dock, lift and boat - must stay inside a docking zone offset from the lot's setback centerlines: at least 15 ft on each side, with total setbacks of at least 30% of the frontage, on lots with 100 ft or more of water. Exhibit B in the code lists the maximum dock and boat length for each waterfront lot.","Review :: All new docks and significant alterations need site plan review and approval; one dock per lot of record in the single-family district - Town Code 66-369, 66-369(1) | Width and orientation :: No dock wider than 5 ft; boats, docks and lifts parallel to the seawall - 66-369(4), (6)b-c | Height :: No higher than the abutting seawall or 5.5 ft above mean sea level, whichever is greater; handrails, steps and lights no more than 4 ft above the dock - 66-369(6)d | Docking zone :: Neither dock, lift nor any part of the boat may extend past the docking zone. Lots with 100 ft or more of water frontage: 15 ft minimum offset from each setback centerline and total setbacks at least 30% of the frontage. Lots under 100 ft and cove-end lots: 5 ft minimum offset. Cove-end lots and lots with 100 ft or less: dock and boat each no longer than 70 ft - 66-369(6)e | Lot-by-lot table :: Exhibit B lists water frontage, maximum dock length at 5 ft wide and maximum boat length for each lot in Gulfstream Cove and the H.V. Pope and unplatted lots - 66-369 Exhibit B | Lifts :: Up to four dolphins; low-profile piling lifts no more than 5 ft above the seawall for boats up to 34 ft; a lifted boat may have no flybridge or tower and no part more than 10 ft above the seawall - 66-369(5), (6)a | Floating platform :: One in place of a boat lift, black, no more than 8 ft by 16 ft and 12 inches out of the water, for up to two craft of 14 ft - 66-369(6)h | Materials :: All docks must be wood; no concrete docks - 66-369(7) | Prohibited :: Boathouses, fixed covers, fuel pumps, diving boards, commercial vessels and dock rentals - 66-369(3),(5) | State exemption :: A private, non-commercial dock on pilings with 1,000 sq ft or less of over-water surface (500 sq ft in Outstanding Florida Waters), and the only exempt dock along 65 ft of shoreline (or one per lot if the lot is narrower), needs no state environmental permit - Fla. Stat. 403.813(1)(b). The exemption does not grant permission to use state-owned submerged lands and does not override city or county rules - 403.813(1) | Federal :: Structures in navigable waters need a Department of the Army permit, general or individual - 33 CFR 322.3(a)","Town of Gulf Stream Code Ch. 66 (Zoning) Sec. 66-369 and Exhibit B (through Ord. 22-4, 4-8-22); Fla. Stat. 403.813(1)(b) (2026); 33 CFR 322.3(a)",2026-10,verified,Dock,Palm Beach,3,0
gulf-stream,boat-lift-rules,Boat Lift Rules in Gulf Stream,What are the boat lift rules in Gulf Stream?,One dock and/or boat lift per lot,raised boat max 10 ft above seawall,"Gulf Stream allows one dock and/or boat lift per single-family lot, with tight limits on type: low-profile piling lifts no more than 5 feet above the seawall for boats up to 34 feet, other lifts only on the seawall or a landward platform, and at most one 500-pound lift on a dock. A lifted boat may have no flying bridge or tuna tower and no part more than 10 feet above the seawall. Fixed covers are prohibited.","How many :: One dock and/or boat lift per lot; lots on both a cove and the Intracoastal may have one on each; one extra single-arm seawall lift of up to 1,500 lb for small craft - Code Sec. 66-369(6)a | Lift types :: Low-profile piling lifts with lifting equipment no more than 5 feet above the seawall, for vessels up to 34 feet long; any other lift attached only to the seawall or a platform landward of it; no more than one lift of up to 500 lb on a dock - Sec. 66-369(6)a.1-3 | Boat when raised :: No flying bridge, tuna tower or marlin tower, and no part of the vessel more than 10 feet above the seawall when lifted (antennas and radar excepted) - Sec. 66-369(6)a | Placement :: Boats, docks and lifts parallel to the seawall and inside the docking zone - 15 feet off each setback centreline on lots with 100 feet or more of frontage, 5 feet otherwise; a piling lift's first pile at least 20 feet from the setback line and no more than 20 feet from the seawall - Sec. 66-369(6)c, e | Covers :: Boathouses and fixed covers are prohibited - Sec. 66-369(5) | Floating platform :: One black, nonferrous floating platform may replace a boat lift with level one site plan approval: no more than 12 inches out of the water, 8 by 16 feet, two craft up to 14 feet - Sec. 66-369(6)h | Approval :: New docks and significant alterations need site plan review - Sec. 66-369(1) | State and federal :: Floating boat lifts and floating vessel platforms that meet s. 403.813(1)(s), F.S. (they float at all times, hold the vessel out of the water, and either sit inside a previously permitted slip or total no more than 500 sq ft - 200 sq ft in Outstanding Florida Waters - beside a qualifying dock or bulkhead) need no state permit; a local government may then ask only for a one-time registration unless the platform is attached to a bulkhead with no dock. Structures in navigable waters otherwise need Army Corps authorization unless exempt or under a general permit - 33 CFR 322.3(a).","Town of Gulf Stream Code Sec. 66-369 (Supp. 4; Ord. 22-4); s. 403.813(1)(s), F.S. (2026); 33 CFR 322.3(a)",2026-10,verified,Dock,Palm Beach,3,0
gulf-stream,deck-requirements,Waterfront Deck Rules in Gulf Stream,What are the deck setback and railing rules in Gulf Stream?,20 ft,"from a water lot line on the Intracoastal for minor accessory structures (raised decks, pools)","Gulf Stream treats decks and patios more than 8 inches above grade, and in-ground pools, as minor accessory structures that must stay 20 ft from a water lot line connected to the Intracoastal. Low patios and decks up to 8 inches high need only 3 ft from property lines.","Low patios and decks :: Patios and decks up to 8 inches higher than the highest abutting grade: minimum 3 ft from all property lines. Code Sec. 70-74. | Raised decks are 'minor accessory' :: Decks and patios more than 8 inches above the highest abutting grade, in-ground pools and spas (waterfalls up to 4 ft), and one-story detached structures up to 300 sq ft and 18 ft are minor accessory structures. Sec. 70-51. | Water setback :: Water lot line connected to the ICWW: minor accessory structures 20 ft in every district column; principal structures 50 ft in the Gulf Stream Core district and 30 ft in others. Accessory structures that are not 'minor' meet principal setbacks. Sec. 70-74. | Pools :: Above-ground pools (top edge more than 2 ft above average grade) are not allowed in any district; barrier at least 4 ft; pools may be visible from waterways. Sec. 66-367. | Other minor accessory setbacks :: Rear interior/beach 15 ft; interior side 12-15 ft depending on district; pools in Place Au Soleil Addition No. 2 10 ft rear measured to the water. Sec. 70-74. | Districts :: The setback table covers the Gulf Stream Core, Ocean West, Beachfront, North/South and Place au Soleil districts. Sec. 70-74. | Guards (state rule) :: Florida Building Code, Residential, 8th Edition (2023), Sec. R312.1.1-R312.1.3: a guard is required on open sides of a walking surface located more than 30 inches above the floor or grade below at any point within 24 inches of the open edge; it must be at least 36 inches high; openings must not let a 4-inch sphere pass. No local guard amendment was found in this town's code.","Town of Gulf Stream Code Secs. 70-74, 70-51, 66-367 (Supp. 4); Florida Building Code, Residential, 8th Ed. (2023) R312.1.1-R312.1.3 (ICC Digital Codes)",2026-10,verified,Deck,Palm Beach,3,0
gulf-stream,licensed-contractors,Checking a Marine Contractor in Gulf Stream,How do I check a marine contractor in Gulf Stream?,Everyone who works registers,"annually, with Gulf Stream and Highland Beach","Gulf Stream requires all workers hired for your property - not just builders - to be registered with the Town, renewed every year, and contractors who apply for a building permit must also be registered with Highland Beach on MGO, because Highland Beach issues Gulf Stream's permits under an interlocal agreement. Pile driving is banned from 1 December to 30 April.","Seasonal limits :: Pile driving, jack hammering and dry sand blasting are prohibited from 1 December through 30 April; work hours are 8:00 to 5:00 - Contractor Registration page | Vehicles :: Commercial vehicles must show a Town decal on the driver's side rear bumper | Code :: The occupational registration filed with a BTR asks for the contractor's state certification, a copy of its home BTR, comp (or exemption) and liability naming the Town, and vehicle registrations - Sec. 10-1 | Portal :: Highland Beach MGO portal under the Gulf Stream jurisdiction (mgoconnect.org/cp?JID=466); Gulf Stream keeps zoning authority - Permits page | County licence :: Palm Beach County's Contractor Regulations section (Code Compliance Division, PZB) serves the Construction Industry Licensing Board under Special Act 67-1876, which requires a certificate of competency to advertise, bid or contract in the regulated trades | Marine is a county trade :: MARINE remains on the county's regulated-trades list (rev. 7/1/25): seawalls, bulkheads, revetments, docks, piers, wharfs, groins, boat lifts, davits and pile driving. Dredging and land filling was among the trades preempted on 1 July 2025 | County look-up :: County Licensed Contractor Search in the ePZB portal (pbcgov.org/ePZB.Admin.WebSPA), next to the state search; Contractor Regulations 561-233-5525 | State licence :: Search the company and the qualifier on DBPR's Verify a Licensee (myfloridalicense.com). A licence number starting with C is a state certification valid anywhere in Florida; one starting with R is a registration, good only where the holder met local competency rules - F.S. 489.105(8),(10) and the DBPR licensing page | Who may build a seawall or dock :: A certified general contractor's scope is unlimited (489.105(3)(a)). The state also certifies five marine specialties: marine specialty, marine seawall work, marine bulkhead work, marine dock work and marine pile driving - Rule 61G4-15.100(1)(b)-(f) | Workers' comp :: In construction a single employee makes coverage mandatory (440.02(20)(b)2). Up to three officers or LLC members owning at least 10% may file exemptions (440.02(18)(b)2), and the exemption certificate itself says it is not a DBPR licence (440.05(4)). Check it on the DWC data portal's Coverage and Exemptions search (dwcdataportal.fldfs.com) | Recovery fund :: For contracts signed on or after 1 July 2024 the Homeowners' Construction Recovery Fund pays at most $100,000 per claim against a Division I contractor (general, building, residential) and $30,000 against a Division II contractor, which includes the marine specialties; the lifetime caps are $2 million and $600,000 per licensee - 489.143(3),(6). Nothing is paid if the contractor was unlicensed when you signed - 489.141(2)(d) - and residential contracts over $2,500 must print the fund notice - 489.1425 | Deposits :: A contractor who takes more than 10% up front on residential work must apply for permits within 30 days and start within 90 days of the permits issuing, unless you agreed to longer in writing - 489.126(2)(a) | Three-day cancel :: If the deal was a home solicitation sale over $25 - signed away from the seller's place of business and not the result of your own request for specific goods or services - you can cancel in writing until midnight of the third business day; Sundays and federal holidays don't count - 501.021, 501.025 | Business tax is not a licence :: A contractor pays business tax where its permanent office is, and no other city or county may levy a business tax or an equivalent registration fee for temporary work there - 205.065","Town of Gulf Stream Contractor Registration page; Permits page; Code Sec. 10-1; PBC Contractor Regulations page; Regulated Trades / Standards for Certified Categories (rev. 7/1/25); BCAB preemption notice (1/21/2026); F.S. 489.105, 489.126, 489.141, 489.1425, 489.143, 440.02, 440.05, 501.021, 501.025, 205.065 (2026); Fla. Admin. Code R. 61G4-15.100; DBPR Construction Industry page and Verify a Licensee; DFS Division of Workers' Compensation construction exemption page and data portal",2026-10,verified,Failing,Palm Beach,3,0
gulf-stream,storm-prep,Storm Prep for Gulf Stream Waterfront Owners,What are the storm and debris rules in Gulf Stream?,14 days,plywood may stay up before and after a storm,"Gulf Stream treats makeshift plywood hurricane protection as a nuisance unless it goes up no more than 14 days before landfall and comes down within 14 days after, and treats a seawall or bulkhead in disrepair that lets adjacent land erode as a nuisance too. After a declared emergency the town may clear private roads of debris as well as public rights-of-way.","Plywood :: Makeshift hurricane protection devices such as plywood or similar material which remain in place except for 14 days prior to storm landfall and 14 days following storm passage are a nuisance - Code Sec. 22-31(21) | Seawalls and docks :: A seawall or bulkhead which falls into a state of disrepair or ruin so as to allow erosion to adjacent land, and docks, walls or other structures in a failing or dangerous condition, are nuisances - Sec. 22-31(7), (20) | Private roads :: When a local state of emergency is declared, the town may clear private roads of debris in addition to public rights-of-way - Sec. 18-60 (Ord. 06-03) | Other nuisances :: Also nuisances: sand, soil or fill left from construction projects; filth, garbage, trash or debris; and discarded, scrapped or partially dismantled boats or parts of boats - Sec. 22-31(5), (6), (18)","Town of Gulf Stream Code of Ordinances Secs. 18-60, 22-31 (Municode)",2026-10,verified,Failing,Palm Beach,3,0
manalapan,seawall-height-requirement,Manalapan Seawall Height Requirement,How high does a seawall have to be in Manalapan?,No minimum,set in local code,Manalapan requires a permit and fixed wall lines for seawalls but sets no seawall height.,"Minimum :: None set - Ch. 155 Coastal Structures, Sec. 155.60-155.64 | Location :: Ocean seawalls on the adopted sea wall line - Sec. 155.45-155.49; Lake Worth bulkhead/fill line - Sec. 155.30-155.33 | Maintenance :: Seawalls must be kept impervious to sand, built to applicable codes - Sec. 155.64 | The ocean seawall line :: Adopted by Ord. 51 (20 Nov 1965). Building anywhere other than on the official line needs Town Commission approval, and that owner bears the cost of connecting to the neighbouring wall - Sec. 155.45-155.46 | Unlawful walls :: Owner has 30 days after notice to remove, then the Town Manager removes it at the owner's expense - Sec. 155.47-155.48 | Application :: Filed with the Town Building Department, stating the work's cost and distance into the Atlantic, whether federal, state and county permits are granted, with complete engineering drawings - Sec. 155.61-155.62","Town of Manalapan Code, Title XV Ch. 155 Beaches and Waterways (Municode)",2026-10,verified,Compliance,Palm Beach,3,0
manalapan,seawall-permit,Seawall Permits in Manalapan,Do I need a permit to repair a seawall in Manalapan?,Yes,building permit,"Yes. Manalapan's Building Department must issue a permit before a seawall is built on the ocean or the Intracoastal, and only after town, county, state and federal rules are met; a separate building-code permit is also required. Its checklist asks for sealed plans, a cost estimate and DEP approval.","Town :: No sea wall built 'unless and until a permit for such construction shall first be obtained from the Building Department' - Sec. 155.60; a separate building-code permit is also needed - Sec. 155.63; coastal structures are 'constructed, maintained and repaired' to applicable codes - Sec. 155.64(A) | Before issue :: Permit issued when town, county, state and federal regulations are met - Sec. 155.62; the application states whether those permits are granted and includes engineering drawings - Sec. 155.61 | Checklist :: Applications on the MGO platform with signed and sealed plans, DEP approval, a current survey and a contractor cost estimate (Dock/Seawall/Boat Lift Checklist, rev. 01/2025) | Lines :: Seawall construction east of the ocean seawall line prohibited - Sec. 155.45; a different line needs Town Commission approval, and the owner seeking it pays to connect to the neighboring wall - Sec. 155.46; framing designed for Florida Building Code Chapter 16 wind loads (checklist) | Upkeep :: Keep in good repair and impervious to sand - Sec. 155.64(A) | Wrong-line walls :: A sea wall built off the official line must be removed by the owner within 30 days of notice; otherwise the Town Manager orders it removed at the owner's expense - Secs. 155.47, 155.48; coastal structures must be structurally sound and walls kept free of cracks or holes, enforced before the Code Enforcement Board or a Special Master - Sec. 155.64 | State (FDEP) :: Restoring a seawall in place or up to 18 in. waterward can be exempt from an Environmental Resource Permit where it was damaged within the last year by a discrete event or needs only minimal backfilling, and any chapter 161 permits are obtained (s. 403.813(1)(e) F.S.; r. 62-330.051(12)(b) F.A.C.); batter piles, king piles or a cap used only to stabilize and repair a wall are also exempt (r. 62-330.051(12)(d)) | State-owned bottom :: Exempt work on sovereign submerged land still needs separate authorization under chs. 253 and 258 F.S., which the Board of Trustees grants by rule for many exempt activities (r. 62-330.051 intro; r. 18-21.005(1)(b) F.A.C.) | County :: Palm Beach County ERM's Permitting and Regulation page lists no seawall or shoreline permit program among its topics (PBC ERM Permitting and Regulation page) | Ocean side :: Seaward of the Coastal Construction Control Line a wall needs a separate state coastal construction permit; the chapter 161 repair exemption expressly excludes seawalls (s. 161.053(2)(a), (11)(a) F.S.) | Small-job exemption :: The state's under-$7,500 single-family permit exemption does not cover structural work or property in a flood hazard area (s. 553.79(1)(g)2. F.S.) | Federal :: A U.S. Army Corps of Engineers (Department of the Army) authorization is required for structures or work in or affecting navigable waters, unless exempt or covered by a nationwide or regional general permit - 33 CFR 322.3(a) (Rivers and Harbors Act s. 10)","Town of Manalapan Code Title XV Ch. 155 Secs. 155.45-155.64 (Supp. 9); Dock/Seawall/Boat Lift Checklist; s. 403.813(1)(e), 161.053, 553.79 F.S. (2026); r. 62-330.051, 18-21.005 F.A.C.; 33 CFR 322.3(a); PBC ERM Permitting and Regulation page",2026-10,verified,Compliance,Palm Beach,3,0
manalapan,flood-zone,Manalapan Flood Zone & Elevation Rules,"What flood zone is Manalapan in, and what does it require?",,,,,,,not-started,Compliance,Palm Beach,3,0
manalapan,dock-permit-size,Dock Permits & Size Limits in Manalapan,How big a dock can I build in Manalapan?,80 ft max in R1-A,and only as long as needed to reach 3 ft of water at low tide,"Manalapan sets dock length district by district. In the R1-A district a dock is allowed only on the west side of Highway A1A, must be just long enough to reach 3 ft of water at mean low water (proven by three bathymetric surveys), and may never exceed 80 ft. The cap is 150 ft in R1-B, 35 ft in R1-C and 45 ft in R1-E, and docks are not allowed at all in R2-A or C2. State DEP and Army Corps permits come before the Town permit.","R1-A length :: Only on the west side of A1A; the minimum length needed, shown by three bathymetric surveys, to reach a terminus in 3 ft of water at mean low water, and never more than 80 ft from the lot or seawall - Town Code 151.063(B), (B)(1) | Other districts :: Maximum dock length 150 ft in R1-B (151.103), 35 ft in R1-C (151.143) and 45 ft in R1-E (151.223); docks are not permitted in R2-A (151.303) or C2 (151.463) | R1-A width and height :: Dock surface 4 to 6 ft wide; no higher than the abutting seawall or 5.5 ft above mean sea level, whichever is higher - 151.063(B)(2),(8) | R1-A placement :: Centered (within 10 ft) and parallel to the side lot lines; at least 25 ft from other docks and from the side lot lines extended (50 ft on lots 300 ft or wider); no T or L terminus - 151.063(B)(12),(16),(17) | Dolphins :: No more than four, all within 35 ft of the dock - 151.063(B)(3) | Boats :: No boat longer than 75% of the lot's bulkhead length; at least 25 ft from the side lot lines extended; a lifted hull no more than 12 inches above high tide; houseboats prohibited - 151.063(C) | Floating docks :: 4 to 6 ft wide and no more than 14 ft long, with corner lights, counted with any fixed dock toward the length limit - 151.063(B)(9) | Lighting :: A light at the terminus, white or yellow, no more than 480 lumens and 60 inches above the deck, one per 10 ft of dock - 151.063(B)(14)-(15) | Permits :: DEP and Army Corps permits are required before the Town permit; one dock per lot; a dock on a vacant lot may stay only two years before the house is finished - 151.063(B), (B)(11) | Boathouses :: Not permitted - 151.063(A) | State exemption :: A private, non-commercial dock on pilings with 1,000 sq ft or less of over-water surface (500 sq ft in Outstanding Florida Waters), and the only exempt dock along 65 ft of shoreline (or one per lot if the lot is narrower), needs no state environmental permit - Fla. Stat. 403.813(1)(b). The exemption does not grant permission to use state-owned submerged lands and does not override city or county rules - 403.813(1) | Federal :: Structures in navigable waters need a Department of the Army permit, general or individual - 33 CFR 322.3(a)","Town of Manalapan Code Ch. 151 (Zoning) Secs. 151.063 (through Ord. 378, 7-23-21), 151.103, 151.143, 151.223, 151.303, 151.463; Fla. Stat. 403.813(1)(b) (2026); 33 CFR 322.3(a)",2026-10,verified,Dock,Palm Beach,3,0
manalapan,boat-lift-rules,Boat Lift Rules in Manalapan,What are the boat lift rules in Manalapan?,Lifts allowed on docks; davits banned in some districts,keel max 12 in above high tide,"Manalapan allows boat elevators, boatlifts, platforms and jet ski lifts on docks, but bans davits in several districts, including R1-D. No boat's keel or hull may be held more than 12 inches above the water at high tide, every lifting device must stay 25 feet from side lot lines and other docks, and around Manatee Cove only two-post lifts mounted on the marginal dock or seawall are allowed.","Allowed :: Dock accessory structures and vessel-lifting devices (boat elevators, boatlifts, platforms and personal watercraft lifts) are permitted on docks - Code Sec. 151.063(B)(13) (R1-A) | Davits :: Davits are not permitted in the R1-D district - Sec. 151.183(B)(8); the same sentence appears in other district sections | Boat when raised :: No vessel keel or hull may be supported, elevated or suspended more than 12 inches above the water surface at high tide - Sec. 151.063(C)(3) | Setbacks :: No dock or vessel-lifting device within 25 feet of another dock, another lot, or the side lot lines extended; on lots 300 feet or wider, 50 feet from the extended side lines - Sec. 151.063(B)(12), (16) | Counting toward the dock :: Beam-and-piling lifts count only toward the dock's maximum length and side setbacks; flat platforms count in every dock size calculation - Sec. 151.063(B)(13) | Manatee Cove :: Lifts limited to two-post units attached to the side of the 5-foot marginal dock or seawall with no waterward pilings; four-post lifts strictly prohibited - Sec. 151.183(B)(8) | Permits :: DEP and Army Corps permits before the Town permit; docks only west of A1A - Sec. 151.063(B) | State and federal :: Floating boat lifts and floating vessel platforms that meet s. 403.813(1)(s), F.S. (they float at all times, hold the vessel out of the water, and either sit inside a previously permitted slip or total no more than 500 sq ft - 200 sq ft in Outstanding Florida Waters - beside a qualifying dock or bulkhead) need no state permit; a local government may then ask only for a one-time registration unless the platform is attached to a bulkhead with no dock. Structures in navigable waters otherwise need Army Corps authorization unless exempt or under a general permit - 33 CFR 322.3(a).","Town of Manalapan Code Ch. 151, Secs. 151.063, 151.183 (Supp. 9; Ord. 378); s. 403.813(1)(s), F.S. (2026); 33 CFR 322.3(a)",2026-10,verified,Dock,Palm Beach,3,0
manalapan,deck-requirements,Waterfront Deck Rules in Manalapan,What are the deck setback and railing rules in Manalapan?,25 ft,from the seawall or Lake Worth mean high water for structures; pools 13 ft,"Manalapan keeps structures 25 ft back from any seawall, bulkhead line, fill line or mean high water line of Lake Worth on the west side of A1A. Pool decks count as accessory structures and may stand no more than 1.5 ft above grade; pools sit 13 ft from a seawall with an engineer's certification.","Lake Worth side :: No structure (other than docks, beach/lake houses, shelters and pool cabanas) unless set back at least 25 ft from any seawall, bulkhead line, fill line or mean high water line of Lake Worth (including Spanish River), whichever is closer (west of A1A); ocean side 55 ft. Code Sec. 151.058(A). | Pool decks :: Pools, pool patios and decks, spas and anything attached to them are accessory structures; maximum pool deck elevation 1.5 ft above grade; spas, balustrades, railings and planters max 3.5 ft above the pool deck. Sec. 151.064. | Pools :: At least 13 ft from any side or rear lot line, bulkhead or seawall, measured from the wet edge, provided a Florida-licensed marine, structural or mechanical engineer certifies no harm to the seawall. Sec. 151.064. | Screens and gazebos :: Screen-enclosed pools and any gazebo or swim-up bar roof on the pool deck must meet the district's side and rear accessory setbacks. Sec. 151.064. | Where it lives :: Chapter 151 Zoning, R1-A Residential Low Density district, Sec. 151.058 'Rear setback' (last amended by Ord. 367, 2019) and Sec. 151.064 'Swimming pool/spa regulations'. | Guards (state rule) :: Florida Building Code, Residential, 8th Edition (2023), Sec. R312.1.1-R312.1.3: a guard is required on open sides of a walking surface located more than 30 inches above the floor or grade below at any point within 24 inches of the open edge; it must be at least 36 inches high; openings must not let a 4-inch sphere pass. No local guard amendment was found in this town's code.","Town of Manalapan Code Ch. 151 Secs. 151.058, 151.064 (R1-A; Supp. 9); Florida Building Code, Residential, 8th Ed. (2023) R312.1.1-R312.1.3 (ICC Digital Codes)",2026-10,verified,Deck,Palm Beach,3,0
manalapan,licensed-contractors,Checking a Marine Contractor in Manalapan,How do I check a marine contractor in Manalapan?,Active MGO registration,"contractors and subs, county BTR","Manalapan's Building Department says any person, firm or business must have a business registration before starting work in Town, and its 2026 instructions require all contractors and subcontractors to keep an active Contractor Registration in MGO - an MGO account alone is not a registration. The Town code, by contrast, exempts DBPR-regulated trades from registering an out-of-town business tax receipt (Sec. 110.02(B)(2),(D)).","How to register :: mgoconnect.org > Customer Portal > Florida > Manalapan > Apply/Renew Contractor Registration; no email or walk-in applications; liability, comp and Local County Business Tax Receipt uploaded to the registration project - Contractor Registration Instructions | Code :: Sec. 110.02(D) cites F.S. 205.065 and makes registering the BTR voluntary for licensed contractors | Past permits :: 'Search Permits' on MGO (mgoconnect.org/cp/portal); construction Monday to Saturday 8:00 to 6:30. Building Official 561-383-2540 | Who to call :: Building Services Administrator Molly Gaughan, 561-383-2571; Building Department, 600 South Ocean Blvd., 561-585-9477 | County licence :: Palm Beach County's Contractor Regulations section (Code Compliance Division, PZB) serves the Construction Industry Licensing Board under Special Act 67-1876, which requires a certificate of competency to advertise, bid or contract in the regulated trades | Marine is a county trade :: MARINE remains on the county's regulated-trades list (rev. 7/1/25): seawalls, bulkheads, revetments, docks, piers, wharfs, groins, boat lifts, davits and pile driving. Dredging and land filling was among the trades preempted on 1 July 2025 | County look-up :: County Licensed Contractor Search in the ePZB portal (pbcgov.org/ePZB.Admin.WebSPA), next to the state search; Contractor Regulations 561-233-5525 | State licence :: Search the company and the qualifier on DBPR's Verify a Licensee (myfloridalicense.com). A licence number starting with C is a state certification valid anywhere in Florida; one starting with R is a registration, good only where the holder met local competency rules - F.S. 489.105(8),(10) and the DBPR licensing page | Who may build a seawall or dock :: A certified general contractor's scope is unlimited (489.105(3)(a)). The state also certifies five marine specialties: marine specialty, marine seawall work, marine bulkhead work, marine dock work and marine pile driving - Rule 61G4-15.100(1)(b)-(f) | Workers' comp :: In construction a single employee makes coverage mandatory (440.02(20)(b)2). Up to three officers or LLC members owning at least 10% may file exemptions (440.02(18)(b)2), and the exemption certificate itself says it is not a DBPR licence (440.05(4)). Check it on the DWC data portal's Coverage and Exemptions search (dwcdataportal.fldfs.com) | Recovery fund :: For contracts signed on or after 1 July 2024 the Homeowners' Construction Recovery Fund pays at most $100,000 per claim against a Division I contractor (general, building, residential) and $30,000 against a Division II contractor, which includes the marine specialties; the lifetime caps are $2 million and $600,000 per licensee - 489.143(3),(6). Nothing is paid if the contractor was unlicensed when you signed - 489.141(2)(d) - and residential contracts over $2,500 must print the fund notice - 489.1425 | Deposits :: A contractor who takes more than 10% up front on residential work must apply for permits within 30 days and start within 90 days of the permits issuing, unless you agreed to longer in writing - 489.126(2)(a) | Three-day cancel :: If the deal was a home solicitation sale over $25 - signed away from the seller's place of business and not the result of your own request for specific goods or services - you can cancel in writing until midnight of the third business day; Sundays and federal holidays don't count - 501.021, 501.025 | Business tax is not a licence :: A contractor pays business tax where its permanent office is, and no other city or county may levy a business tax or an equivalent registration fee for temporary work there - 205.065","Town of Manalapan Building Department page; Contractor Registration Instructions (2026); Code Sec. 110.02; PBC Contractor Regulations page; Regulated Trades / Standards for Certified Categories (rev. 7/1/25); BCAB preemption notice (1/21/2026); F.S. 489.105, 489.126, 489.141, 489.1425, 489.143, 440.02, 440.05, 501.021, 501.025, 205.065 (2026); Fla. Admin. Code R. 61G4-15.100; DBPR Construction Industry page and Verify a Licensee; DFS Division of Workers' Compensation construction exemption page and data portal",2026-10,verified,Failing,Palm Beach,3,0
manalapan,storm-prep,Storm Prep for Manalapan Waterfront Owners,What are the storm and debris rules in Manalapan?,Perpetual,owner's maintenance duty for coastal structures,"Manalapan makes coastal structures the perpetual maintenance responsibility of their owners, with seawalls and bulkheads kept impervious to sand and free of cracks or holes, enforced through the Code Enforcement Board or Special Master. During a tropical storm or hurricane watch or warning for any part of Palm Beach County, construction materials must be secured, and in season roofing materials loaded on a roof must be tied down immediately.","Coastal structures :: All coastal structures shall be the perpetual maintenance responsibility of the owner(s), kept in good repair and structurally sound; seawalls and bulkheads must be impervious to sand, without cracks or holes; failure is a violation - Code Sec. 155.64(A)-(B) | Storm watch or warning :: All construction materials, including roof tiles, and debris on building and construction sites must be secured, stored or removed; owner and general contractor jointly responsible - Sec. 152.112(A), (F) | Roofing in season :: From June 1st to November 30th, construction or roofing materials loaded on a roof shall immediately be tied down and remain tied down - Sec. 152.112(E) | After an emergency :: The Town Manager may suspend or waive the vegetation chapter during an officially declared emergency such as a hurricane - Sec. 157.46 | Notice and duration :: Media broadcasts or notices from the National Weather Service or National Hurricane Center count as notice, and materials stockpiled on top of a structure under construction must be permanently installed or otherwise secured; materials stay secured until the weather service lifts the watch or warning - Sec. 152.112(B)-(D)","Town of Manalapan Code of Ordinances Secs. 152.112, 155.64, 157.46 (Municode)",2026-10,verified,Failing,Palm Beach,3,0
tequesta,seawall-height-requirement,Tequesta Seawall Height Requirement,How high does a seawall have to be in Tequesta?,4,ft NAVD88,New and substantially rebuilt seawalls in Tequesta need a cap of at least 4 ft NAVD88. Repairs under 50% of replacement cost are exempt.,"Zone X / X500 :: Min 4 ft NAVD88; max 6 in. above grade or 4.5 ft NAVD88, whichever is greater - Sec. 76-33(3) | FEMA SFHA/CHHA with BFE :: Min 4 ft NAVD88; max 6 in. above grade or 5 ft NAVD88, whichever is greater - Sec. 76-33(3) | Applies to :: New walls and repairs of 50% or more of replacement cost - Sec. 76-33 | Returns/drainage :: Cap above neighbor grade needs wall return and drainage plan - Sec. 76-33(4) | Riprap/mangroves :: 100% facing on new/replaced walls - Sec. 76-34 | Who may build a new wall :: Only to stabilize disturbed shorelines or replace deteriorated walls. Natural shorelines and riprap revetments need a variance under Sec. 76-7, with evidence the shoreline is disturbed - Sec. 76-32(6) | How the 50% is measured :: The community development director keeps a list of typical cost per running foot for each type of wall - Sec. 76-33(7) | Mangrove monitoring :: Planting plan at final inspection, a time-zero report within 30 days, then annual photos for five years; replant if under 80% survive. A recent sea grass study (no older than half a year) can excuse riprap - Sec. 76-34, 76-36(b)-(g)","Village of Tequesta Code, Ch. 76 Waterway Control, Art. IV, Sec. 76-33 (Ord. 8-24, 11-14-2024); Secs. 76-32, 76-36",2026-10,verified,Compliance,Palm Beach,3,0
tequesta,seawall-permit,Seawall Permits in Tequesta,Do I need a permit to repair a seawall in Tequesta?,Yes,building permit,Yes. Tequesta's Building Department reviews every seawall permit and requires plans sealed by a Florida engineer and 48-hour notice before key inspections. A new or replaced wall must be fully faced with riprap or mangroves unless the lot is on the exemption map.,"Village :: The building department reviews all seawall permits for structural integrity; applications include plans sealed by a Florida PE, a wall cross section, ACI 318 Exposure Class C2 concrete and the FDEP pollution control plan - Sec. 76-37(1) | Inspections :: 48-hour notice before the first king pile or sheet, backfilling, cast-in-place pours and the final cap, plus engineer pile-driving certifications - Sec. 76-37(2) | Under 50% :: Repairs under 50% of replacement cost are exempt from the Sec. 76-33 design rules only, measured against the community development director's per-foot cost list - Sec. 76-33, 76-33(7) | Minimum height :: Cap at least 4 ft NAVD88 - Sec. 76-33(3) | Riprap :: New or replaced walls 100% faced with riprap or mangroves; at least 10% of the shoreline in established mangroves within two years - Sec. 76-34 | Checklist :: Application, boundary survey and a wet-sealed engineer survey overlay at 1/8-inch scale or larger (Seawall Permit Submittal Requirements) | Neighbors :: A cap raised above the adjoining lot needs a matching return wall and a drainage plan showing no sheet flow onto the waterway or neighbors, finished at least to painted stucco where visible - Sec. 76-33(4), (5) | State (FDEP) :: Restoring a seawall in place or up to 18 in. waterward can be exempt from an Environmental Resource Permit where it was damaged within the last year by a discrete event or needs only minimal backfilling, and any chapter 161 permits are obtained (s. 403.813(1)(e) F.S.; r. 62-330.051(12)(b) F.A.C.); batter piles, king piles or a cap used only to stabilize and repair a wall are also exempt (r. 62-330.051(12)(d)) | State-owned bottom :: Exempt work on sovereign submerged land still needs separate authorization under chs. 253 and 258 F.S., which the Board of Trustees grants by rule for many exempt activities (r. 62-330.051 intro; r. 18-21.005(1)(b) F.A.C.) | County :: Palm Beach County ERM's Permitting and Regulation page lists no seawall or shoreline permit program among its topics (PBC ERM Permitting and Regulation page) | Small-job exemption :: The state's under-$7,500 single-family permit exemption does not cover structural work or property in a flood hazard area (s. 553.79(1)(g)2. F.S.) | Federal :: A U.S. Army Corps of Engineers (Department of the Army) authorization is required for structures or work in or affecting navigable waters, unless exempt or covered by a nationwide or regional general permit - 33 CFR 322.3(a) (Rivers and Harbors Act s. 10)","Village of Tequesta Code Ch. 76 Art. IV Secs. 76-33, 76-34, 76-37 (Supp. 41); Seawall Permit Submittal Requirements; s. 403.813(1)(e), 161.053, 553.79 F.S. (2026); r. 62-330.051, 18-21.005 F.A.C.; 33 CFR 322.3(a); PBC ERM Permitting and Regulation page",2026-10,verified,Compliance,Palm Beach,3,0
tequesta,flood-zone,Tequesta Flood Zone & Elevation Rules,"What flood zone is Tequesta in, and what does it require?",,,,,,,not-started,Compliance,Palm Beach,3,0
tequesta,dock-permit-size,Dock Permits & Size Limits in Tequesta,How big a dock can I build in Tequesta?,75 ft or 10% of waterway width,least of the two or the 3 ft low-water line; 6 ft on canals,"On the Loxahatchee River and the Intracoastal, a Tequesta dock may reach no farther than the least of 75 ft, 10% of the waterway width, or the point where water reaches 3 ft deep at mean low water, though a 6 ft dock is always allowed. Total dock area starts at 500 sq ft for the first 150 ft of shoreline. On the village's canals a dock may extend only 6 ft past the platted property line, and nothing, boats included, may protrude more than 20 ft or 25% of the canal width.","River and Intracoastal length :: No dock or pier may extend from the mean high water line farther than the least of 75 ft, 10% of the waterway width, or the distance to the nearest point on the 3 ft mean low water line; a dock of 6 ft or less is always allowed - Village Code 76-20(a) | Area :: All docks on a riparian parcel may total no more than 500 sq ft for the first 150 ft of shoreline, plus 250 sq ft for each additional 50 ft - 76-20(g) | Width and shape :: No wider than 6 ft; segments at an angle to the main dock may total no more than 20 ft - 76-20(b),(f) | Setbacks :: At least 25 ft from the waterward extension of the neighbour's riparian line; piles at least 10 ft from it and no more than 15 ft past the end of the dock - 76-20(c),(e) | Lifts excluded :: Boat lifts, davits and whips do not count toward dock length, width or configuration - 76-20(h) | Canals :: Docks only along the property line or seawall cap, extending no more than 6 ft from the landward side of the platted property line, at least 10 ft from the extended side lines, no higher than 4 inches above the seawall (or 4.5 ft above mean high water with no seawall) - 76-26 | Canal protrusion cap :: No structure or boat may protrude more than the lesser of 20 ft or 25% of the canal width from the platted property line, or beyond 10 ft from the extended side property line - 76-28 | Canal piles and lifts :: Up to two free-standing piles per 100 ft of frontage, the lesser of 20 ft or 25% of the width out, 10 ft from side lines, 6 to 8 ft above mean high water; dolphins prohibited in canals; raised lifts and boats no more than 20 ft out - 76-27 | Canal dead ends :: 20 ft side setbacks and a 20 ft protrusion limit; free-standing piles prohibited - 76-29 | Boatlifts :: Lifts are mooring devices subject to the same location and protrusion limits; roofed, covered or enclosed boatlifts are prohibited unless the code expressly allows them - 76-2 (as amended by Ord. 07-26, 6-11-2026) | State exemption :: A private, non-commercial dock on pilings with 1,000 sq ft or less of over-water surface (500 sq ft in Outstanding Florida Waters), and the only exempt dock along 65 ft of shoreline (or one per lot if the lot is narrower), needs no state environmental permit - Fla. Stat. 403.813(1)(b). The exemption does not grant permission to use state-owned submerged lands and does not override city or county rules - 403.813(1) | Federal :: Structures in navigable waters need a Department of the Army permit, general or individual - 33 CFR 322.3(a)","Village of Tequesta Code Ch. 76 (Waterways) Secs. 76-2 (through Ord. 07-26, 6-11-2026), 76-20, 76-26 to 76-29 (Ord. 7-12, 6-14-2012); Fla. Stat. 403.813(1)(b) (2026); 33 CFR 322.3(a)",2026-10,verified,Dock,Palm Beach,3,0
tequesta,boat-lift-rules,Boat Lift Rules in Tequesta,What are the boat lift rules in Tequesta?,Allowed; no roofed or covered lifts,20 ft out (raised); 10 ft from side lines,"Tequesta defines davits, elevator, cradle and floating lifts as boatlifts and, since June 2026, prohibits roofed, covered or enclosed lifts unless the code expressly allows them. In canals a lift and the boat on it may reach no more than 20 feet from the platted property line when fully raised and must keep 10 feet from the neighbours' side lines extended; lifts on canal dead-end lots get 20-foot setbacks.","Definition and covers :: Boatlifts include elevator lifts, cradle lifts, davits and floating lifts, are treated as mooring devices with the same location and protrusion rules as docks, serve only vessels of the upland property, and may not be roofed, covered or enclosed unless the code expressly permits it - Code Sec. 76-2 (Ord. 07-26, 6-11-2026) | Canal reach :: In the fully raised position, no part of the device or boat beyond 20 feet from the landward side of the platted property line; overall protrusion no more than the lesser of 20 feet or 25% of the canal width - Secs. 76-27(h)(1), 76-28 | Side setback :: No protrusion beyond ten feet from the waterward extension of the adjacent side property lines - Sec. 76-27(h)(2) | Mounting and markings :: May be built on or supported by the seawall cap or dock; reflective markings along the full length of the lift - Sec. 76-27(h)(3)-(4) | Dead-end canals :: On canal dead-end lots, lifts 20 feet from the side lines extended and no more than 20 feet from the rear platted line when raised - Sec. 76-29(c) | Loxahatchee River and Intracoastal :: Boat lifts, davits and whips are not counted in dock length, width or configuration limits there - Sec. 76-20(h) | Next to dead ends :: Lots bordering a canal dead-end lot keep lifts 20 feet from the dead end and 5 feet from the opposite side line extended - Sec. 76-29(d) | Dolphins :: Dolphin pilings are prohibited in any canal - Sec. 76-27(g) | Boathouses :: No boathouse or enclosed boat shelter waterward of the seawall - Sec. 76-4 | State and federal :: Floating boat lifts and floating vessel platforms that meet s. 403.813(1)(s), F.S. (they float at all times, hold the vessel out of the water, and either sit inside a previously permitted slip or total no more than 500 sq ft - 200 sq ft in Outstanding Florida Waters - beside a qualifying dock or bulkhead) need no state permit; a local government may then ask only for a one-time registration unless the platform is attached to a bulkhead with no dock. Structures in navigable waters otherwise need Army Corps authorization unless exempt or under a general permit - 33 CFR 322.3(a).","Village of Tequesta Code Ch. 76, Secs. 76-2, 76-4, 76-20, 76-27 to 76-29 (Supp. 41; Ord. 7-12, 07-26); s. 403.813(1)(s), F.S. (2026); 33 CFR 322.3(a)",2026-10,verified,Dock,Palm Beach,3,0
tequesta,deck-requirements,Waterfront Deck Rules in Tequesta,What are the deck setback and railing rules in Tequesta?,,,,,,,not-started,Deck,Palm Beach,3,0
tequesta,licensed-contractors,Checking a Marine Contractor in Tequesta,How do I check a marine contractor in Tequesta?,Register by email,"State or PBC card, BTR, Village-named insurance","Tequesta registers contractors by email to permits@tequesta.org and says no registration issues until county and state requirements - including the Construction Industry Licensing Board - are met. A business tax receipt for a DBPR-regulated trade also requires showing an active state certificate, registration or licence (Code Sec. 70-43).","Documents :: General liability and comp (or exemption) with the Village of Tequesta as certificate holder, a business tax receipt, and a state certification or Palm Beach competency certification; a 'Contractor affidavit to appoint agent' covers third parties - Application for Contractor Registration | Past permits :: Online BS&A system (bsaonline.com) - search by permit number or address; contractors get a BS&A Contractor Web PIN from the Building Department, 561-768-0450 | Virtual inspections :: Offered for roofs, windows and doors, water heaters, A/C change-outs and signs | County licence :: Palm Beach County's Contractor Regulations section (Code Compliance Division, PZB) serves the Construction Industry Licensing Board under Special Act 67-1876, which requires a certificate of competency to advertise, bid or contract in the regulated trades | Marine is a county trade :: MARINE remains on the county's regulated-trades list (rev. 7/1/25): seawalls, bulkheads, revetments, docks, piers, wharfs, groins, boat lifts, davits and pile driving. Dredging and land filling was among the trades preempted on 1 July 2025 | County look-up :: County Licensed Contractor Search in the ePZB portal (pbcgov.org/ePZB.Admin.WebSPA), next to the state search; Contractor Regulations 561-233-5525 | State licence :: Search the company and the qualifier on DBPR's Verify a Licensee (myfloridalicense.com). A licence number starting with C is a state certification valid anywhere in Florida; one starting with R is a registration, good only where the holder met local competency rules - F.S. 489.105(8),(10) and the DBPR licensing page | Who may build a seawall or dock :: A certified general contractor's scope is unlimited (489.105(3)(a)). The state also certifies five marine specialties: marine specialty, marine seawall work, marine bulkhead work, marine dock work and marine pile driving - Rule 61G4-15.100(1)(b)-(f) | Workers' comp :: In construction a single employee makes coverage mandatory (440.02(20)(b)2). Up to three officers or LLC members owning at least 10% may file exemptions (440.02(18)(b)2), and the exemption certificate itself says it is not a DBPR licence (440.05(4)). Check it on the DWC data portal's Coverage and Exemptions search (dwcdataportal.fldfs.com) | Recovery fund :: For contracts signed on or after 1 July 2024 the Homeowners' Construction Recovery Fund pays at most $100,000 per claim against a Division I contractor (general, building, residential) and $30,000 against a Division II contractor, which includes the marine specialties; the lifetime caps are $2 million and $600,000 per licensee - 489.143(3),(6). Nothing is paid if the contractor was unlicensed when you signed - 489.141(2)(d) - and residential contracts over $2,500 must print the fund notice - 489.1425 | Deposits :: A contractor who takes more than 10% up front on residential work must apply for permits within 30 days and start within 90 days of the permits issuing, unless you agreed to longer in writing - 489.126(2)(a) | Three-day cancel :: If the deal was a home solicitation sale over $25 - signed away from the seller's place of business and not the result of your own request for specific goods or services - you can cancel in writing until midnight of the third business day; Sundays and federal holidays don't count - 501.021, 501.025 | Business tax is not a licence :: A contractor pays business tax where its permanent office is, and no other city or county may levy a business tax or an equivalent registration fee for temporary work there - 205.065","Village of Tequesta Application for Contractor Registration; Permits FAQ page; Inspections page; Code Sec. 70-43; PBC Contractor Regulations page; Regulated Trades / Standards for Certified Categories (rev. 7/1/25); BCAB preemption notice (1/21/2026); F.S. 489.105, 489.126, 489.141, 489.1425, 489.143, 440.02, 440.05, 501.021, 501.025, 205.065 (2026); Fla. Admin. Code R. 61G4-15.100; DBPR Construction Industry page and Verify a Licensee; DFS Division of Workers' Compensation construction exemption page and data portal",2026-10,verified,Failing,Palm Beach,3,0
tequesta,storm-prep,Storm Prep for Tequesta Waterfront Owners,What are the storm and debris rules in Tequesta?,,,,,,,not-started,Failing,Palm Beach,3,0
juno-beach,seawall-height-requirement,Juno Beach Seawall Height Requirement,How high does a seawall have to be in Juno Beach?,No minimum,set in local code,Juno Beach's code has no seawall section and sets no seawall height. Seawalls appear only in the floodplain rules and the fertilizer setback.,"Minimum :: None found | Floodplain :: In Zone V, bulkheads and seawalls need authorization from the appropriate federal, state or local authority, must stand clear of, and unattached to, buildings, and need a qualified registered design professional's analysis of floodwater diversion and wave run-up and reflection; no elevation is set - Sec. 7-27(h) (Ord. No. 687, 2016) | Fertilizer :: None within 10 ft of the top of a seawall or bulkhead, or 3 ft using a deflector shield, drop spreader or liquid applicator with a visible, sharply defined edge; new plantings may be fed in that zone only for 60 days, starting 30 days after planting - Sec. 12-155 (Ord. No. 736, 2021) | What the code covers :: Searching the town code for seawall and bulkhead returns only the floodplain and fertilizer sections; the code has no seawall, bulkhead or dock chapter","Town of Juno Beach Code of Ordinances (Municode), Ch. 7 Flood Regulations, Sec. 7-27; Ch. 12 Sec. 12-155",2026-10,verified,Compliance,Palm Beach,3,0
juno-beach,seawall-permit,Seawall Permits in Juno Beach,Do I need a permit to repair a seawall in Juno Beach?,Yes,building / floodplain permit,"Yes. Juno Beach has no seawall-specific permit section, but it adopts the Florida Building Code, which requires a permit to repair a structure, and requires floodplain permits for development in flood hazard areas. The town Building Department handles all permitting through the MGOConnect portal, and no wall may be built east of the Coastal Construction Control Line.","Town :: Florida Building Code adopted as the town building code - Sec. 6-23; development in a flood hazard area needs permits from the floodplain administrator and building official - Sec. 7-4(a) | Issuer :: Building Department, 'responsible for all permitting efforts in the Town', with permits searched and filed through MGOConnect (town Building page) | Ocean :: No wall or structure east of the CCCL except dune walkovers and viewing platforms under 144 sq ft, and no soil, sand, rock or vegetation may be disturbed there except for dune restoration and limited trimming - Sec. 34-1124 | State exemption note :: The town's Building page says the state's under-$7,500 residential exemption, effective 1 Jul 2026, is not automatic and has limits | State (FDEP) :: Restoring a seawall in place or up to 18 in. waterward can be exempt from an Environmental Resource Permit where it was damaged within the last year by a discrete event or needs only minimal backfilling, and any chapter 161 permits are obtained (s. 403.813(1)(e) F.S.; r. 62-330.051(12)(b) F.A.C.); batter piles, king piles or a cap used only to stabilize and repair a wall are also exempt (r. 62-330.051(12)(d)) | State-owned bottom :: Exempt work on sovereign submerged land still needs separate authorization under chs. 253 and 258 F.S., which the Board of Trustees grants by rule for many exempt activities (r. 62-330.051 intro; r. 18-21.005(1)(b) F.A.C.) | County :: Palm Beach County ERM's Permitting and Regulation page lists no seawall or shoreline permit program among its topics (PBC ERM Permitting and Regulation page) | Ocean side :: Seaward of the Coastal Construction Control Line a wall needs a separate state coastal construction permit; the chapter 161 repair exemption expressly excludes seawalls (s. 161.053(2)(a), (11)(a) F.S.) | Small-job exemption :: The state's under-$7,500 single-family permit exemption does not cover structural work or property in a flood hazard area (s. 553.79(1)(g)2. F.S.) | Federal :: A U.S. Army Corps of Engineers (Department of the Army) authorization is required for structures or work in or affecting navigable waters, unless exempt or covered by a nationwide or regional general permit - 33 CFR 322.3(a) (Rivers and Harbors Act s. 10)","Town of Juno Beach Code Secs. 6-23, 7-4, 34-1124 (Supp. 34); town Building page; s. 403.813(1)(e), 161.053, 553.79 F.S. (2026); r. 62-330.051, 18-21.005 F.A.C.; 33 CFR 322.3(a); PBC ERM Permitting and Regulation page",2026-10,verified,Compliance,Palm Beach,3,0
juno-beach,flood-zone,Juno Beach Flood Zone & Elevation Rules,"What flood zone is Juno Beach in, and what does it require?",+18 in above BFE,"or design flood elevation, whichever higher","Juno Beach amends the Florida Building Code to require 18 inches above base flood elevation instead of the state's 1 foot, for both homes and other buildings. It also counts improvements over ten years, from the first permit after 1 June 1993. Six extra inches over the statewide minimum applies to residential and commercial projects alike.","Freeboard (homes) :: FBC-Residential R322: BFE plus 18 inches or the design flood elevation, whichever is higher - Sec. 7-21(4). | Freeboard (other buildings) :: FBC-Building 1612: ASCE 24 or BFE plus 18 inches, whichever is higher - Sec. 7-21(2). | Substantial improvement :: Ten year period, cumulative cost of 50% or more, from the first permit issued after June 1, 1993 - Sec. 7-12. | Substantial damage :: 50 percent, plus two floods in ten years averaging 25 percent - Sec. 7-12. | Amendment history :: Chapter 7 Floodplain Regulations: Ord. No. 687 (10 Aug 2016) and Ord. No. 769 (27 Sep 2023). | More trigger points :: $487,000 building value -> $243,500 trigger; $659,000 building value -> $329,500 trigger; $743,000 building value -> $371,500 trigger. | FEMA flood map :: FEMA's Community Status Book (report dated 3 Oct 2026) lists Juno Beach as NFIP community 120208 with a current effective FIRM dated 20 Dec 2024. Zones are set parcel by parcel, so no single zone covers the whole city - check your own address. | NFIP history :: FEMA record: first flood hazard boundary map 4 Jan 1974; first FIRM 1 Dec 1978; regular NFIP program since 1 Dec 1978; entered CRS 1 Oct 1993. | Flood insurance discount :: CRS class 6 - 20% off NFIP premiums for policies in the Special Flood Hazard Area (class in effect 1 Apr 2026). | State minimum :: 2023 Florida Building Code, Residential R322.2.1 and R322.3.2 - lowest floor (A zones) or bottom of the lowest horizontal structural member (V and Coastal A zones) at BFE + 1 ft or the design flood elevation, whichever is higher. | Look up your zone :: Enter the address in FEMA's Flood Map Service Center (msc.fema.gov), the official public source for FIRMs; an elevation certificate shows how your floor compares with the BFE.","Juno Beach Code of Ordinances Ch. 7 Floodplain Regulations, Secs. 7-12, 7-21 (Ord. Nos. 687, 769); FEMA Community Status Book, Florida (www.fema.gov/cis/FL.html, report 10/03/2026); 2023 Florida Building Code, Residential R322.2.1, R322.3.2; 44 CFR 59.1; FEMA Flood Map Service Center",2026-10,verified,Compliance,Palm Beach,3,0
juno-beach,dock-permit-size,Dock Permits & Size Limits in Juno Beach,How big a dock can I build in Juno Beach?,No size limit in the code,state and federal rules govern,"Juno Beach's code has no dock projection, width, setback or height rule. The zoning chapter only defines a dock, as a structure on pilings over water used for boat anchorage and access, so a private dock's size is set in practice by the state exemption or permit and the Army Corps.","What the code says :: 'Dock' is defined as a structure built on pilings over water designed or used to provide anchorage for and access to one or more boats - Town Code Ch. 34 (Zoning) Sec. 34-4 | What it does not say :: A Municode full-text search of the Town code for 'dock' returned four sections and for 'pier' three (a spear-gun ban, park boating hours, floodplain definitions and the 34-4 definition); none sets a dock dimension or setback | Governing chapter :: Town Code Ch. 34 (Zoning); floodplain definitions in Ch. 7 | State exemption :: A private, non-commercial dock on pilings with 1,000 sq ft or less of over-water surface (500 sq ft in Outstanding Florida Waters), and the only exempt dock along 65 ft of shoreline (or one per lot if the lot is narrower), needs no state environmental permit - Fla. Stat. 403.813(1)(b). The exemption does not grant permission to use state-owned submerged lands and does not override city or county rules - 403.813(1) | Federal :: Structures in navigable waters need a Department of the Army permit, general or individual - 33 CFR 322.3(a)",Town of Juno Beach Code Ch. 34 (Zoning) Sec. 34-4; Municode full-text search of the Town code; Fla. Stat. 403.813(1)(b) (2026); 33 CFR 322.3(a),2026-10,verified,Dock,Palm Beach,3,0
juno-beach,boat-lift-rules,Boat Lift Rules in Juno Beach,What are the boat lift rules in Juno Beach?,,,,,,,not-started,Dock,Palm Beach,3,0
juno-beach,deck-requirements,Waterfront Deck Rules in Juno Beach,What are the deck setback and railing rules in Juno Beach?,,,,,,,not-started,Deck,Palm Beach,3,0
juno-beach,licensed-contractors,Checking a Marine Contractor in Juno Beach,How do I check a marine contractor in Juno Beach?,Register with the Town,MGO account verified first,"Juno Beach's permit FAQ says to create an MGO Customer Portal account and register as a contractor with the Town; only once the account is verified and the registration done can permits be applied for. Inspections are booked in MGO Connect, and inspectors take text messages only for a two-hour window request.","Contact :: (561) 626-1122 - Permits FAQ | Business tax :: The Town's business tax is levied on a permanent business location or branch office in the Town - Code Sec. 28-19 | Town Center :: 340 Ocean Drive; inspections 8 am to 4 pm weekdays, booked by 4 pm the day before | County licence :: Palm Beach County's Contractor Regulations section (Code Compliance Division, PZB) serves the Construction Industry Licensing Board under Special Act 67-1876, which requires a certificate of competency to advertise, bid or contract in the regulated trades | Marine is a county trade :: MARINE remains on the county's regulated-trades list (rev. 7/1/25): seawalls, bulkheads, revetments, docks, piers, wharfs, groins, boat lifts, davits and pile driving. Dredging and land filling was among the trades preempted on 1 July 2025 | County look-up :: County Licensed Contractor Search in the ePZB portal (pbcgov.org/ePZB.Admin.WebSPA), next to the state search; Contractor Regulations 561-233-5525 | State licence :: Search the company and the qualifier on DBPR's Verify a Licensee (myfloridalicense.com). A licence number starting with C is a state certification valid anywhere in Florida; one starting with R is a registration, good only where the holder met local competency rules - F.S. 489.105(8),(10) and the DBPR licensing page | Who may build a seawall or dock :: A certified general contractor's scope is unlimited (489.105(3)(a)). The state also certifies five marine specialties: marine specialty, marine seawall work, marine bulkhead work, marine dock work and marine pile driving - Rule 61G4-15.100(1)(b)-(f) | Workers' comp :: In construction a single employee makes coverage mandatory (440.02(20)(b)2). Up to three officers or LLC members owning at least 10% may file exemptions (440.02(18)(b)2), and the exemption certificate itself says it is not a DBPR licence (440.05(4)). Check it on the DWC data portal's Coverage and Exemptions search (dwcdataportal.fldfs.com) | Recovery fund :: For contracts signed on or after 1 July 2024 the Homeowners' Construction Recovery Fund pays at most $100,000 per claim against a Division I contractor (general, building, residential) and $30,000 against a Division II contractor, which includes the marine specialties; the lifetime caps are $2 million and $600,000 per licensee - 489.143(3),(6). Nothing is paid if the contractor was unlicensed when you signed - 489.141(2)(d) - and residential contracts over $2,500 must print the fund notice - 489.1425 | Deposits :: A contractor who takes more than 10% up front on residential work must apply for permits within 30 days and start within 90 days of the permits issuing, unless you agreed to longer in writing - 489.126(2)(a) | Three-day cancel :: If the deal was a home solicitation sale over $25 - signed away from the seller's place of business and not the result of your own request for specific goods or services - you can cancel in writing until midnight of the third business day; Sundays and federal holidays don't count - 501.021, 501.025 | Business tax is not a licence :: A contractor pays business tax where its permanent office is, and no other city or county may levy a business tax or an equivalent registration fee for temporary work there - 205.065","Town of Juno Beach Permits FAQ (QID 65); Code Sec. 28-19; PBC Contractor Regulations page; Regulated Trades / Standards for Certified Categories (rev. 7/1/25); BCAB preemption notice (1/21/2026); F.S. 489.105, 489.126, 489.141, 489.1425, 489.143, 440.02, 440.05, 501.021, 501.025, 205.065 (2026); Fla. Admin. Code R. 61G4-15.100; DBPR Construction Industry page and Verify a Licensee; DFS Division of Workers' Compensation construction exemption page and data portal",2026-10,verified,Failing,Palm Beach,3,0
juno-beach,storm-prep,Storm Prep for Juno Beach Waterfront Owners,What are the storm and debris rules in Juno Beach?,Remove on a watch,beach-stored watercraft,"Juno Beach allows only non-motorized watercraft to be stored on the beach, by town permit, and owners must remove them on notice of a hurricane watch; failing to comply within 48 hours can cost the permit and lead to impoundment. After a declared disaster the town clears debris from public and private streets, with private-road owners holding the town harmless.","Beach storage :: Storage of nonmotorized watercraft on the beach requires a town permit; no motorized watercraft may be stored on the beach or dune - Code Sec. 18-100(a) | Hurricane watch :: Upon notification of a hurricane watch from the county's division of emergency management or area news weather stations, the owner shall remove the watercraft - Sec. 18-100(d)(4); failure to comply within 48 hours results in permit revocation and may result in boat impoundment - Sec. 18-100(d)(6) | Street debris :: After the mayor declares a state of emergency, the town may clear debris from public and private streets and rights-of-way, including private communities; owners of private roads hold the town harmless, and removal is limited to eliminating an imminent threat - Sec. 22-1 (Ord. 598)","Town of Juno Beach Code of Ordinances Secs. 18-100, 22-1 (Municode)",2026-10,verified,Failing,Palm Beach,3,0
riviera-beach,seawall-height-requirement,Riviera Beach Seawall Height Requirement,How high does a seawall have to be in Riviera Beach?,No minimum,set in local code,"Riviera Beach sets no seawall height. Dock permits must show the existing top-of-seawall elevation, but no minimum is required.","Minimum :: None set | Dock plans :: Must show top of seawall elevation (information only) - Sec. 31-557 | Bulkhead lines :: Lake Worth bulkhead lines and fill limits - Ch. 22 Art. III, Sec. 22-61 to 22-67 | Floodplain :: Seawalls listed as other development, no elevation - Sec. 25-37 | Lake Worth bulkhead lines :: Between the mainland and the Intracoastal the line is split at Blue Heron Boulevard (State Road 703) and follows U.S. harbor line points approved in 1926; a separate line covers the east side - Sec. 22-61, 22-62 | Fill ban :: Since 27 Feb 1963 no fill beyond those lines; added lines near Phil Foster Park follow a county map of 21 March 1972 - Sec. 22-63, 22-64 | Extending land :: City council permit with the city engineer's approval of plans, valid two years - Sec. 22-65, 22-66","City of Riviera Beach Code, Ch. 22 Art. III Bulkhead Lines on Lake Worth; Ch. 31 Sec. 31-557 Residential docks",2026-10,verified,Compliance,Palm Beach,3,0
riviera-beach,seawall-permit,Seawall Permits in Riviera Beach,Do I need a permit to repair a seawall in Riviera Beach?,Yes,building permit,"Yes. Riviera Beach incorporates the Florida Building Code, plus city amendments recommended by the county advisory board, as its building code, so seawall repair needs a building permit. Since 1963 no fill may be placed channel-ward of the city's Lake Worth bulkhead lines.","City :: Florida Building Code incorporated as the city's building code, with the 'Riviera Beach Amendments to the Florida Building Code 7th Edition (2020)', as recommended by the Palm Beach County Building Code Advisory Board, kept on file at the building division - Sec. 22-31 | Bulkhead lines :: Since 27 Feb 1963 no fill or extension of land channel-ward of the bulkhead lines in Lake Worth - Secs. 22-61, 22-63; the line west of the Intracoastal runs from U.S. harbor line point no. 71 (approved 1926) north toward Blue Heron Boulevard - Sec. 22-61(a) | Docks :: Dock permits need PE-sealed plans showing the top-of-seawall elevation plus written DEP or SFWMD and Army Corps authorization (a DEP self-certification printout can suffice) - Sec. 31-557(f)(2) | State (FDEP) :: Restoring a seawall in place or up to 18 in. waterward can be exempt from an Environmental Resource Permit where it was damaged within the last year by a discrete event or needs only minimal backfilling, and any chapter 161 permits are obtained (s. 403.813(1)(e) F.S.; r. 62-330.051(12)(b) F.A.C.); batter piles, king piles or a cap used only to stabilize and repair a wall are also exempt (r. 62-330.051(12)(d)) | State-owned bottom :: Exempt work on sovereign submerged land still needs separate authorization under chs. 253 and 258 F.S., which the Board of Trustees grants by rule for many exempt activities (r. 62-330.051 intro; r. 18-21.005(1)(b) F.A.C.) | County :: Palm Beach County ERM's Permitting and Regulation page lists no seawall or shoreline permit program among its topics (PBC ERM Permitting and Regulation page) | Ocean side :: Seaward of the Coastal Construction Control Line a wall needs a separate state coastal construction permit; the chapter 161 repair exemption expressly excludes seawalls (s. 161.053(2)(a), (11)(a) F.S.) | Small-job exemption :: The state's under-$7,500 single-family permit exemption does not cover structural work or property in a flood hazard area (s. 553.79(1)(g)2. F.S.) | Federal :: A U.S. Army Corps of Engineers (Department of the Army) authorization is required for structures or work in or affecting navigable waters, unless exempt or covered by a nationwide or regional general permit - 33 CFR 322.3(a) (Rivers and Harbors Act s. 10)","City of Riviera Beach Code Ch. 22 Secs. 22-31, 22-61, 22-63; Sec. 31-557 (Supp. 65); s. 403.813(1)(e), 161.053, 553.79 F.S. (2026); r. 62-330.051, 18-21.005 F.A.C.; 33 CFR 322.3(a); PBC ERM Permitting and Regulation page",2026-10,verified,Compliance,Palm Beach,3,0
riviera-beach,flood-zone,Riviera Beach Flood Zone & Elevation Rules,"What flood zone is Riviera Beach in, and what does it require?",BFE +1 ft (state code),no extra city freeboard found,"Riviera Beach's Chapter 25 uses the plain 50% substantial-improvement test without a look-back period and sets no freeboard for ordinary buildings, so the Florida Building Code floor applies. Critical facilities must be at BFE plus 3 feet. Each project stands alone in the calculation - earlier permits are not added in.","Substantial improvement / damage :: 50 percent of market value, no cumulative period - Sec. 25-21. | Critical facilities :: Lowest floor at BFE plus three feet - Sec. 25-31 (Ord. Nos. 4088, 4175). | Accessory structures :: Flood damage-resistant materials below BFE + 1 ft and mechanical, plumbing and electrical systems at or above BFE + 1 ft - Sec. 25-31. | No-BFE areas :: The BFE may be specified as two feet above the highest adjacent grade where no data exist - Sec. 25-5. | More trigger points :: $169,000 building value -> $84,500 trigger; $287,000 building value -> $143,500 trigger; $339,000 building value -> $169,500 trigger. | FEMA flood map :: FEMA's Community Status Book (report dated 3 Oct 2026) lists Riviera Beach as NFIP community 125142 with a current effective FIRM dated 20 Dec 2024. Zones are set parcel by parcel, so no single zone covers the whole city - check your own address. | NFIP history :: FEMA record: first FIRM 27 Sep 1972; regular NFIP program since 22 Sep 1972; entered CRS 1 May 2016. | Flood insurance discount :: CRS class 8 - 10% off NFIP premiums for policies in the Special Flood Hazard Area (class in effect 1 Oct 2022). | State minimum :: 2023 Florida Building Code, Residential R322.2.1 and R322.3.2 - lowest floor (A zones) or bottom of the lowest horizontal structural member (V and Coastal A zones) at BFE + 1 ft or the design flood elevation, whichever is higher. | Look up your zone :: Enter the address in FEMA's Flood Map Service Center (msc.fema.gov), the official public source for FIRMs; an elevation certificate shows how your floor compares with the BFE.","Riviera Beach Code of Ordinances Ch. 25 Floodplain Management, Secs. 25-21, 25-31; FEMA Community Status Book, Florida (www.fema.gov/cis/FL.html, report 10/03/2026); 2023 Florida Building Code, Residential R322.2.1, R322.3.2; 44 CFR 59.1; FEMA Flood Map Service Center",2026-10,verified,Compliance,Palm Beach,3,0
riviera-beach,dock-permit-size,Dock Permits & Size Limits in Riviera Beach,How big a dock can I build in Riviera Beach?,25% of waterbody width,or a canal-by-canal cap (21-75 ft); 200 ft max off canals,"Riviera Beach caps residential docks at 25% of the waterbody's width, with a lower fixed limit named for each canal: 21 ft in the Lake Park Marina Canal, 30 ft in the Wilma Circle, Gulfstream Way/Bimini Lane and Grand Bahama Lane canals, 40 ft in the Morse Boulevard/Powell Drive Canal, and up to 75 ft in the Yacht Harbor Canal. Outside canals the limit is 25% or 200 ft, whichever is less. All structures keep 5 ft from the side lines.","Canals :: Docks and related facilities may extend no more than 25% of the waterbody width or the canal's own limit, whichever is less: Lake Park Marina Canal 21 ft; Wilma Circle Canal 30 ft (subject to any agreement with the submerged-land owner, Inlet Marina of Palm Beach, Ltd.); Gulfstream Way/Bimini Lane Canal 30 ft; Grand Bahama Lane Canal 30 ft; Morse Boulevard/Powell Drive Canal 40 ft; Sugar Sands Canal 30 ft for Singer Drive properties, 40 ft for others; Yacht Harbor Canal 75 ft on the north and south sides, 35 ft on the east side - Zoning 31-557(c)(1) | Shore Drive/Palm Drive canal :: 33% of the width or 25 ft, whichever is less; boats may obstruct no more than 33% - 31-557(c)(1) | Canal dock shapes :: Marginal docks up to 8 ft from the bulkhead; shore-normal and finger docks no wider than 8 ft; no dock closer to the extended side line than half its extension - 31-557(c)(1)a-d | Other waterbodies :: No more than 25% of the waterbody width or 200 ft, whichever is less; marginal docks up to 12 ft out; shore-normal and finger docks up to 10 ft wide (12 ft for multifamily) - 31-557(d)(1) | Side lines :: All structures 5 ft from the side lines; on state-owned submerged land the side lines are the riparian lines - 31-557(a), (c)(1), (d)(1) | Boats :: Canals: no more than 30% of the width obstructed, and on the north side of the Sugar Sands Canal no more than 30 ft from the seawall; other waters 25%; no part of a boat past the side lines - 31-557(c)(1), (d)(1) | Shared zero setback :: At a canal dead end or inside corner in RS-5, abutting owners may build to the side line together, with consent, if one lot has under 75 ft of frontage - 31-557(e) | Other rules :: No roofs or enclosures; guest boats no more than 60 nights a year; ladder to 1 ft below mean low water - 31-557(e) | Permit :: Building permit with sealed engineer's plans showing neighbouring docks within 100 ft, plus written DEP or SFWMD and Army Corps authorization (a DEP self-certification printout qualifies) - 31-557(f) | Measuring :: From the property line of the lot the dock serves - 31-557(i) | State exemption :: A private, non-commercial dock on pilings with 1,000 sq ft or less of over-water surface (500 sq ft in Outstanding Florida Waters), and the only exempt dock along 65 ft of shoreline (or one per lot if the lot is narrower), needs no state environmental permit - Fla. Stat. 403.813(1)(b). The exemption does not grant permission to use state-owned submerged lands and does not override city or county rules - 403.813(1) | Federal :: Structures in navigable waters need a Department of the Army permit, general or individual - 33 CFR 322.3(a)","City of Riviera Beach Code Ch. 31 (Zoning) Sec. 31-557 (Ord. 3076, 4-7-10); Fla. Stat. 403.813(1)(b) (2026); 33 CFR 322.3(a)",2026-10,verified,Dock,Palm Beach,3,0
riviera-beach,boat-lift-rules,Boat Lift Rules in Riviera Beach,What are the boat lift rules in Riviera Beach?,"Allowed; 5 ft side setback, canal-by-canal caps",no roofs or coverings,"Riviera Beach treats boat lifts as residential marine facilities. They must stay 5 feet from the side lines, may not have walls, roofs or coverings, and in canals may reach 25% of the canal width or a canal-specific cap, whichever is less - 21 feet in the Lake Park Marina Canal, 40 feet on Morse Boulevard/Powell Drive, 75 feet on the north and south sides of Yacht Harbor.","Allowed :: Boat lifts are residential docks and related marine facilities, permitted as an accessory use in all residential districts - Code Sec. 31-557(a)-(b) | Side setback :: 5 feet from the side lines - Sec. 31-557(c)(1), (d)(1) | Canal reach :: 25% of the waterbody width or: Lake Park Marina Canal 21 ft; Wilma Circle 30 ft; Gulfstream Way/Bimini Lane 30 ft; Grand Bahama Lane 30 ft; Morse Blvd/Powell Dr 40 ft; Sugar Sands 30 ft on Singer Drive, 40 ft elsewhere; Yacht Harbor 75 ft north and south, 35 ft east - whichever is less; Shore Drive/Palm Drive 33% or 25 ft - Sec. 31-557(c)(1) | Other waters :: 25% of the width or 200 feet, whichever is less - Sec. 31-557(d)(1) | Covers :: Residential docks and related marine facilities may not contain walls, roofs, coverings or enclosures (dock boxes, fish tables, utility pedestals and trash cans excepted) - Sec. 31-557(e) | Boats :: Vessels may not obstruct more than 30% of a canal (33% on Shore Drive/Palm Drive) or extend past the side lines - Sec. 31-557(c)(1) | State and federal :: Floating boat lifts and floating vessel platforms that meet s. 403.813(1)(s), F.S. (they float at all times, hold the vessel out of the water, and either sit inside a previously permitted slip or total no more than 500 sq ft - 200 sq ft in Outstanding Florida Waters - beside a qualifying dock or bulkhead) need no state permit; a local government may then ask only for a one-time registration unless the platform is attached to a bulkhead with no dock. Structures in navigable waters otherwise need Army Corps authorization unless exempt or under a general permit - 33 CFR 322.3(a).","City of Riviera Beach Code Sec. 31-557 (Supp. 65); s. 403.813(1)(s), F.S. (2026); 33 CFR 322.3(a)",2026-10,verified,Dock,Palm Beach,3,0
riviera-beach,deck-requirements,Waterfront Deck Rules in Riviera Beach,What are the deck setback and railing rules in Riviera Beach?,0 ft,pool decks may extend to the rear line and connect to a dock on the water,"Riviera Beach normally keeps pool decks, platforms and screen enclosures 7 ft from the rear line, but when the lot abuts a body of water the pool deck may extend to the property line and tie into a permitted dock. The pool's water's edge still stays 7 ft back.","Rear yard :: A minimum 7 ft setback from the rear property line to a pool deck or platform, infinity-edge catch basin or screen enclosure; however, pool decks may extend to the property line and connect to a permitted dock and its decking when abutting a body of water. Water's edge 7 ft from the rear line. Code Sec. 31-546(1). | Side and corner :: 7 ft from side lines; corner lots 12.5 ft from the street sides; through lots 10 ft at the functional rear. Sec. 31-546(2)-(4). | Other pool rules :: 20 inch walk space between walls/screens and water; screening at least 5 ft where visible from a street; a patio next to the pool must drain away from the pool and not onto neighbors. Sec. 31-546. | Oceanfront and commercial :: East of North Ocean Drive the pool setback is measured from the 1997 Coastal Construction Control Line; commercial pools need at least 450 sq ft and a 4 ft walkway around. Sec. 31-546. | Where it lives :: Chapter 31 Zoning, Sec. 31-546 'Swimming pools'; residential docks are in Sec. 31-557. | Hedge spec :: A screening hedge must be continuous and dense, planted no more than 24 inches on center from 3-gallon or larger containers. Sec. 31-546(7). | Guards (state rule) :: Florida Building Code, Residential, 8th Edition (2023), Sec. R312.1.1-R312.1.3: a guard is required on open sides of a walking surface located more than 30 inches above the floor or grade below at any point within 24 inches of the open edge; it must be at least 36 inches high; openings must not let a 4-inch sphere pass. No local guard amendment was found in this city's code.","City of Riviera Beach Code Sec. 31-546 (Supp. 65); Florida Building Code, Residential, 8th Ed. (2023) R312.1.1-R312.1.3 (ICC Digital Codes)",2026-10,verified,Deck,Palm Beach,3,0
riviera-beach,licensed-contractors,Checking a Marine Contractor in Riviera Beach,How do I check a marine contractor in Riviera Beach?,,,,,,,not-started,Failing,Palm Beach,3,0
riviera-beach,storm-prep,Storm Prep for Riviera Beach Waterfront Owners,What are the storm and debris rules in Riviera Beach?,,,,,,,not-started,Failing,Palm Beach,3,0
lantana,seawall-height-requirement,Lantana Seawall Height Requirement,How high does a seawall have to be in Lantana?,No minimum,set in local code,Lantana sets no seawall height. Its waterway rules only fix the bulkhead line on Lake Worth.,"Minimum :: None set | Bulkhead line :: Adopted by map; no building beyond it - Ch. 5 Art. IV, Sec. 5-51 to 5-53 | Setback :: 20 ft from the high-water line or existing seawall, whichever is greater, on lots bordering Lake Worth, plus 3 ft per story above two stories - Sec. 23-81(b) | Floodplain :: Seawalls listed as other development, no elevation - Sec. 6-101 | Bulkhead map :: R-56-008 (October 1956, amended 27 June 1966). No filling beyond it since 10 Nov 1958, and each day unlawful fill remains is a separate offense - Sec. 5-51, 5-53 | Artificial turf :: Next to a seawall, turf must be pinned or staked behind the wall; nothing may be attached to or placed on the seawall or cap - Sec. 10.5-23","Town of Lantana Code, Ch. 5 Beaches, Boats, Waterways, Art. IV (Secs. 5-51 to 5-53); Ch. 23 Sec. 23-81; Ch. 10.5 Sec. 10.5-23",2026-10,verified,Compliance,Palm Beach,3,0
lantana,seawall-permit,Seawall Permits in Lantana,Do I need a permit to repair a seawall in Lantana?,Yes,building permit,"Yes. Lantana's Building Division lists seawalls and structural repairs among projects that need a permit. Its checklist asks for engineer drawings, two copies of the DEP permit or self-certification, and a survey showing the seawall's location, depth and distance from the existing wall; fees are cash or check only.","Town :: Permit list includes 'Docks, boatlifts, seawalls, and other water-related development' and 'Structural repairs' (Building Permits page); Florida Building Code as adopted by Palm Beach County incorporated - Sec. 6-16 | Issuer :: Building Division of the Development Services Department; applications and plans by mail or in person, with a digital copy (Building Permits page); fees are collected at submittal by cash, check or money order only, with no credit cards or online payments (Building Permitting FAQ) | Checklist :: Florida-registered engineer drawings; two copies of the DEP permit or self-certification; for seawalls, location, depth and distance from the existing seawall; a Notice of Commencement before inspection for permits over $2,500; dock rules in Sec. 23-134; no dredging for new docks, maintenance dredging allowed (Piers, Docks & Seawalls Checklist); applicants wanting expedited review under Chapter 553 must say so when they apply (Building Permits page) | Bulkhead line :: No building may be constructed or maintained beyond the bulkhead line - Sec. 5-52 | Permit life :: Work counts as in active progress only if the permit gets an approved inspection within six months; the Building Official may grant written extensions of up to three months each, requested in writing with justifiable cause before the permit runs out (Building Permits page) | State (FDEP) :: Restoring a seawall in place or up to 18 in. waterward can be exempt from an Environmental Resource Permit where it was damaged within the last year by a discrete event or needs only minimal backfilling, and any chapter 161 permits are obtained (s. 403.813(1)(e) F.S.; r. 62-330.051(12)(b) F.A.C.); batter piles, king piles or a cap used only to stabilize and repair a wall are also exempt (r. 62-330.051(12)(d)) | State-owned bottom :: Exempt work on sovereign submerged land still needs separate authorization under chs. 253 and 258 F.S., which the Board of Trustees grants by rule for many exempt activities (r. 62-330.051 intro; r. 18-21.005(1)(b) F.A.C.) | County :: Palm Beach County ERM's Permitting and Regulation page lists no seawall or shoreline permit program among its topics (PBC ERM Permitting and Regulation page) | Ocean side :: Seaward of the Coastal Construction Control Line a wall needs a separate state coastal construction permit; the chapter 161 repair exemption expressly excludes seawalls (s. 161.053(2)(a), (11)(a) F.S.) | Small-job exemption :: The state's under-$7,500 single-family permit exemption does not cover structural work or property in a flood hazard area (s. 553.79(1)(g)2. F.S.) | Federal :: A U.S. Army Corps of Engineers (Department of the Army) authorization is required for structures or work in or affecting navigable waters, unless exempt or covered by a nationwide or regional general permit - 33 CFR 322.3(a) (Rivers and Harbors Act s. 10)","Town of Lantana Building Permits page and Building Permitting FAQ; Piers, Docks & Seawalls Checklist; Code Secs. 5-52, 6-16 (Supp. 75); s. 403.813(1)(e), 161.053, 553.79 F.S. (2026); r. 62-330.051, 18-21.005 F.A.C.; 33 CFR 322.3(a); PBC ERM Permitting and Regulation page",2026-10,verified,Compliance,Palm Beach,3,0
lantana,flood-zone,Lantana Flood Zone & Elevation Rules,"What flood zone is Lantana in, and what does it require?",BFE +1 ft (state code),no extra town freeboard found,"Lantana adopts its floodplain ordinance through Code Section 6-101, uses the plain 50% substantial-improvement test, and limits decks and patios in V zones: one more than 12 inches thick is not approved without a registered design professional's analysis showing no harmful diversion of floodwater.","Substantial improvement / damage :: 50 percent of market value, no cumulative period - Sec. 6-101 (ordinance definitions). | V-zone decks and patios :: Over 12 in vertical thickness, or more than minimum fill, requires a registered design professional's analysis; 12 in or less at natural grade may be approved without - Sec. 6-101 (ordinance 307.6). | FEMA flood map :: FEMA's Community Status Book (report dated 3 Oct 2026) lists Lantana as NFIP community 120214 with a current effective FIRM dated 20 Dec 2024. Zones are set parcel by parcel, so no single zone covers the whole city - check your own address. | NFIP history :: FEMA record: first FIRM 12 Mar 1971; regular NFIP program since 12 Mar 1971; entered CRS 1 Oct 1994. | Flood insurance discount :: CRS class 8 - 10% off NFIP premiums for policies in the Special Flood Hazard Area (class in effect 1 Oct 2020). | State minimum :: 2023 Florida Building Code, Residential R322.2.1 and R322.3.2 - lowest floor (A zones) or bottom of the lowest horizontal structural member (V and Coastal A zones) at BFE + 1 ft or the design flood elevation, whichever is higher. | Look up your zone :: Enter the address in FEMA's Flood Map Service Center (msc.fema.gov), the official public source for FIRMs; an elevation certificate shows how your floor compares with the BFE.","Lantana Code of Ordinances Ch. 6 Art. VII Floodplain Management, Sec. 6-101; FEMA Community Status Book, Florida (www.fema.gov/cis/FL.html, report 10/03/2026); 2023 Florida Building Code, Residential R322.2.1, R322.3.2; 44 CFR 59.1; FEMA Flood Map Service Center",2026-10,verified,Compliance,Palm Beach,3,0
lantana,dock-permit-size,Dock Permits & Size Limits in Lantana,How big a dock can I build in Lantana?,"1,000 sq ft; 25% of width; 100 ft long",max area / max share of water body / max length,"Lantana caps a residential dock at 1,000 sq ft in total, 25% of the water body's width, and 100 ft from the bulkhead or mean high water line, unless the water at 100 ft is shallower than 3.5 ft at low tide. Docks may be no wider than 6 ft and may not be built within 200 ft of the Intracoastal Waterway's navigable channel. No dredging is allowed for a new dock.","Area :: No dock may exceed 1,000 sq ft in overall area - Town Code 23-134(a)(1) | Length :: No more than 25% of the water body width at that spot, and never more than 100 ft from the bulkhead line or mean high water line unless the depth at 100 ft is under 3.5 ft at mean low tide or the permitting agencies need a longer dock to avoid environmental harm; then only the minimum extra length - 23-134(a)(2) | Channel :: No dock within 200 ft of an established navigable channel (Intracoastal Waterway) - 23-134(a)(3) | Width :: No wider than 6 ft - 23-134(a)(4) | Side setback :: Docks and mooring piles at least 25 ft from the shared property lines; marginal docks along a bulkhead 10 ft - 23-134(a)(5) | T and L heads :: The lateral segment no longer than 35 ft or wider than 10 ft; terminal platforms no larger than 200 sq ft and no wider than 10 ft - 23-134(a)(6)-(7) | Permit :: Drawings certified by a Florida engineer approved by the Town building official; docks over 100 ft need certified depth documentation; boat lifts and covers need a separate building permit with a survey - 23-134(a)(9), (c) | Variance :: Standards can change only with other agencies' approval plus a Town Council variance on the Zoning Board of Appeals' recommendation - 23-134(a)(10) | Prohibited :: No dredging for new docks; no houseboats, live-aboards, floating structures or seaplanes tied to docks; no commercial use - 23-134(a)(11)-(13) | Commercial docks :: Allowed only by special exception in the C1, C2, industrial and P districts, after state and federal approvals; no dredging; new marinas need sewer pump-outs, and renovations over $5,000 must add them; a discharge management contingency plan and contamination prevention plan go to the development services director - 23-134(b) | State exemption :: A private, non-commercial dock on pilings with 1,000 sq ft or less of over-water surface (500 sq ft in Outstanding Florida Waters), and the only exempt dock along 65 ft of shoreline (or one per lot if the lot is narrower), needs no state environmental permit - Fla. Stat. 403.813(1)(b). The exemption does not grant permission to use state-owned submerged lands and does not override city or county rules - 403.813(1) | Federal :: Structures in navigable waters need a Department of the Army permit, general or individual - 33 CFR 322.3(a)","Town of Lantana Code Ch. 23 (Zoning) Sec. 23-134 (through Ord. O-02-2025, 6-9-25); Fla. Stat. 403.813(1)(b) (2026); 33 CFR 322.3(a)",2026-10,verified,Dock,Palm Beach,3,0
lantana,boat-lift-rules,Boat Lift Rules in Lantana,What are the boat lift rules in Lantana?,Allowed; lift and lift cover need a building permit,survey in duplicate,"Lantana requires a building permit before a boat lift or boat lift cover is built, put up or structurally altered. The application needs a scaled survey in duplicate showing the dock the lift attaches to, the size of the lift or cover and where it sits on the dock. Residential docks themselves are capped at 1,000 square feet, 25% of the water body and 100 feet, and must keep 25 feet from neighbouring property lines.","Permit :: No boat lift or boat lift cover may be constructed, erected or structurally altered until the building official issues a building permit; lifts and covers must meet the town building code - Code Sec. 23-134(c) | Application :: A survey in duplicate, drawn to scale, showing the actual dimensions of the pier or dock, the size of the lift or cover and its location on the pier or dock - Sec. 23-134(c) | Covers :: Boat lift covers are allowed with that permit - Sec. 23-134(c) | Dock limits :: Residential docks no larger than 1,000 square feet, no longer than 25% of the water body width or 100 feet (longer only to reach 3.5 feet of water or for environmental reasons), no closer than 200 feet to the Intracoastal channel - Sec. 23-134(a)(1)-(3) | Side setback :: Piers, docks and mooring pilings at least 25 feet from the joint property lines; marginal docks 10 feet - Sec. 23-134(a)(5) | Floating structures :: No floating structures, houseboats or live-aboards may be tied to a residential dock - Sec. 23-134(a)(11) | Engineer :: Dock drawings certified by a Florida engineer and approved by the building official - Sec. 23-134(a)(9) | Dock heads :: A 'T' or 'L' head no longer than 35 feet or wider than 10 feet, terminal platforms no more than 200 square feet; one fixed white light at the terminal, no blinking lights; no dredging for new docks - Sec. 23-134(a)(6)-(8), (12) | State and federal :: Floating boat lifts and floating vessel platforms that meet s. 403.813(1)(s), F.S. (they float at all times, hold the vessel out of the water, and either sit inside a previously permitted slip or total no more than 500 sq ft - 200 sq ft in Outstanding Florida Waters - beside a qualifying dock or bulkhead) need no state permit; a local government may then ask only for a one-time registration unless the platform is attached to a bulkhead with no dock. Structures in navigable waters otherwise need Army Corps authorization unless exempt or under a general permit - 33 CFR 322.3(a).","Town of Lantana Code Sec. 23-134 (Supp. 75; Ord. O-02-2025); s. 403.813(1)(s), F.S. (2026); 33 CFR 322.3(a)",2026-10,verified,Dock,Palm Beach,3,0
lantana,deck-requirements,Waterfront Deck Rules in Lantana,What are the deck setback and railing rules in Lantana?,20 ft,from the high water line or seawall on Lake Worth lots (aboveground structures),"Lantana sets a 20 ft setback from the high water line or the existing seawall, whichever is greater, for aboveground structures on Lake Worth lots. A patio or deck with less than 8 inches of vertical relief above the surrounding grade is not 'aboveground' for that rule, and patios are left out of lot coverage unless screened.","Lake Worth lots :: 20 ft from the high water line or existing seawall, whichever is greater, plus 3 ft per story above two stories; applies only to aboveground structures. A structure with vertical relief under 8 inches above the prevailing grade (average ground within 24 inches) is not aboveground for this setback but still meets the district's other setbacks. Code Sec. 23-81(b). | Fences on the water :: Walls, fences and hedges max 4 ft for at least 30 ft upland of the high water mark, seawall or bulkhead (open mesh to 6 ft). Sec. 23-81. | Lot coverage :: Counts all above-grade roofed structures and all pools, but excludes patio areas unless a screen enclosure is provided; R1 maximum 40%. Secs. 23-81(l), 23-93. | Accessory uses :: Must sit in the side or rear yard at least 6 ft from the principal building. Sec. 23-81(c). | Front yard paving :: Driveways, walkways and patios may cover no more than 50% of the R1 required front yard; Turf-block or similar pervious pavers do not count as hard-surfaced. Sec. 23-93. | Through lots :: On double-frontage lots the required front yard applies on each street. Sec. 23-81(d). | Upkeep :: Landscaping along waterfront fences must be neatly maintained, trimmed and kept healthy. Sec. 23-81. | Guards (state rule) :: Florida Building Code, Residential, 8th Edition (2023), Sec. R312.1.1-R312.1.3: a guard is required on open sides of a walking surface located more than 30 inches above the floor or grade below at any point within 24 inches of the open edge; it must be at least 36 inches high; openings must not let a 4-inch sphere pass. No local guard amendment was found in this town's code.","Town of Lantana Code Ch. 23 Secs. 23-81, 23-93 (Supp. 75); Florida Building Code, Residential, 8th Ed. (2023) R312.1.1-R312.1.3 (ICC Digital Codes)",2026-10,verified,Deck,Palm Beach,3,0
lantana,licensed-contractors,Checking a Marine Contractor in Lantana,How do I check a marine contractor in Lantana?,Registration form + county BTR,paper and email permits; cash or cheque,"Lantana's Contractor Registration Form asks for a state licence or competency, a county business tax receipt from your local county, and liability and workers' comp naming the Town as certificate holder. Seawalls, docks and boatlifts need a building permit, applications go in by mail or in person with a digital copy, and the Town takes cash, cheque or money order only.","Registration :: Building Division, 504 Greynolds Circle, (561) 540-5780, BuildingPermit@Lantana.org - Contractor Registration Form (rev. 12-2020) | Waterfront :: 'Docks, boatlifts, seawalls, and other water-related development' are on the list of projects needing a permit; there is a Piers, Docks & Seawalls Checklist | Expiry :: A permit lapses without an approved inspection in six months; the Building Official may extend in writing for up to three months at a time; inspection line 561-540-5788 | County licence :: Palm Beach County's Contractor Regulations section (Code Compliance Division, PZB) serves the Construction Industry Licensing Board under Special Act 67-1876, which requires a certificate of competency to advertise, bid or contract in the regulated trades | Marine is a county trade :: MARINE remains on the county's regulated-trades list (rev. 7/1/25): seawalls, bulkheads, revetments, docks, piers, wharfs, groins, boat lifts, davits and pile driving. Dredging and land filling was among the trades preempted on 1 July 2025 | County look-up :: County Licensed Contractor Search in the ePZB portal (pbcgov.org/ePZB.Admin.WebSPA), next to the state search; Contractor Regulations 561-233-5525 | State licence :: Search the company and the qualifier on DBPR's Verify a Licensee (myfloridalicense.com). A licence number starting with C is a state certification valid anywhere in Florida; one starting with R is a registration, good only where the holder met local competency rules - F.S. 489.105(8),(10) and the DBPR licensing page | Who may build a seawall or dock :: A certified general contractor's scope is unlimited (489.105(3)(a)). The state also certifies five marine specialties: marine specialty, marine seawall work, marine bulkhead work, marine dock work and marine pile driving - Rule 61G4-15.100(1)(b)-(f) | Workers' comp :: In construction a single employee makes coverage mandatory (440.02(20)(b)2). Up to three officers or LLC members owning at least 10% may file exemptions (440.02(18)(b)2), and the exemption certificate itself says it is not a DBPR licence (440.05(4)). Check it on the DWC data portal's Coverage and Exemptions search (dwcdataportal.fldfs.com) | Recovery fund :: For contracts signed on or after 1 July 2024 the Homeowners' Construction Recovery Fund pays at most $100,000 per claim against a Division I contractor (general, building, residential) and $30,000 against a Division II contractor, which includes the marine specialties; the lifetime caps are $2 million and $600,000 per licensee - 489.143(3),(6). Nothing is paid if the contractor was unlicensed when you signed - 489.141(2)(d) - and residential contracts over $2,500 must print the fund notice - 489.1425 | Deposits :: A contractor who takes more than 10% up front on residential work must apply for permits within 30 days and start within 90 days of the permits issuing, unless you agreed to longer in writing - 489.126(2)(a) | Three-day cancel :: If the deal was a home solicitation sale over $25 - signed away from the seller's place of business and not the result of your own request for specific goods or services - you can cancel in writing until midnight of the third business day; Sundays and federal holidays don't count - 501.021, 501.025 | Business tax is not a licence :: A contractor pays business tax where its permanent office is, and no other city or county may levy a business tax or an equivalent registration fee for temporary work there - 205.065","Town of Lantana Contractor Registration Form; Building Permits page; PBC Contractor Regulations page; Regulated Trades / Standards for Certified Categories (rev. 7/1/25); BCAB preemption notice (1/21/2026); F.S. 489.105, 489.126, 489.141, 489.1425, 489.143, 440.02, 440.05, 501.021, 501.025, 205.065 (2026); Fla. Admin. Code R. 61G4-15.100; DBPR Construction Industry page and Verify a Licensee; DFS Division of Workers' Compensation construction exemption page and data portal",2026-10,verified,Failing,Palm Beach,3,0
lantana,storm-prep,Storm Prep for Lantana Waterfront Owners,What are the storm and debris rules in Lantana?,,,,,,,not-started,Failing,Palm Beach,3,0
south-palm-beach,seawall-height-requirement,South Palm Beach Seawall Height Requirement,How high does a seawall have to be in South Palm Beach?,No minimum,set in local code,South Palm Beach sets no fixed seawall height. A new seawall or bulkhead cap must match the caps on neighboring properties as far as possible.,"Minimum :: None set | Cap elevation :: Shall conform to adjacent seawall/bulkhead caps insofar as possible - Sec. 26-835(d) | Permit :: Engineer-sealed plans required - Sec. 26-835(c) | Seawall or bulkhead :: The code separates them by purpose: seawalls are massive structures resisting the full force of ocean waves, bulkheads retain fill against the local wave climate - Sec. 26-833 | No anchors into buildings :: No tieback system may be anchored to any building, and the engineer must certify the design meets Army Corps and state DEP requirements - Sec. 26-835(d) | Inspections :: The building code administrator attends the first king pile or support sheet and inspects before backfilling anchors, any cast-in-place pour and the final cap pour; all materials must be certified by the manufacturer - Sec. 26-835(e)","Town of South Palm Beach Code, Ch. 26 Art. IX Marine Structures, Div. 3 Bulkheads and Seawalls, Sec. 26-835; Secs. 26-833, 26-835(d)-(e)",2026-10,verified,Compliance,Palm Beach,3,0
south-palm-beach,seawall-permit,Seawall Permits in South Palm Beach,Do I need a permit to repair a seawall in South Palm Beach?,Yes,"building permit, engineer-sealed","Yes. South Palm Beach requires a permit to build bulkheads or seawalls, with plans sealed by a Florida engineer who also certifies Army Corps and state DEP compliance. The building code administrator must be on site at the first king pile or sheet, and no tieback may be anchored to a building.","Town :: 'A permit to construct bulkheads or seawalls is required' - Sec. 26-835(a); a permit is needed to 'construct or alter any building or structure' - Sec. 10-61 | Plans :: Submitted and sealed by a Florida-registered engineer - Sec. 26-835(c); engineer certifies compliance with Army Corps and state DEP requirements; no tieback anchored to any building - Sec. 26-835(d) | Cap :: Match neighboring seawall caps insofar as possible - Sec. 26-835(d) | Inspections :: Building code administrator present at the first king pile or sheet and inspects before backfilling anchors, pours and the final cap; manufacturer certifications for all materials - Sec. 26-835(e) | Fee :: Set by the town's building permit fee schedule and payable when the application is submitted - Sec. 26-835(b); the division applies to all bulkheads and seawalls in the incorporated area - Sec. 26-834 | Definitions :: The town treats seawalls as massive structures built to resist the full force of ocean waves, and bulkheads as structures that retain fill and resist erosion at the site - Sec. 26-833; no land may be created or filled beyond the bulkhead line into Lake Worth - Sec. 26-810 | State (FDEP) :: Restoring a seawall in place or up to 18 in. waterward can be exempt from an Environmental Resource Permit where it was damaged within the last year by a discrete event or needs only minimal backfilling, and any chapter 161 permits are obtained (s. 403.813(1)(e) F.S.; r. 62-330.051(12)(b) F.A.C.); batter piles, king piles or a cap used only to stabilize and repair a wall are also exempt (r. 62-330.051(12)(d)) | State-owned bottom :: Exempt work on sovereign submerged land still needs separate authorization under chs. 253 and 258 F.S., which the Board of Trustees grants by rule for many exempt activities (r. 62-330.051 intro; r. 18-21.005(1)(b) F.A.C.) | County :: Palm Beach County ERM's Permitting and Regulation page lists no seawall or shoreline permit program among its topics (PBC ERM Permitting and Regulation page) | Ocean side :: Seaward of the Coastal Construction Control Line a wall needs a separate state coastal construction permit; the chapter 161 repair exemption expressly excludes seawalls (s. 161.053(2)(a), (11)(a) F.S.) | Small-job exemption :: The state's under-$7,500 single-family permit exemption does not cover structural work or property in a flood hazard area (s. 553.79(1)(g)2. F.S.) | Federal :: A U.S. Army Corps of Engineers (Department of the Army) authorization is required for structures or work in or affecting navigable waters, unless exempt or covered by a nationwide or regional general permit - 33 CFR 322.3(a) (Rivers and Harbors Act s. 10)","Town of South Palm Beach Code Ch. 26 Secs. 26-810, 26-833, 26-835; Sec. 10-61 (Supp. 4); s. 403.813(1)(e), 161.053, 553.79 F.S. (2026); r. 62-330.051, 18-21.005 F.A.C.; 33 CFR 322.3(a); PBC ERM Permitting and Regulation page",2026-10,verified,Compliance,Palm Beach,3,0
south-palm-beach,flood-zone,South Palm Beach Flood Zone & Elevation Rules,"What flood zone is South Palm Beach in, and what does it require?",,,,,,,not-started,Compliance,Palm Beach,3,0
south-palm-beach,dock-permit-size,Dock Permits & Size Limits in South Palm Beach,How big a dock can I build in South Palm Beach?,No size limit in the code,Lake Worth bulkhead line only,"South Palm Beach's Marine Structures article has no dock rules at all: its general division is reserved, and what remains fixes a bulkhead line in Lake Worth (by a 1956 map titled for the Town of Lantana) and bans filling beyond it, plus seawall rules. Dock size is left to the state and federal permits.","Marine Structures article :: Ch. 26 Art. IX has Division 1 (Generally) reserved, Division 2 on bulkhead lines and Division 3 on bulkheads and seawalls; none sets dock dimensions - Town Code Ch. 26 Art. IX | Lake Worth bulkhead line :: The line is fixed offshore in Lake Worth starting 364 ft west of the A1A centerline at the north town line, about 60 ft west of the east-shore vegetation line, as shown on the map 'Bulkhead Line, Town of Lantana, Florida', October 1956 (R-56-008) - 26-809 | No fill beyond it :: No land or islands may be created or filled beyond the bulkhead line into Lake Worth; filling behind it needs a Town permit - 26-810, 26-811 | Boats :: Boats docked in a canal, or landed from a canal by a permanent hoist, are excepted from the parking and storage restrictions for boats - 26-438(5) | State exemption :: A private, non-commercial dock on pilings with 1,000 sq ft or less of over-water surface (500 sq ft in Outstanding Florida Waters), and the only exempt dock along 65 ft of shoreline (or one per lot if the lot is narrower), needs no state environmental permit - Fla. Stat. 403.813(1)(b). The exemption does not grant permission to use state-owned submerged lands and does not override city or county rules - 403.813(1) | Federal :: Structures in navigable waters need a Department of the Army permit, general or individual - 33 CFR 322.3(a)","Town of South Palm Beach Code Ch. 26 Art. IX (Marine Structures), Secs. 26-809 to 26-811; Sec. 26-438(5); Fla. Stat. 403.813(1)(b) (2026); 33 CFR 322.3(a)",2026-10,verified,Dock,Palm Beach,3,0
south-palm-beach,boat-lift-rules,Boat Lift Rules in South Palm Beach,What are the boat lift rules in South Palm Beach?,No lift rule in the town code,parking exception for hoisted boats,"South Palm Beach's code has no section regulating boat lifts, davits or docks. The only related wording is in its parking rules: the ban on keeping boats on residential property does not apply to boats docked in a canal or landed from a canal by a permanent hoist mechanism.","Not in the code :: No boat lift, davit or dock standards found in the Code, including Ch. 26 Land Development (searched lift, davit, hoist, dock, boat) | Hoisted boats :: The residential boat-parking prohibitions do not apply to boats docked in a canal or landed from a canal by a permanent hoist mechanism - Code Sec. 26-438(d)(5) | Marine structures article :: Chapter 26, Article IX (Marine Structures) covers only the Lake Worth bulkhead line and bulkheads and seawalls; its general division (Secs. 26-786 to 26-808) is reserved - Code Ch. 26, Art. IX | Lake Worth fill :: No creating or filling of land beyond the bulkhead line into Lake Worth - Sec. 26-810 | State and federal :: Floating boat lifts and floating vessel platforms that meet s. 403.813(1)(s), F.S. (they float at all times, hold the vessel out of the water, and either sit inside a previously permitted slip or total no more than 500 sq ft - 200 sq ft in Outstanding Florida Waters - beside a qualifying dock or bulkhead) need no state permit; a local government may then ask only for a one-time registration unless the platform is attached to a bulkhead with no dock. Structures in navigable waters otherwise need Army Corps authorization unless exempt or under a general permit - 33 CFR 322.3(a).","Town of South Palm Beach Code Sec. 26-438 (Supp. 4); s. 403.813(1)(s), F.S. (2026); 33 CFR 322.3(a)",2026-10,verified,Dock,Palm Beach,3,0
south-palm-beach,deck-requirements,Waterfront Deck Rules in South Palm Beach,What are the deck setback and railing rules in South Palm Beach?,,,,,,,not-started,Deck,Palm Beach,3,0
south-palm-beach,licensed-contractors,Checking a Marine Contractor in South Palm Beach,How do I check a marine contractor in South Palm Beach?,Every contractor registers,"each fiscal year, permit or not","South Palm Beach requires all contractors and subcontractors to register every fiscal year whether or not a permit is pulled, and accepts a business tax receipt from another county together with a Palm Beach County certificate of competency. The Town runs permits on MGO and does not accept the County-Wide Permit Application.","Documents :: State-certified: licence, liability and comp naming the Town, qualifier's Florida driver's licence. County-licensed: PBC business tax receipt, PBC certificate of competency, insurance, driver's licence, and a $2.00 contractor decal - Annual Business Registration form | Code :: No business tax receipt, registration or decal is issued without the state certification, registration or licence, and a county or state competency number where applicable - Sec. 14-26(b) | Site rules :: Work Monday to Saturday 8:00 to 5:30, never Sundays or federal holidays; construction dumpsters only from Waste Management - Permit Information page | Portal :: MGO (mgoconnect.org/cp/portal); permits@southpalmbeach.com, 561-588-8889 | Pledge :: The registration form asks the qualifier to agree not to engage in criminal activity and to cooperate with the Building Department and the Palm Beach County Sheriff's Office (PBSO); Town address 3577 South Ocean Boulevard | County licence :: Palm Beach County's Contractor Regulations section (Code Compliance Division, PZB) serves the Construction Industry Licensing Board under Special Act 67-1876, which requires a certificate of competency to advertise, bid or contract in the regulated trades | Marine is a county trade :: MARINE remains on the county's regulated-trades list (rev. 7/1/25): seawalls, bulkheads, revetments, docks, piers, wharfs, groins, boat lifts, davits and pile driving. Dredging and land filling was among the trades preempted on 1 July 2025 | County look-up :: County Licensed Contractor Search in the ePZB portal (pbcgov.org/ePZB.Admin.WebSPA), next to the state search; Contractor Regulations 561-233-5525 | State licence :: Search the company and the qualifier on DBPR's Verify a Licensee (myfloridalicense.com). A licence number starting with C is a state certification valid anywhere in Florida; one starting with R is a registration, good only where the holder met local competency rules - F.S. 489.105(8),(10) and the DBPR licensing page | Who may build a seawall or dock :: A certified general contractor's scope is unlimited (489.105(3)(a)). The state also certifies five marine specialties: marine specialty, marine seawall work, marine bulkhead work, marine dock work and marine pile driving - Rule 61G4-15.100(1)(b)-(f) | Workers' comp :: In construction a single employee makes coverage mandatory (440.02(20)(b)2). Up to three officers or LLC members owning at least 10% may file exemptions (440.02(18)(b)2), and the exemption certificate itself says it is not a DBPR licence (440.05(4)). Check it on the DWC data portal's Coverage and Exemptions search (dwcdataportal.fldfs.com) | Recovery fund :: For contracts signed on or after 1 July 2024 the Homeowners' Construction Recovery Fund pays at most $100,000 per claim against a Division I contractor (general, building, residential) and $30,000 against a Division II contractor, which includes the marine specialties; the lifetime caps are $2 million and $600,000 per licensee - 489.143(3),(6). Nothing is paid if the contractor was unlicensed when you signed - 489.141(2)(d) - and residential contracts over $2,500 must print the fund notice - 489.1425 | Deposits :: A contractor who takes more than 10% up front on residential work must apply for permits within 30 days and start within 90 days of the permits issuing, unless you agreed to longer in writing - 489.126(2)(a) | Three-day cancel :: If the deal was a home solicitation sale over $25 - signed away from the seller's place of business and not the result of your own request for specific goods or services - you can cancel in writing until midnight of the third business day; Sundays and federal holidays don't count - 501.021, 501.025 | Business tax is not a licence :: A contractor pays business tax where its permanent office is, and no other city or county may levy a business tax or an equivalent registration fee for temporary work there - 205.065","Town of South Palm Beach Annual Business Registration form; Permit Information page; Code Sec. 14-26; PBC Contractor Regulations page; Regulated Trades / Standards for Certified Categories (rev. 7/1/25); BCAB preemption notice (1/21/2026); F.S. 489.105, 489.126, 489.141, 489.1425, 489.143, 440.02, 440.05, 501.021, 501.025, 205.065 (2026); Fla. Admin. Code R. 61G4-15.100; DBPR Construction Industry page and Verify a Licensee; DFS Division of Workers' Compensation construction exemption page and data portal",2026-10,verified,Failing,Palm Beach,3,0
south-palm-beach,storm-prep,Storm Prep for South Palm Beach Waterfront Owners,What are the storm and debris rules in South Palm Beach?,,,,,,,not-started,Failing,Palm Beach,3,0
lake-worth-beach,seawall-height-requirement,Lake Worth Beach Seawall Height Requirement,How high does a seawall have to be in Lake Worth Beach?,No minimum,set in local code,Lake Worth Beach sets no seawall height. Its waterways chapter only fixes the bulkhead line and fill limits.,"Minimum :: None set | Bulkhead line :: Lake Worth bulkhead line, landfill and dredging limits - Ch. 22 Sec. 22-1 | Fences :: No solid opaque fencing within 15 ft of bulkhead - Sec. 23.4-4 | Floodplain :: Seawalls listed as other development, no elevation - Sec. 23.7-17 | Line landmarks :: The line passes a Corps of Engineers brass disk (IWP No. 11, 1956) at the mainland end of the Lake Worth Bridge; a second segment ends at the Casino property - Sec. 22-1(a) | Fill :: Since 13 Aug 1959 no fill on the channel side, and landward filling or dredging needs formal written approval - Sec. 22-1(b) | Extending land :: City commission application with plans and the dredge source, subject to state trustees and Army Corps approval; permits last two years - Sec. 22-1(c)-(d)","City of Lake Worth Beach Code, Ch. 22 Waterways, Sec. 22-1",2026-10,verified,Compliance,Palm Beach,3,0
lake-worth-beach,seawall-permit,Seawall Permits in Lake Worth Beach,Do I need a permit to repair a seawall in Lake Worth Beach?,Yes,building permit,"Yes. Lake Worth Beach's development regulations bar anyone from constructing, altering or repairing a structure without a building permit from the building official. Since 1959 no fill may be placed on the channel side of the city's Lake Worth bulkhead line, and dredging or filling landward of it needs written approval.","City :: No one may 'construct, enlarge, alter, repair' a building or structure without applying to the building official and obtaining a permit - LDR Sec. 23.2-21 | Issuer :: The building division accepts applications and issues building permits; the building official implements the Florida Building Code - Sec. 23.2-5 | Bulkhead line :: Since 13 Aug 1959 no fill on the channel side of the bulkhead line; filling or dredging on the landward side needs formal written approval; new land or islands need a City Commission application with a plan showing the dredge source, judged on erosion, shoaling, stagnant water and harm to neighbors - Sec. 22-1(b), (c) | State (FDEP) :: Restoring a seawall in place or up to 18 in. waterward can be exempt from an Environmental Resource Permit where it was damaged within the last year by a discrete event or needs only minimal backfilling, and any chapter 161 permits are obtained (s. 403.813(1)(e) F.S.; r. 62-330.051(12)(b) F.A.C.); batter piles, king piles or a cap used only to stabilize and repair a wall are also exempt (r. 62-330.051(12)(d)) | State-owned bottom :: Exempt work on sovereign submerged land still needs separate authorization under chs. 253 and 258 F.S., which the Board of Trustees grants by rule for many exempt activities (r. 62-330.051 intro; r. 18-21.005(1)(b) F.A.C.) | County :: Palm Beach County ERM's Permitting and Regulation page lists no seawall or shoreline permit program among its topics (PBC ERM Permitting and Regulation page) | Ocean side :: Seaward of the Coastal Construction Control Line a wall needs a separate state coastal construction permit; the chapter 161 repair exemption expressly excludes seawalls (s. 161.053(2)(a), (11)(a) F.S.) | Small-job exemption :: The state's under-$7,500 single-family permit exemption does not cover structural work or property in a flood hazard area (s. 553.79(1)(g)2. F.S.) | Federal :: A U.S. Army Corps of Engineers (Department of the Army) authorization is required for structures or work in or affecting navigable waters, unless exempt or covered by a nationwide or regional general permit - 33 CFR 322.3(a) (Rivers and Harbors Act s. 10)","City of Lake Worth Beach Code Ch. 23 Secs. 23.2-5, 23.2-21; Ch. 22 Sec. 22-1 (Supp. 156); s. 403.813(1)(e), 161.053, 553.79 F.S. (2026); r. 62-330.051, 18-21.005 F.A.C.; 33 CFR 322.3(a); PBC ERM Permitting and Regulation page",2026-10,verified,Compliance,Palm Beach,3,0
lake-worth-beach,flood-zone,Lake Worth Beach Flood Zone & Elevation Rules,"What flood zone is Lake Worth Beach in, and what does it require?",,,,,,,not-started,Compliance,Palm Beach,3,0
lake-worth-beach,dock-permit-size,Dock Permits & Size Limits in Lake Worth Beach,How big a dock can I build in Lake Worth Beach?,10 ft from the neighbour's lot line,only numeric dock rule; no length limit in the code,"Lake Worth Beach's land development code sets no dock length, width or height. Its one number is a side setback: no dock may come within 10 ft of the lot line of other residentially zoned property. Docks must be engineer-designed, and all state and federal approvals must be in hand before the City building permit.","Side setback :: No dock may extend nearer than 10 ft to the lot line of any other residentially zoned property - Land Development Regulations 23.4-2(c) | Permit :: Dockage facilities must be designed by a registered engineer and meet the building code; all state and federal approvals before the City building permit - 23.4-2(b) | Allowed :: Dockage for pleasure boats and noncommercial watercraft in any district on any waterway, as an accessory use to a residence whose occupants use the boats - 23.4-2(a) | Prohibited :: Living aboard, boathouses, fueling facilities and any commercial use - 23.4-2(d) | Lagoon protection :: The City may add conditions to protect the surrounding area or the estuary, such as avoiding impeded estuarine circulation - 23.4-2(e) | Governing section :: LDR Ch. 23 Art. 4 Sec. 23.4-2; Code Ch. 22 (Waterways) covers the bulkhead line and boat definitions but sets no dock dimension | State exemption :: A private, non-commercial dock on pilings with 1,000 sq ft or less of over-water surface (500 sq ft in Outstanding Florida Waters), and the only exempt dock along 65 ft of shoreline (or one per lot if the lot is narrower), needs no state environmental permit - Fla. Stat. 403.813(1)(b). The exemption does not grant permission to use state-owned submerged lands and does not override city or county rules - 403.813(1) | Federal :: Structures in navigable waters need a Department of the Army permit, general or individual - 33 CFR 322.3(a)",City of Lake Worth Beach Code Ch. 23 (Land Development Regulations) Sec. 23.4-2; Ch. 22 (Waterways); Fla. Stat. 403.813(1)(b) (2026); 33 CFR 322.3(a),2026-10,verified,Dock,Palm Beach,3,0
lake-worth-beach,boat-lift-rules,Boat Lift Rules in Lake Worth Beach,What are the boat lift rules in Lake Worth Beach?,Allowed by right in SF-R; engineer design,state and federal approvals first,"In Lake Worth Beach's single-family residential district, boat docks and boat lifts are accessory uses allowed by right. Dockage facilities must be designed by a registered engineer, all state and federal approvals must be in hand before the city building permit, docks must stay 10 feet from other residential lot lines, and boathouses are prohibited.","Allowed :: Boat docks and boat lifts are accessory uses permitted by right in SF-R - LDR Sec. 23.3-7 | Design :: Dockage facilities designed by a registered engineer and built to the building code - LDR Sec. 23.4-2(b) | Approvals :: All state and federal approvals before the city building permit - Sec. 23.4-2(b) | Side setback :: No dock nearer than 10 feet to the lot line of other residentially zoned property - Sec. 23.4-2(c) | Prohibited :: Living aboard, boathouses, fueling facilities and any commercial use - Sec. 23.4-2(d) | Extra conditions :: The city may add conditions to protect the area or the estuary, such as water circulation - Sec. 23.4-2(e) | Definition :: The city's waterways chapter defines a boat to include seaplanes when not airborne and boats docked, moored or upon boat lifts in any city waterway - Code Sec. 22-2 | Who may use the dock :: Dockage is an accessory use where the boats are used by the occupants of the premises; the zoning use table lists 'Boat Docks and Boat Lifts' as a use category - Secs. 23.4-2(a), 23.3-6 | State and federal :: Floating boat lifts and floating vessel platforms that meet s. 403.813(1)(s), F.S. (they float at all times, hold the vessel out of the water, and either sit inside a previously permitted slip or total no more than 500 sq ft - 200 sq ft in Outstanding Florida Waters - beside a qualifying dock or bulkhead) need no state permit; a local government may then ask only for a one-time registration unless the platform is attached to a bulkhead with no dock. Structures in navigable waters otherwise need Army Corps authorization unless exempt or under a general permit - 33 CFR 322.3(a).","City of Lake Worth Beach Code (LDR) Secs. 23.3-7, 23.4-2 (Supp. 156); s. 403.813(1)(s), F.S. (2026); 33 CFR 322.3(a)",2026-10,verified,Dock,Palm Beach,3,0
lake-worth-beach,deck-requirements,Waterfront Deck Rules in Lake Worth Beach,What are the deck setback and railing rules in Lake Worth Beach?,1 ft,from any property line for an at-grade pool deck or patio,"Lake Worth Beach lets an at-grade deck or patio built with a pool come within 1 ft of any property line, while a raised pool deck must meet the district's structure setbacks. Pools stay 5 ft from the rear line, and at least 75% of the front yard must stay pervious.","Pool decks and patios :: An at-grade deck or patio built with a pool may not be in an easement or closer than 1 ft to any property line; an above-grade one follows the structure setbacks of the district. LDR Sec. 23.4-26. | Pools :: No closer than 5 ft to any rear property line or within easements; screen enclosures meet district structure setbacks. Sec. 23.4-26. | SF-R district :: Rear 15 ft or 10% of lot depth for primary structures, whichever is less; impermeable surface total for small lots 60%; 75% of the front yard area pervious and landscaped. Sec. 23.3-7. | Dual frontage and coverage :: On dual-frontage lots pools keep 10 ft from the secondary front (rear) line and must be screened; small lots (up to 4,999 sq ft) are limited to 40% building coverage. Secs. 23.4-26, 23.3-7. | Sustainable bonus :: Medium and large SF-R lots may qualify for 5% more impermeable surface for structures when building a single-story house no taller than 15 ft with added sustainable features under the Sustainable Bonus Incentive Program (Sec. 23.2-33). Sec. 23.3-7. | Guards (state rule) :: Florida Building Code, Residential, 8th Edition (2023), Sec. R312.1.1-R312.1.3: a guard is required on open sides of a walking surface located more than 30 inches above the floor or grade below at any point within 24 inches of the open edge; it must be at least 36 inches high; openings must not let a 4-inch sphere pass. No local guard amendment was found in this city's code.","City of Lake Worth Beach Code Ch. 23 LDR Secs. 23.4-26, 23.3-7 (Supp. 156); Florida Building Code, Residential, 8th Ed. (2023) R312.1.1-R312.1.3 (ICC Digital Codes)",2026-10,verified,Deck,Palm Beach,3,0
lake-worth-beach,licensed-contractors,Checking a Marine Contractor in Lake Worth Beach,How do I check a marine contractor in Lake Worth Beach?,,,,,,,not-started,Failing,Palm Beach,3,0
lake-worth-beach,storm-prep,Storm Prep for Lake Worth Beach Waterfront Owners,What are the storm and debris rules in Lake Worth Beach?,Shelter exception,vessels may anchor during a hurricane watch,Lake Worth Beach does not consent to any vessel anchoring or mooring in city waterways and requires those that do to be able to move under their own power and evacuate immediately in an emergency - but vessels seeking shelter or safe harbour during hurricanes or a hurricane watch or warning are exempt. Portable storage units must leave the city on a hurricane warning.,"Anchoring rules :: Every vessel anchored or moored in city waterways must be able to navigate under its own power and immediately evacuate in an emergency, carry working lights and show a white all-round light visible two nautical miles at night - Code Sec. 22-3(a) | No consent :: The city does not consent to any vessel anchoring or mooring in city waterways and assumes no liability for them - Sec. 22-3(b) | Storm exception :: The prohibitions do not apply to vessels seeking shelter or safe harbor during hurricanes or periods of hurricane watch or warning issued by the National Weather Service, or to vessels in the Intracoastal Waterway - Sec. 22-3(b)(2), (4) (Ord. 2003-18) | Storage pods :: Portable storage units must be removed from the city immediately on a hurricane warning; removal is the owner/operator's responsibility - Sec. 23.4-18","City of Lake Worth Beach Code of Ordinances Secs. 22-3, 23.4-18 (Municode)",2026-10,verified,Failing,Palm Beach,3,0
big-pine-key,seawall-height-requirement,Big Pine Key Seawall Height Requirement,How high does a seawall have to be in Big Pine Key?,No minimum,set in local code,"Big Pine Key is unincorporated, so Monroe County's Land Development Code governs, and it sets no minimum or maximum seawall top elevation in NAVD88, NGVD29 or any other datum. The only height rule is relative: your yard behind the wall must sit at least six inches below the top of the wall. The design elevation comes from your engineer and your state and federal permits, not from a county number.","No fixed elevation :: Monroe County LDC Sec. 118-12(k), Bulkheads, seawalls, and riprap, sets where and when seawalls are allowed but states no minimum or maximum top elevation in any datum. | The one height rule :: Existing grade landward of the bulkhead shall be at least six inches lower than the top of the bulkhead. Sec. 118-12(k)(2). This is measured against your own yard, not a fixed elevation. | Cap width :: A seawall without a principal use may have a cap no more than two feet wide, and docking attachments such as davits, cleats and platforms are allowed only as accessory to a principal use. Sec. 118-12(k)(1). | Where a vertical wall is allowed :: Only to stabilize a severely eroding shoreline on a manmade canal, channel or basin, and only if native vegetation or riprap with filter cloth is not feasible. No new seawalls, bulkheads or other hardened vertical structures on open water. Sec. 118-12(k)(3). | Repair and replacement :: A lawfully existing, deteriorated seawall may be repaired or replaced and is exempt from the nonsubstantial-improvement limits except on known or potential sea turtle nesting beaches. Keep the existing footprint to the maximum extent practicable. Sec. 118-12(k)(4). | Turtle beaches :: No seawalls, bulkheads or riprap on or waterward of a beach berm that is known or potential marine turtle nesting area. Sec. 118-12(k)(7). | V zones :: In coastal high hazard areas (Zone V), bulkheads and seawalls are allowed only if also authorized by the appropriate federal, state or local authority, located outside and not attached to buildings, and backed by a registered design professional's analysis showing no harmful diversion of floodwaters or wave runup and reflection. Sec. 122-31(d)(1).","Monroe County Land Development Code Sec. 118-12(k) (Shoreline Setback - Bulkheads, seawalls, and riprap) and Sec. 122-31(d)(1) (Floodplain Management - Other development); LDC online version May 18, 2026",2026-10,needs-content,Compliance,Monroe,3,0
big-pine-key,seawall-permit,Seawall Permits in Big Pine Key,Do I need a permit to repair a seawall in Big Pine Key?,,,,,,,not-started,Compliance,Monroe,3,0
big-pine-key,flood-zone,Big Pine Key Flood Zone & Elevation Rules,"What flood zone is Big Pine Key in, and what does it require?",,,,,,,not-started,Compliance,Monroe,3,0
big-pine-key,dock-permit-size,Dock Permits & Size Limits in Big Pine Key,How big a dock can I build in Big Pine Key?,,,,,,,not-started,Dock,Monroe,3,0
big-pine-key,boat-lift-rules,Boat Lift Rules in Big Pine Key,What are the boat lift rules in Big Pine Key?,,,,,,,not-started,Dock,Monroe,3,0
big-pine-key,deck-requirements,Waterfront Deck Rules in Big Pine Key,What are the deck setback and railing rules in Big Pine Key?,,,,,,,not-started,Deck,Monroe,3,0
big-pine-key,licensed-contractors,Checking a Marine Contractor in Big Pine Key,How do I check a marine contractor in Big Pine Key?,,,,,,,not-started,Failing,Monroe,3,0
big-pine-key,storm-prep,Storm Prep for Big Pine Key Waterfront Owners,What are the storm and debris rules in Big Pine Key?,,,,,,,not-started,Failing,Monroe,3,0
key-colony-beach,seawall-height-requirement,Key Colony Beach Seawall Height Requirement,How high does a seawall have to be in Key Colony Beach?,5.5,ft above mean sea level,"Key Colony Beach is the only jurisdiction in Monroe County that sets a seawall elevation, and it is the most prescriptive seawall code in the Keys - height, cap width, length, shape and even rubbing posts are all fixed. Note the datum: the city states its rule in mean sea level, not NAVD88, and the two are not interchangeable.","The figure :: 5.5 ft above mean sea level for the first seawall on a canal, and for all subsequent walls on that canal. Rubbing posts, pilings and similar projections are excluded from the measurement. Sec. 5-51(a). | Mind the datum :: That is mean sea level, not NAVD88. The ordinance predates NAVD88 in local practice and we have found no published conversion, so take the figure as written and get your datum from your survey. | If you connect to neighbours :: Joining existing walls at both ends, your top matches the higher of the two. Joining at one end, it matches that one. Sec. 5-51(b) and (c). | If nothing adjoins :: Your top matches the highest existing seawall on the same side of the same canal. Sec. 5-51(d). | Cap width :: Not less than 5 feet and not more than 10 feet. Sec. 5-52. | Full frontage :: The seawall must run the full length of the water frontage, with no exception for lots with more than one frontage. Sec. 5-53. | Sloping walls are banned :: Seawalls must be perpendicular and the cap horizontal. Sloping seawalls are not permitted. Sec. 5-54. | Return slabs :: Not less than five inches thick. Sec. 5-55. | Rubbing posts :: Not less than 5 feet nor more than 10 feet above mean sea level. Sec. 5-56. | A seawall may be mandatory :: The city's position is that seawalls are the most suitable erosion control for most locations here, and they are required wherever permitted by state or federal agencies. Sec. 5-25. | Order of permits :: The city issues its permit only after you hold the required approvals from the Army Corps of Engineers, FDEP or any other required agency. Sec. 5-30. | You must maintain it :: Owners must keep a seawall in safe and sturdy condition. Sec. 5-62. Seawalls are deemed structures subject to city inspection and enforcement, with a notice procedure for an unsafe or deteriorated wall. Sec. 6-45.","City of Key Colony Beach Code of Ordinances Ch. 5, Art. III, Div. 5, Seawall Location and Design Standards, Secs. 5-50 to 5-56, and Secs. 5-25, 5-30, 5-62, 6-45",2026-10,verified,Compliance,Monroe,3,0
key-colony-beach,seawall-permit,Seawall Permits in Key Colony Beach,Do I need a permit to repair a seawall in Key Colony Beach?,"Yes, after state and federal approvals",city building permit,"Yes. Key Colony Beach requires a city building permit from the building official before any seawall construction, issued only after the Army Corps, Florida DEP or other required state and federal agencies approve. Seawalls must be vertical, new walls must match the height of the walls they join, and anyone bringing water-borne construction equipment into the city must first post a $50,000 bond.","City :: 'A city-issued building permit shall be required prior to commencement of any construction on required seawall'; permits issue 'only after the applicant obtains required approval from the Army Corps of Engineers, the Florida Department of Environmental Protection or any other required state and/or federal agencies' - Code Sec. 5-30(a), (b). Seawall permits come from the city building official under chapter 6 - Sec. 5-60. Sloping seawalls prohibited; walls perpendicular with a horizontal cap - Sec. 5-54. A wall joining existing walls is built to the height of the higher neighbor; the first wall on a canal sets 5.5 ft above mean sea level - Sec. 5-51. Users of water-borne construction equipment post a $50,000 bond before entering the city - Sec. 5-61. If an owner fails to maintain a seawall the city may do the work and lien the property - Sec. 5-62 | State :: Restoring a seawall at its previous location, upland of it, or within 18 inches waterward is exempt from a state environmental resource permit; the exemption does not replace permission to use state-owned submerged land or county and city requirements, and does not cover chapter 161 coastal permits - s. 403.813(1), (1)(e), F.S. | Federal :: A U.S. Army Corps of Engineers (Department of the Army) authorization is required for structures or work in or affecting navigable waters, unless exempt or covered by a nationwide or regional general permit - 33 CFR 322.3(a) (Rivers and Harbors Act s. 10)","Key Colony Beach Code Secs. 5-30, 5-51, 5-54, 5-60, 5-61, 5-62 (Supp. 36); s. 403.813(1)(e), F.S. (2026); 33 CFR 322.3(a)",2026-10,verified,Compliance,Monroe,3,0
key-colony-beach,flood-zone,Key Colony Beach Flood Zone & Elevation Rules,"What flood zone is Key Colony Beach in, and what does it require?",,,,,,,not-started,Compliance,Monroe,3,0
key-colony-beach,dock-permit-size,Dock Permits & Size Limits in Key Colony Beach,How big a dock can I build in Key Colony Beach?,5 ft into the canal,default; 30-125 ft in named subdivisions,"In most of Key Colony Beach a dock may extend only 5 ft into a canal or other waterway, though it may run the full length of the shoreline. Specific subdivisions get their own limits: 40 ft in Marina Subdivision No. 2, 35 ft in the Yacht Club Subdivision, 30 ft for listed lots on Key Colony Channel, and out to 5 ft of water depth in Coury No. Two and Vista Del Sol on Vaca Cut and Shelter Bay. One dock per lot, and no new boat slips at all.","Default :: Docks may extend 5 ft into a canal or any other waterway and may run the full length of the mean high water line, except listed corner lots governed by the code's Figures 1 and 2 - City Code 5-35(10) | Marina Subdivision No. 2 :: Up to 40 ft from mean high water, no wider than 6 ft - 5-35(3) | Key Colony Channel lots :: Key Colony Beach Subdivision Block 1 Lots 1-12, Block 2 Lot 19 and Block 6 Lots 1 and 1A: up to 30 ft, no wider than 6 ft - 5-35(4) | Yacht Club Subdivision :: Up to 35 ft, no wider than 6 ft - 5-35(5) | Atlantic piers :: In Stevens Subdivision and KCB Block 6, piers up to 125 ft seaward and 20 ft wide; one per parcel, two with more than 500 ft of ocean frontage - 5-35(6) | Vaca Cut and Shelter Bay :: Coury No. Two and Vista Del Sol docks may reach out to 5 ft of water at mean low water, no wider than 8 ft, with an L or T arm up to 50 ft; mooring piles up to 16 ft beyond the arm; lit at night - 5-35(7) | Coury No. Two canals :: With a seawall, docks may extend 5 ft; existing wooden T-docks may be extended in line, 5 ft wide, no more than 60 ft long parallel to shore, 10 ft from the extended side lines; on the westernmost canal T-docks may reach one-quarter of the canal width - 5-35(8)-(9) | One dock :: No more than one dock per lot; building permits only after Army Corps and DEP approval - 5-35(1)-(2) | Posts and piles :: Mooring posts 5 to 10 ft above mean sea level; free-standing posts limited to four, with the boat's keel parallel to the dock except at closed canal ends - 5-38, 5-39 | Boats :: May not obstruct more than one-fourth of the canal width - 5-40 | Lifts :: Elevator lifts up to 31,000 lb with forks reaching no more than 12 ft, forks no higher than the seawall cap, Commission approval where the waterway is under 60 ft wide, and no part of boat or lift across riparian lines; davit bases 5 ft from the property line; hydro or pontoon lifts prohibited - 5-42, 5-43, 5-44 | Floating docks and slips :: Floating docks need City Commission approval; no new boat slips may be built - 5-37, 5-45 | Outstanding Florida Waters :: The Florida Keys waters, out to three leagues around Key West and the Keys, are designated Outstanding Florida Waters, except the Key West sewage outfall, the Stock Island power plant mixing zone and artificial waterbodies such as dredged canals - F.A.C. 62-302.700(9)(i)13. A dock in an Outstanding Florida Water qualifies for the state permit exemption only up to 500 sq ft over water - Fla. Stat. 403.813(1)(b)1 | State exemption :: A private, non-commercial dock on pilings with 1,000 sq ft or less of over-water surface (500 sq ft in Outstanding Florida Waters), and the only exempt dock along 65 ft of shoreline (or one per lot if the lot is narrower), needs no state environmental permit - Fla. Stat. 403.813(1)(b). The exemption does not grant permission to use state-owned submerged lands and does not override city or county rules - 403.813(1) | Federal :: Structures in navigable waters need a Department of the Army permit, general or individual - 33 CFR 322.3(a)","City of Key Colony Beach Code Ch. 5, Secs. 5-35 (through Ord. 429-2012), 5-37 to 5-45 (5-43 through Ord. 2023-484; 5-44 through Ord. 2025-502); F.A.C. 62-302.700(9)(i)13 (rule effective 11-25-2025); Fla. Stat. 403.813(1)(b) (2026); 33 CFR 322.3(a)",2026-10,verified,Dock,Monroe,3,0
key-colony-beach,boat-lift-rules,Boat Lift Rules in Key Colony Beach,What are the boat lift rules in Key Colony Beach?,Allowed by type; pontoon lifts banned,"davits over 5,500 lb need commission","Key Colony Beach regulates each kind of lift. Davits need a concrete base 5 feet from the property line and an engineer's certificate, and over 5,500 pounds need city commission approval. Elevator lift forks may reach 12 feet into the canal, lift up to 31,000 pounds and never rise above the seawall cap. Other lifts, including cradle lifts, need commission approval, and hydro or pontoon lifts are prohibited.","Permit :: A city building permit for davits and lifting devices - Code Sec. 5-60 | Davits :: Concrete base 5 feet from the side property line; over 5,500 lb rated capacity needs city commission approval; an engineer must certify the base carries 120% of rated capacity plus the davit - Sec. 5-42 | Elevator lifts :: Manufacturer capacity up to 31,000 lb and forks up to 12 feet into the waterway without commission approval; forks never above the seawall cap, or 2 feet above a wooden dock if mounted on its pilings; engineer certification at 120% of combined weight; commission approval where the usable waterway is under 60 feet - Sec. 5-43(1)-(2), (4)-(5), (7)-(8) | Forks and buoys :: Forks may stay submerged without a boat only with a white marine buoy on a fork end; reflective devices on fork ends - Sec. 5-43(3) | Hurricanes :: In a hurricane watch, if the owner is away more than a week, boats on elevator lifts must be strapped with lines rated to 120% of gross weight - Sec. 5-43(6) | Boundaries :: Boats and lifts must stay within the property boundaries and riparian lines - Sec. 5-43(9) | Other lifts :: All other boat lifts, including cradle lifts, need city commission approval (installations on 7th Street and in Marina Subdivision No. 2 are excluded from that requirement); hydro or pontoon lifts are prohibited - Sec. 5-44 | Hoist height :: Hoists or equipment used with mooring posts or boat lifts may not exceed the 10-foot height limit for posts - Sec. 5-38(b) | State and federal :: Floating boat lifts and floating vessel platforms that meet s. 403.813(1)(s), F.S. (they float at all times, hold the vessel out of the water, and either sit inside a previously permitted slip or total no more than 500 sq ft - 200 sq ft in Outstanding Florida Waters - beside a qualifying dock or bulkhead) need no state permit; a local government may then ask only for a one-time registration unless the platform is attached to a bulkhead with no dock. Structures in navigable waters otherwise need Army Corps authorization unless exempt or under a general permit - 33 CFR 322.3(a).","City of Key Colony Beach Code Ch. 5, Secs. 5-38, 5-41 to 5-44, 5-60 (Supp. 36; Ord. 2023-484, 2025-502); s. 403.813(1)(s), F.S. (2026); 33 CFR 322.3(a)",2026-10,verified,Dock,Monroe,3,0
key-colony-beach,deck-requirements,Waterfront Deck Rules in Key Colony Beach,What are the deck setback and railing rules in Key Colony Beach?,10 ft,pool setback from mean high water on canals; 60% of the shoreline setback may be built on,"Key Colony Beach lets accessory structures occupy up to 60% of the principal shoreline setback along manmade canals, including the first 10 ft from mean high water. Pools sit 10 ft from the rear line and mean high water on canals, and on Vaca Cut nothing new goes within 20 ft of mean high water.","Shoreline setback :: Except pile-supported structures, utility pilings, fences, ramps, docks and walkways up to 4 ft wide, no new development within 20 ft of mean high water on Vaca Cut or 100 ft on the ocean; accessory structures may occupy 30% of the principal shoreline setback on Vaca Cut (beyond the first 20 ft) and 60% along manmade canals including the first 10 ft from MHW, except pools and spas. LDR Sec. 101-26(10). | Pools :: 5 ft from side lines and 10 ft from rear lines and MHW on canals; 25 ft front; 100 ft from the ocean, 20 ft from MHW on Vaca Cut; above-grade pools not permitted; screen enclosures only outside the required setback. Sec. 101-26(11). | Dockside shelters :: Max 3 ft setback from the water on canals, 80 sq ft, 8 ft tall. Sec. 101-26. | R-1A :: Rear yard 25 ft (50 ft from mean high tide on Vaca Cut); minimum pervious area 25%. Sec. 101-10. | Small items :: Dock boxes no larger than 3 ft by 3 ft by 6 ft, flag poles up to 30 ft in any setback, portable plug-in spas up to 8 by 8 by 3 ft allowed; pools may not drain into the city sewer. Sec. 101-26. | Where it lives :: Land Development Regulations Sec. 101-26 'Accessory structures and uses' and Sec. 101-10 'R-1A One dwelling unit residence district'. | Yard adornments :: Max 48 inches high and 9 sq ft at the base, no more than two per front or rear yard, none in a side setback. Sec. 101-26(13). | Outdoor lighting :: Spot or flood lights may not glare toward residences across streets or canals and must be aimed downward or shielded. Sec. 101-26(8). | Guards (state rule) :: Florida Building Code, Residential, 8th Edition (2023), Sec. R312.1.1-R312.1.3: a guard is required on open sides of a walking surface located more than 30 inches above the floor or grade below at any point within 24 inches of the open edge; it must be at least 36 inches high; openings must not let a 4-inch sphere pass. No local guard amendment was found in this city's code.","City of Key Colony Beach Land Development Regulations Secs. 101-26, 101-10 (LDR Supp. 14); Florida Building Code, Residential, 8th Ed. (2023) R312.1.1-R312.1.3 (ICC Digital Codes)",2026-10,verified,Deck,Monroe,3,0
key-colony-beach,licensed-contractors,Checking a Marine Contractor in Key Colony Beach,How do I check a marine contractor in Key Colony Beach?,,,,,,,not-started,Failing,Monroe,3,0
key-colony-beach,storm-prep,Storm Prep for Key Colony Beach Waterfront Owners,What are the storm and debris rules in Key Colony Beach?,120 percent,strap rating for boats left on lifts,"Key Colony Beach makes owners responsible for securing boats and gear for storms, and if a hurricane watch is declared while an owner will be away more than a week, boats on lifts must be strapped with lines rated to 120 percent of the loaded boat's weight. A 2026 ordinance sets a seawall repair clock: safety measures in 15 days, engineer in 60, permit applications in 120, and completion within 12 months of permit approval.","Owners secure boats :: Owners are responsible for securing boats, boating equipment and appurtenances in storms or hurricanes; seasonal residents secure before leaving, and residents during the season secure before leaving for more than two (2) days - Code Sec. 5-8 (Ord. 295-1995) | Boats on lifts :: When a hurricane watch is declared and the owner is not available to secure the boat for more than one (1) week, boats on elevator lifts must be secured with line or straps rated to 120 per cent of the gross weight of boat and accessories, including fuel and water - Sec. 5-43(6) | Seawall clock :: On notice of an unsafe or deteriorated seawall: within 15 days install temporary safety measures; within 60 days retain a Florida professional engineer and submit an evaluation and plan; within 120 days submit all permit applications (including FDEP and/or Army Corps where applicable); complete within 12 months of permit approval. Extensions only for documented progress - Sec. 6-45(b)-(c) (Ord. 2026-509, 3-19-26) | Rentals :: Failure to comply can revoke a vacation rental licence or business tax receipt until full compliance - Sec. 6-45(e)","City of Key Colony Beach Code of Ordinances Secs. 5-8, 5-43, 6-45 (Municode)",2026-10,verified,Failing,Monroe,3,0
tavernier,seawall-height-requirement,Tavernier Seawall Height Requirement,How high does a seawall have to be in Tavernier?,No minimum,set in local code,"Tavernier is unincorporated, so Monroe County's Land Development Code governs, and it sets no minimum or maximum seawall top elevation in NAVD88, NGVD29 or any other datum. The only height rule is relative: your yard behind the wall must sit at least six inches below the top of the wall. The design elevation comes from your engineer and your state and federal permits, not from a county number.","No fixed elevation :: Monroe County LDC Sec. 118-12(k), Bulkheads, seawalls, and riprap, sets where and when seawalls are allowed but states no minimum or maximum top elevation in any datum. | The one height rule :: Existing grade landward of the bulkhead shall be at least six inches lower than the top of the bulkhead. Sec. 118-12(k)(2). This is measured against your own yard, not a fixed elevation. | Cap width :: A seawall without a principal use may have a cap no more than two feet wide, and docking attachments such as davits, cleats and platforms are allowed only as accessory to a principal use. Sec. 118-12(k)(1). | Where a vertical wall is allowed :: Only to stabilize a severely eroding shoreline on a manmade canal, channel or basin, and only if native vegetation or riprap with filter cloth is not feasible. No new seawalls, bulkheads or other hardened vertical structures on open water. Sec. 118-12(k)(3). | Repair and replacement :: A lawfully existing, deteriorated seawall may be repaired or replaced and is exempt from the nonsubstantial-improvement limits except on known or potential sea turtle nesting beaches. Keep the existing footprint to the maximum extent practicable. Sec. 118-12(k)(4). | Turtle beaches :: No seawalls, bulkheads or riprap on or waterward of a beach berm that is known or potential marine turtle nesting area. Sec. 118-12(k)(7). | V zones :: In coastal high hazard areas (Zone V), bulkheads and seawalls are allowed only if also authorized by the appropriate federal, state or local authority, located outside and not attached to buildings, and backed by a registered design professional's analysis showing no harmful diversion of floodwaters or wave runup and reflection. Sec. 122-31(d)(1).","Monroe County Land Development Code Sec. 118-12(k) (Shoreline Setback - Bulkheads, seawalls, and riprap) and Sec. 122-31(d)(1) (Floodplain Management - Other development); LDC online version May 18, 2026",2026-10,needs-content,Compliance,Monroe,3,0
tavernier,seawall-permit,Seawall Permits in Tavernier,Do I need a permit to repair a seawall in Tavernier?,,,,,,,not-started,Compliance,Monroe,3,0
tavernier,flood-zone,Tavernier Flood Zone & Elevation Rules,"What flood zone is Tavernier in, and what does it require?",,,,,,,not-started,Compliance,Monroe,3,0
tavernier,dock-permit-size,Dock Permits & Size Limits in Tavernier,How big a dock can I build in Tavernier?,,,,,,,not-started,Dock,Monroe,3,0
tavernier,boat-lift-rules,Boat Lift Rules in Tavernier,What are the boat lift rules in Tavernier?,,,,,,,not-started,Dock,Monroe,3,0
tavernier,deck-requirements,Waterfront Deck Rules in Tavernier,What are the deck setback and railing rules in Tavernier?,,,,,,,not-started,Deck,Monroe,3,0
tavernier,licensed-contractors,Checking a Marine Contractor in Tavernier,How do I check a marine contractor in Tavernier?,,,,,,,not-started,Failing,Monroe,3,0
tavernier,storm-prep,Storm Prep for Tavernier Waterfront Owners,What are the storm and debris rules in Tavernier?,,,,,,,not-started,Failing,Monroe,3,0
cudjoe-key,seawall-height-requirement,Cudjoe Key Seawall Height Requirement,How high does a seawall have to be in Cudjoe Key?,No minimum,set in local code,"Cudjoe Key is unincorporated, so Monroe County's Land Development Code governs, and it sets no minimum or maximum seawall top elevation in NAVD88, NGVD29 or any other datum. The only height rule is relative: your yard behind the wall must sit at least six inches below the top of the wall. The design elevation comes from your engineer and your state and federal permits, not from a county number.","No fixed elevation :: Monroe County LDC Sec. 118-12(k), Bulkheads, seawalls, and riprap, sets where and when seawalls are allowed but states no minimum or maximum top elevation in any datum. | The one height rule :: Existing grade landward of the bulkhead shall be at least six inches lower than the top of the bulkhead. Sec. 118-12(k)(2). This is measured against your own yard, not a fixed elevation. | Cap width :: A seawall without a principal use may have a cap no more than two feet wide, and docking attachments such as davits, cleats and platforms are allowed only as accessory to a principal use. Sec. 118-12(k)(1). | Where a vertical wall is allowed :: Only to stabilize a severely eroding shoreline on a manmade canal, channel or basin, and only if native vegetation or riprap with filter cloth is not feasible. No new seawalls, bulkheads or other hardened vertical structures on open water. Sec. 118-12(k)(3). | Repair and replacement :: A lawfully existing, deteriorated seawall may be repaired or replaced and is exempt from the nonsubstantial-improvement limits except on known or potential sea turtle nesting beaches. Keep the existing footprint to the maximum extent practicable. Sec. 118-12(k)(4). | Turtle beaches :: No seawalls, bulkheads or riprap on or waterward of a beach berm that is known or potential marine turtle nesting area. Sec. 118-12(k)(7). | V zones :: In coastal high hazard areas (Zone V), bulkheads and seawalls are allowed only if also authorized by the appropriate federal, state or local authority, located outside and not attached to buildings, and backed by a registered design professional's analysis showing no harmful diversion of floodwaters or wave runup and reflection. Sec. 122-31(d)(1).","Monroe County Land Development Code Sec. 118-12(k) (Shoreline Setback - Bulkheads, seawalls, and riprap) and Sec. 122-31(d)(1) (Floodplain Management - Other development); LDC online version May 18, 2026",2026-10,needs-content,Compliance,Monroe,3,0
cudjoe-key,seawall-permit,Seawall Permits in Cudjoe Key,Do I need a permit to repair a seawall in Cudjoe Key?,,,,,,,not-started,Compliance,Monroe,3,0
cudjoe-key,flood-zone,Cudjoe Key Flood Zone & Elevation Rules,"What flood zone is Cudjoe Key in, and what does it require?",,,,,,,not-started,Compliance,Monroe,3,0
cudjoe-key,dock-permit-size,Dock Permits & Size Limits in Cudjoe Key,How big a dock can I build in Cudjoe Key?,,,,,,,not-started,Dock,Monroe,3,0
cudjoe-key,boat-lift-rules,Boat Lift Rules in Cudjoe Key,What are the boat lift rules in Cudjoe Key?,,,,,,,not-started,Dock,Monroe,3,0
cudjoe-key,deck-requirements,Waterfront Deck Rules in Cudjoe Key,What are the deck setback and railing rules in Cudjoe Key?,,,,,,,not-started,Deck,Monroe,3,0
cudjoe-key,licensed-contractors,Checking a Marine Contractor in Cudjoe Key,How do I check a marine contractor in Cudjoe Key?,,,,,,,not-started,Failing,Monroe,3,0
cudjoe-key,storm-prep,Storm Prep for Cudjoe Key Waterfront Owners,What are the storm and debris rules in Cudjoe Key?,,,,,,,not-started,Failing,Monroe,3,0
fort-lauderdale,seawall-repair-cost,Seawall Repair Cost in Fort Lauderdale,What does a seawall cost in Fort Lauderdale?,"Scope first, then price",no credible number before a survey,"A seawall and a dock priced together are a different job from either one alone, and the number moves on things you can establish before anyone quotes. We do not publish a figure, because a price given without a survey of what is standing is a guess wearing a dollar sign. What we can tell you is exactly what moves it.","Condition of what is standing :: Whether the existing wall can be repaired or has to be replaced is the single biggest fork in the price. A survey answers it; a phone call cannot. | Demolition and removal :: Taking out an old dock and its timber piles is its own line. Piles pulled, not cut, cost more and are usually the right answer. | Access :: Whether a barge can reach the shoreline, or the work has to come through the property, changes mobilisation before a single panel is set. | Elevation target :: Building to 4 ft NAVD88 now versus straight to 5 ft changes steel and concrete today, and decides whether the wall comes up again before 2050. | Decking selection :: Composite varies widely by product. Ask for the per-square-foot rate and the exact product name in the bid. | Return walls :: Often not known until the wall is exposed. Ask for it priced as a conditional line rather than discovered later. | What to ask for :: A bid broken into demolition, wall, cap, dock and decking as separate lines. Two bids far apart almost always differ in one of them.",Cost drivers only. WallDockDeck does not publish price estimates: a credible number requires a survey of the existing structure. Confirm all figures with a licensed marine contractor.,2026-10,verified,Compliance,Broward,1,0
miami-beach,seawall-repair-cost,Seawall Repair Cost in Miami Beach,What does a seawall cost in Miami Beach?,,,,,,,not-started,Compliance,Miami-Dade,1,0
boca-raton,seawall-repair-cost,Seawall Repair Cost in Boca Raton,What does a seawall cost in Boca Raton?,"Three approaches, three prices","same wall, very different jobs","The same seawall can be addressed three structurally different ways, and the spread between them is wider than most owners expect. We do not publish figures, because the right approach depends on a survey. But knowing the three options is what lets you tell whether two bids are even for the same job.","Option one :: Repair the panels and restore the existing cap. The lightest intervention, and only possible if the panels are sound. | Option two :: Repair the panels and replace the cap outright. Chosen when the cap has spalled or the elevation has to change. | Option three :: Build a new wall in front of the existing one. The heaviest option, and in Boca Raton it is limited by where the old wall sits: the city's design manual says seawalls may not be built beyond the property line, with the wet face on the property line (EDSM 7.7.1(4); Code Sec. 26-146). A survey shows how much room there is. | The state's 18-inch line :: Florida's environmental permit exemption covers restoring a seawall at, upland of, or within 18 inches waterward of its previous location. Go farther out and the exemption no longer applies. s. 403.813(1)(e), F.S. | Why bids diverge :: Two contractors can quote the same shoreline against different options. Ask which of the three each bid assumes, in writing, before you compare them. | Boca's own constraint :: The city's Engineering Design Standards Manual sets a minimum of 4.0 ft NAVD88 and a maximum of 6.0 ft NAVD88, and that applies to any new or replaced seawall or dock, publicly or privately owned. An option that changes elevation has to land inside that band. | What else rides along :: Access ramps, staging and restoration are frequently in one bid and absent from another.","City of Boca Raton Engineering Design Standards Manual Sec. 7.7 and 7.7.1, Minimum Criteria for Waterway Features (updated January 2025); Code of Ordinances Ch. 22, Marine Structures; s. 403.813(1)(e), F.S. (2026). Cost drivers only - WallDockDeck does not publish price estimates.",2026-10,verified,Compliance,Palm Beach,1,0
pompano-beach,seawall-repair-cost,Seawall Repair Cost in Pompano Beach,What does a seawall cost in Pompano Beach?,,,,,,,not-started,Compliance,Broward,1,0
hollywood,seawall-repair-cost,Seawall Repair Cost in Hollywood,What does a seawall cost in Hollywood?,,,,,,,not-started,Compliance,Broward,1,0
key-west,seawall-repair-cost,Seawall Repair Cost in Key West,What does a seawall cost in Key West?,,,,,,,not-started,Compliance,Monroe,1,0
delray-beach,seawall-repair-cost,Seawall Repair Cost in Delray Beach,What does a seawall cost in Delray Beach?,,,,,,,not-started,Compliance,Palm Beach,1,0
jupiter,seawall-repair-cost,Seawall Repair Cost in Jupiter,What does a seawall cost in Jupiter?,,,,,,,not-started,Compliance,Palm Beach,1,0
coral-gables,seawall-repair-cost,Seawall Repair Cost in Coral Gables,What does a seawall cost in Coral Gables?,"Sized to the boat, plus a city bond",the vessel sets the price,"A boat lift is priced to a specific vessel, not to a dock, so two neighbours with the same dock can pay very different amounts. Coral Gables also requires a refundable bond on top of the contract, which catches people out because it is not in anyone's bid. We do not publish a figure - the boat decides it.","What sets the price :: Capacity, and therefore the weight and beam of the boat. A lift is specified to a vessel, not to a slip. | Water depth at the dock :: Shallower water needs different geometry and sometimes different equipment. | Specified to the boat :: Bunk spacing, cradle configuration and decking all follow from the hull. Get them written into the bid. | The city bond :: Coral Gables requires a performance bond set by the Public Works Director - a minimum of $1,000 or 25% of the estimated cost, whichever is lesser, and a maximum of 100% of it, held for at least six months after completion. Code Sec. 109-42(e)(3). A separate refundable damage deposit may also apply. Neither is in the contractor's number. | Agency fees are yours :: Permit fees are generally paid by the owner directly to the agencies, not through the contractor. | A benthic survey may be required :: If the agencies ask for one, it is an additional owner cost. Ask early whether your location is likely to trigger it. | What to ask for :: The lift capacity in pounds, the product and model, and a written list of what the owner pays outside the contract.",City of Coral Gables Code of Ordinances Sec. 109-42(e)(3) and Sec. 105-55; Miami-Dade RER-DERM Class I permitting. Cost drivers only - WallDockDeck does not publish price estimates.,2026-10,verified,Compliance,Miami-Dade,1,0
key-biscayne,seawall-repair-cost,Seawall Repair Cost in Key Biscayne,What does a seawall cost in Key Biscayne?,,,,,,,not-started,Compliance,Miami-Dade,1,0
lighthouse-point,seawall-repair-cost,Seawall Repair Cost in Lighthouse Point,What does a seawall cost in Lighthouse Point?,,,,,,,not-started,Compliance,Broward,2,0
deerfield-beach,seawall-repair-cost,Seawall Repair Cost in Deerfield Beach,What does a seawall cost in Deerfield Beach?,,,,,,,not-started,Compliance,Broward,2,0
dania-beach,seawall-repair-cost,Seawall Repair Cost in Dania Beach,What does a seawall cost in Dania Beach?,,,,,,,not-started,Compliance,Broward,2,0
hallandale-beach,seawall-repair-cost,Seawall Repair Cost in Hallandale Beach,What does a seawall cost in Hallandale Beach?,,,,,,,not-started,Compliance,Broward,2,0
lauderdale-by-the-sea,seawall-repair-cost,Seawall Repair Cost in Lauderdale-by-the-Sea,What does a seawall cost in Lauderdale-by-the-Sea?,,,,,,,not-started,Compliance,Broward,2,0
miami,seawall-repair-cost,Seawall Repair Cost in Miami,What does a seawall cost in Miami?,,,,,,,not-started,Compliance,Miami-Dade,2,0
surfside,seawall-repair-cost,Seawall Repair Cost in Surfside,What does a seawall cost in Surfside?,,,,,,,not-started,Compliance,Miami-Dade,2,0
aventura,seawall-repair-cost,Seawall Repair Cost in Aventura,What does a seawall cost in Aventura?,,,,,,,not-started,Compliance,Miami-Dade,2,0
sunny-isles-beach,seawall-repair-cost,Seawall Repair Cost in Sunny Isles Beach,What does a seawall cost in Sunny Isles Beach?,,,,,,,not-started,Compliance,Miami-Dade,2,0
bay-harbor-islands,seawall-repair-cost,Seawall Repair Cost in Bay Harbor Islands,What does a seawall cost in Bay Harbor Islands?,,,,,,,not-started,Compliance,Miami-Dade,2,0
bal-harbour,seawall-repair-cost,Seawall Repair Cost in Bal Harbour,What does a seawall cost in Bal Harbour?,,,,,,,not-started,Compliance,Miami-Dade,2,0
west-palm-beach,seawall-repair-cost,Seawall Repair Cost in West Palm Beach,What does a seawall cost in West Palm Beach?,,,,,,,not-started,Compliance,Palm Beach,2,0
north-palm-beach,seawall-repair-cost,Seawall Repair Cost in North Palm Beach,What does a seawall cost in North Palm Beach?,,,,,,,not-started,Compliance,Palm Beach,2,0
palm-beach,seawall-repair-cost,Seawall Repair Cost in Palm Beach,What does a seawall cost in Palm Beach?,,,,,,,not-started,Compliance,Palm Beach,2,0
palm-beach-gardens,seawall-repair-cost,Seawall Repair Cost in Palm Beach Gardens,What does a seawall cost in Palm Beach Gardens?,,,,,,,not-started,Compliance,Palm Beach,2,0
boynton-beach,seawall-repair-cost,Seawall Repair Cost in Boynton Beach,What does a seawall cost in Boynton Beach?,,,,,,,not-started,Compliance,Palm Beach,2,0
highland-beach,seawall-repair-cost,Seawall Repair Cost in Highland Beach,What does a seawall cost in Highland Beach?,,,,,,,not-started,Compliance,Palm Beach,2,0
marathon,seawall-repair-cost,Seawall Repair Cost in Marathon,What does a seawall cost in Marathon?,,,,,,,not-started,Compliance,Monroe,2,0
islamorada,seawall-repair-cost,Seawall Repair Cost in Islamorada,What does a seawall cost in Islamorada?,,,,,,,not-started,Compliance,Monroe,2,0
key-largo,seawall-repair-cost,Seawall Repair Cost in Key Largo,What does a seawall cost in Key Largo?,,,,,,,not-started,Compliance,Monroe,2,0
wilton-manors,seawall-repair-cost,Seawall Repair Cost in Wilton Manors,What does a seawall cost in Wilton Manors?,,,,,,,not-started,Compliance,Broward,3,0
hillsboro-beach,seawall-repair-cost,Seawall Repair Cost in Hillsboro Beach,What does a seawall cost in Hillsboro Beach?,,,,,,,not-started,Compliance,Broward,3,0
oakland-park,seawall-repair-cost,Seawall Repair Cost in Oakland Park,What does a seawall cost in Oakland Park?,,,,,,,not-started,Compliance,Broward,3,0
sea-ranch-lakes,seawall-repair-cost,Seawall Repair Cost in Sea Ranch Lakes,What does a seawall cost in Sea Ranch Lakes?,,,,,,,not-started,Compliance,Broward,3,0
north-bay-village,seawall-repair-cost,Seawall Repair Cost in North Bay Village,What does a seawall cost in North Bay Village?,,,,,,,not-started,Compliance,Miami-Dade,3,0
golden-beach,seawall-repair-cost,Seawall Repair Cost in Golden Beach,What does a seawall cost in Golden Beach?,,,,,,,not-started,Compliance,Miami-Dade,3,0
palmetto-bay,seawall-repair-cost,Seawall Repair Cost in Palmetto Bay,What does a seawall cost in Palmetto Bay?,,,,,,,not-started,Compliance,Miami-Dade,3,0
cutler-bay,seawall-repair-cost,Seawall Repair Cost in Cutler Bay,What does a seawall cost in Cutler Bay?,,,,,,,not-started,Compliance,Miami-Dade,3,0
miami-shores,seawall-repair-cost,Seawall Repair Cost in Miami Shores,What does a seawall cost in Miami Shores?,,,,,,,not-started,Compliance,Miami-Dade,3,0
ocean-ridge,seawall-repair-cost,Seawall Repair Cost in Ocean Ridge,What does a seawall cost in Ocean Ridge?,,,,,,,not-started,Compliance,Palm Beach,3,0
gulf-stream,seawall-repair-cost,Seawall Repair Cost in Gulf Stream,What does a seawall cost in Gulf Stream?,,,,,,,not-started,Compliance,Palm Beach,3,0
manalapan,seawall-repair-cost,Seawall Repair Cost in Manalapan,What does a seawall cost in Manalapan?,,,,,,,not-started,Compliance,Palm Beach,3,0
tequesta,seawall-repair-cost,Seawall Repair Cost in Tequesta,What does a seawall cost in Tequesta?,,,,,,,not-started,Compliance,Palm Beach,3,0
juno-beach,seawall-repair-cost,Seawall Repair Cost in Juno Beach,What does a seawall cost in Juno Beach?,,,,,,,not-started,Compliance,Palm Beach,3,0
riviera-beach,seawall-repair-cost,Seawall Repair Cost in Riviera Beach,What does a seawall cost in Riviera Beach?,,,,,,,not-started,Compliance,Palm Beach,3,0
lantana,seawall-repair-cost,Seawall Repair Cost in Lantana,What does a seawall cost in Lantana?,,,,,,,not-started,Compliance,Palm Beach,3,0
south-palm-beach,seawall-repair-cost,Seawall Repair Cost in South Palm Beach,What does a seawall cost in South Palm Beach?,,,,,,,not-started,Compliance,Palm Beach,3,0
lake-worth-beach,seawall-repair-cost,Seawall Repair Cost in Lake Worth Beach,What does a seawall cost in Lake Worth Beach?,,,,,,,not-started,Compliance,Palm Beach,3,0
big-pine-key,seawall-repair-cost,Seawall Repair Cost in Big Pine Key,What does a seawall cost in Big Pine Key?,,,,,,,not-started,Compliance,Monroe,3,0
key-colony-beach,seawall-repair-cost,Seawall Repair Cost in Key Colony Beach,What does a seawall cost in Key Colony Beach?,,,,,,,not-started,Compliance,Monroe,3,0
tavernier,seawall-repair-cost,Seawall Repair Cost in Tavernier,What does a seawall cost in Tavernier?,,,,,,,not-started,Compliance,Monroe,3,0
cudjoe-key,seawall-repair-cost,Seawall Repair Cost in Cudjoe Key,What does a seawall cost in Cudjoe Key?,,,,,,,not-started,Compliance,Monroe,3,0
