citySlug,topicSlug,headline_answer,unit,qualifier,detail_rows,source,source_url,verified_date,status,notes,vet_note
fort-lauderdale,flood-zone,BFE +1 ft (state code),lowest floor above base flood elevation; no extra city freeboard,"Fort Lauderdale's floodplain chapter adds no freeboard number of its own for ordinary buildings, so the Florida Building Code's BFE + 1 ft applies. What the city does add is a two-year look-back: improvements are added up over two years when testing the 50% substantial-improvement line.","City freeboard :: None set for ordinary buildings in Code Ch. 14; critical facilities must be at BFE + 3 ft or the 500-year flood elevation, whichever is higher - Sec. 14-11. | Substantial improvement :: Any combination of work taking place during a two-year period whose cumulative cost equals or exceeds 50% of the building's market value - Sec. 14-1. | City lookup tool :: The city's flood-insurance page sends owners to its GIS Application (gis.fortlauderdale.gov/FemaFloodZones) to read the FIRM zone for a parcel; the same page still quotes 2014 maps and a 20% discount, which FEMA's current records supersede. | FEMA flood map :: FEMA's Community Status Book (report dated 3 Oct 2026) lists Fort Lauderdale as NFIP community 125105 with a current effective FIRM dated 31 Jul 2024. Zones are set parcel by parcel, so no single zone covers the whole city - check your own address. | NFIP history :: FEMA record: first flood hazard boundary map 3 Nov 1972; first FIRM 3 Nov 1972; regular NFIP program since 3 Nov 1972; entered CRS 1 Oct 1992. | Flood insurance discount :: CRS class 7 - 15% off NFIP premiums for policies in the Special Flood Hazard Area (class in effect 1 Oct 2020). | State minimum :: 2023 Florida Building Code, Residential R322.2.1 and R322.3.2 - lowest floor (A zones) or bottom of the lowest horizontal structural member (V and Coastal A zones) at BFE + 1 ft or the design flood elevation, whichever is higher. | Look up your zone :: City GIS Application (gis.fortlauderdale.gov/FemaFloodZones) or FEMA's Flood Map Service Center (msc.fema.gov), the official public source for FIRMs.","Fort Lauderdale Code of Ordinances Ch. 14 Secs. 14-1, 14-11; City of Fort Lauderdale Flood - Flood Insurance page; FEMA Community Status Book, Florida (www.fema.gov/cis/FL.html, report 10/03/2026); 2023 Florida Building Code, Residential R322.2.1, R322.3.2; 44 CFR 59.1; FEMA Flood Map Service Center",https://library.municode.com/fl/fort_lauderdale/codes/code_of_ordinances?nodeId=COOR_CH14FLMA_ARTIINGE_S14-1DE,2026-10,verified,City flood page (fortlauderdale.gov/Residents/Floods-and-Flood-Insurance) is stale on map date (says 2014) and discount (says 20%); FEMA CSB shows 7/31/2024 and class 7 / 15% - row uses FEMA.,Sec. 14-1 two-year cumulative 50% and Sec. 14-11 critical BFE+3 re-read on Municode; GIS link read on city page. Re-read 3 Oct 2026: FEMA Community Status Book FL (report dated 10/03/2026) row for CID 125105 - map date and CRS class/%; city code text on the cited host; FBC-R R322.2.1/R322.3.2 (codes.iccsafe.org 2023 8th ed.); 44 CFR 59.1; FEMA MSC home page.
miami-beach,flood-zone,+1 ft min freeboard (up to +5 ft),above BFE; homes also at least 9.0 ft NGVD,"Miami Beach sets a minimum freeboard of 1 foot and lets owners build up to 5 feet above base flood elevation without the extra height counting against zoning. In A zones a home's lowest floor and equipment must also clear 9.0 ft NGVD (7.44 ft NAVD) and the crown of road or sidewalk plus 1 foot, whichever is highest. Improvements are added up over one year.","Freeboard :: Minimum freeboard equals one foot; maximum freeboard equals five feet - Sec. 54-35. | Homes in A zones :: Lowest floor and service equipment no lower than 9.0 ft NGVD (7.44 ft NAVD), the crown of road or sidewalk plus one foot, or BFE plus minimum freeboard, whichever is higher - Sec. 54-48(1)(a). | Zone X :: Lowest floor at least 1 ft above the highest adjacent grade or the crown of the nearest street, whichever is higher - Sec. 54-48. | Substantial improvement :: Work during a one-year period with cumulative cost of 50% or more; includes substantial structural alteration and Alteration Level 3 - Sec. 54-35. | Seawall note :: For seawalls, a substantial improvement is repair costing $500 or more per linear foot - Sec. 54-61. | Worked example :: A building with a market value of $415,000 (structure only) crosses the 50% line once qualifying work within one year reaches $207,500; from then on the whole building must meet current flood-elevation rules. | Changing the rules :: Any ordinance that would reduce, relax, diminish or repeal Chapter 54 standards needs a five-sevenths vote of the city commission, and Article II amendments go first to the Florida Division of Emergency Management for review - Sec. 54-30. | FEMA flood map :: FEMA's Community Status Book (report dated 3 Oct 2026) lists Miami Beach as NFIP community 120651 with a current effective FIRM dated 11 Sep 2009. Zones are set parcel by parcel, so no single zone covers the whole city - check your own address. | NFIP history :: FEMA record: first FIRM 29 Sep 1972; regular NFIP program since 29 Sep 1972; entered CRS 1 Oct 1996. | Flood insurance discount :: CRS class 5 - 25% off NFIP premiums for policies in the Special Flood Hazard Area (class in effect 1 May 2019). | State minimum :: 2023 Florida Building Code, Residential R322.2.1 and R322.3.2 - lowest floor (A zones) or bottom of the lowest horizontal structural member (V and Coastal A zones) at BFE + 1 ft or the design flood elevation, whichever is higher. | Look up your zone :: Enter the address in FEMA's Flood Map Service Center (msc.fema.gov), the official public source for FIRMs; an elevation certificate shows how your floor compares with the BFE.","Miami Beach Code of Ordinances Subpart A Ch. 54 Floods, Secs. 54-35, 54-48, 54-61 (Supp. 98); FEMA Community Status Book, Florida (www.fema.gov/cis/FL.html, report 10/03/2026); 2023 Florida Building Code, Residential R322.2.1, R322.3.2; 44 CFR 59.1; FEMA Flood Map Service Center",https://library.municode.com/fl/miami_beach/codes/code_of_ordinances?nodeId=SPAGEOR_CH54FL,2026-10,verified,Municode notes Subpart B Resiliency Code is maintained on Gridics; Ch. 54 (Subpart A) is current through Ord. 2025-4754.,"Ch. 54 re-read on Municode (Supp. 98, online 2 Sep 2026). Re-read 3 Oct 2026: FEMA Community Status Book FL (report dated 10/03/2026) row for CID 120651 - map date and CRS class/%; city code text on the cited host; FBC-R R322.2.1/R322.3.2 (codes.iccsafe.org 2023 8th ed.); 44 CFR 59.1; FEMA MSC home page."
boca-raton,flood-zone,BFE +1 ft (state code),no extra city freeboard found,"Boca Raton uses a 49% substantial-improvement trigger counted over one year: improvements within a 1-year period that add up to 49% of market value, starting with work after 10 June 2008, require the whole building to meet flood rules. No extra freeboard number appears in Chapter 21. Owners planning staged renovations should budget a whole year's work together, because the pieces are summed.","Substantial improvement :: 1-year period, cumulative cost of 49% or more of market value immediately before the first improvement, from the first improvement after June 10, 2008 - Sec. 21-2. | Substantial damage :: 49 percent of market value - Sec. 21-2. | Chapter history :: Chapter 21 carries the title Flood Damage Prevention and Floodplain Management; its administration sections were amended by Ord. No. 5418 on 10 Oct 2017. | How the 1-year clock runs :: The window opens on the date of the first improvement or repair of that building after the 2008 cut-off, and value is measured immediately before that first job - Sec. 21-2. | Worked example :: A building with a market value of $383,000 (structure only) crosses the 49% line once qualifying work within one year of the first job reaches $187,670; from then on the whole building must meet current flood-elevation rules. | FEMA flood map :: FEMA's Community Status Book (report dated 3 Oct 2026) lists Boca Raton as NFIP community 120195 with a current effective FIRM dated 20 Dec 2024. Zones are set parcel by parcel, so no single zone covers the whole city - check your own address. | NFIP history :: FEMA record: first flood hazard boundary map 24 Jan 1975; first FIRM 1 Jun 1978; regular NFIP program since 1 Jun 1978; entered CRS 1 Oct 1992. | Flood insurance discount :: CRS class 5 - 25% off NFIP premiums for policies in the Special Flood Hazard Area (class in effect 1 Apr 2025). | State minimum :: 2023 Florida Building Code, Residential R322.2.1 and R322.3.2 - lowest floor (A zones) or bottom of the lowest horizontal structural member (V and Coastal A zones) at BFE + 1 ft or the design flood elevation, whichever is higher. | Look up your zone :: Enter the address in FEMA's Flood Map Service Center (msc.fema.gov), the official public source for FIRMs; an elevation certificate shows how your floor compares with the BFE.","Boca Raton Code of Ordinances Ch. 21 Flood Damage Prevention and Floodplain Management, Sec. 21-2 (Ord. No. 5418); FEMA Community Status Book, Florida (www.fema.gov/cis/FL.html, report 10/03/2026); 2023 Florida Building Code, Residential R322.2.1, R322.3.2; 44 CFR 59.1; FEMA Flood Map Service Center",https://library.municode.com/fl/boca_raton/codes/code_of_ordinances?nodeId=VOII_CH21FLDAPRFLMA,2026-10,verified,,Ch. 21 re-read on Municode. Re-read 3 Oct 2026: FEMA Community Status Book FL (report dated 10/03/2026) row for CID 120195 - map date and CRS class/%; city code text on the cited host; FBC-R R322.2.1/R322.3.2 (codes.iccsafe.org 2023 8th ed.); 44 CFR 59.1; FEMA MSC home page.
pompano-beach,flood-zone,BFE +1 ft or 18 in above crown,"whichever is higher, residential lowest floor","Pompano Beach sets its own floor: homes must sit at BFE plus one foot or at least 18 inches above the crown of the adjacent streets, whichever is higher. Its substantial-improvement trigger is 49%, one point under the federal 50%, with no look-back period.","Residential floor :: BFE + 1 ft, or at least 18 in above the highest point of the crown of all existing adjacent streets, whichever results in the highest elevation - Sec. 152.29(C)(1)(a). | Nonresidential floor :: FBC elevation or at least 6 in above the crown, whichever is higher; critical facilities BFE + 2 ft, the 500-year elevation, or 18 in above crown - Sec. 152.29(C)(1)(b)-(c). | Substantial improvement / damage :: Cost equal to or over 49 percent of the building's market value; no cumulative period - Sec. 152.21(D)(41)-(42). | Market value :: Actual cash value by an independent appraiser, or tax assessment value adjusted by the Property Appraiser's factor - Sec. 152.21(D)(34). | FEMA flood map :: FEMA's Community Status Book (report dated 3 Oct 2026) lists Pompano Beach as NFIP community 120055 with a current effective FIRM dated 31 Jul 2024. Zones are set parcel by parcel, so no single zone covers the whole city - check your own address. | NFIP history :: FEMA record: first flood hazard boundary map 16 Mar 1973; first FIRM 5 Sep 1979; regular NFIP program since 5 Sep 1979; entered CRS 1 Oct 1993. | Flood insurance discount :: CRS class 6 - 20% off NFIP premiums for policies in the Special Flood Hazard Area (class in effect 1 May 2020). | State minimum :: 2023 Florida Building Code, Residential R322.2.1 and R322.3.2 - lowest floor (A zones) or bottom of the lowest horizontal structural member (V and Coastal A zones) at BFE + 1 ft or the design flood elevation, whichever is higher. | Look up your zone :: Enter the address in FEMA's Flood Map Service Center (msc.fema.gov), the official public source for FIRMs; an elevation certificate shows how your floor compares with the BFE.","Pompano Beach Code of Ordinances Ch. 152, Secs. 152.21 and 152.29 (American Legal, 2026 S-122); FEMA Community Status Book, Florida (www.fema.gov/cis/FL.html, report 10/03/2026); 2023 Florida Building Code, Residential R322.2.1, R322.3.2; 44 CFR 59.1; FEMA Flood Map Service Center",https://codelibrary.amlegal.com/codes/pompanobeach/latest/pompanobeach_fl/0-0-0-86704,2026-10,verified,,Both sections fetched in full from amlegal (2026 S-122). Re-read 3 Oct 2026: FEMA Community Status Book FL (report dated 10/03/2026) row for CID 120055 - map date and CRS class/%; city code text on the cited host; FBC-R R322.2.1/R322.3.2 (codes.iccsafe.org 2023 8th ed.); 44 CFR 59.1; FEMA MSC home page.
hollywood,flood-zone,FBC elevation or 18 in above crown,residential lowest floor,"Hollywood counts improvements over five years: any combination of work in a five-year period that adds up to 50% of market value is a substantial improvement, with the clock starting at the first improvement. Homes must meet the Florida Building Code elevation or sit at least 18 inches above the crown of the adjacent streets.","Residential floor :: Elevation required by the Florida Building Code, or at least 18 in above the highest point of the crown of all adjacent streets, or a rational engineering design accepted by the Director of Public Utilities - Sec. 154.50(C)(1)(a). | Lot grade :: Finished lot grade not less than the crown of the adjacent street or top of sidewalk, whichever is higher - Sec. 154.50(C)(2). | Substantial improvement :: Five-year cumulative period at 50% of market value, starting on the date of the first improvement or repair - Sec. 154.50(C)(4). | Accessory structures :: Up to 600 sq ft in A/AE zones and 100 sq ft in V zones, with flood openings and BFE + 1 ft materials and utilities - Sec. 154.50(D). | FEMA flood map :: FEMA's Community Status Book (report dated 3 Oct 2026) lists Hollywood as NFIP community 125113 with a current effective FIRM dated 31 Jul 2024. Zones are set parcel by parcel, so no single zone covers the whole city - check your own address. | NFIP history :: FEMA record: first flood hazard boundary map 7 Nov 1972; first FIRM 7 Nov 1972; regular NFIP program since 3 Nov 1972; entered CRS 1 Oct 1992. | Flood insurance discount :: CRS class 6 - 20% off NFIP premiums for policies in the Special Flood Hazard Area (class in effect 1 May 2012). | State minimum :: 2023 Florida Building Code, Residential R322.2.1 and R322.3.2 - lowest floor (A zones) or bottom of the lowest horizontal structural member (V and Coastal A zones) at BFE + 1 ft or the design flood elevation, whichever is higher. | Look up your zone :: Enter the address in FEMA's Flood Map Service Center (msc.fema.gov), the official public source for FIRMs; an elevation certificate shows how your floor compares with the BFE.","Hollywood Code of Ordinances Ch. 154 Flood Damage Prevention, Sec. 154.50 (American Legal, 2026 S-52); FEMA Community Status Book, Florida (www.fema.gov/cis/FL.html, report 10/03/2026); 2023 Florida Building Code, Residential R322.2.1, R322.3.2; 44 CFR 59.1; FEMA Flood Map Service Center",https://codelibrary.amlegal.com/codes/hollywood/latest/hollywood_fl/0-0-0-13913,2026-10,verified,Sec. 154.50(C)(1)(a) lists the options joined by 'or' without 'whichever is higher' - wording kept literal.,Sec. 154.50 fetched in full from amlegal (2026 S-52). Re-read 3 Oct 2026: FEMA Community Status Book FL (report dated 10/03/2026) row for CID 125113 - map date and CRS class/%; city code text on the cited host; FBC-R R322.2.1/R322.3.2 (codes.iccsafe.org 2023 8th ed.); 44 CFR 59.1; FEMA MSC home page.
key-west,flood-zone,BFE +1 ft (state code),city rules not verified,"Key West is still mapped on the Monroe County FIRM dated 18 February 2005, according to FEMA's Community Status Book. Its own floodplain ordinance was not read for this review.","FEMA flood map :: FEMA's Community Status Book (report dated 3 Oct 2026) lists Key West as NFIP community 120168 with a current effective FIRM dated 18 Feb 2005. Zones are set parcel by parcel, so no single zone covers the whole city - check your own address. | NFIP history :: FEMA record: first FIRM 3 Sep 1971; regular NFIP program since 3 Sep 1971; entered CRS 1 Oct 2016. | Flood insurance discount :: CRS class 5 - 25% off NFIP premiums for policies in the Special Flood Hazard Area (class in effect 1 Oct 2020). | State minimum :: 2023 Florida Building Code, Residential R322.2.1 and R322.3.2 - lowest floor (A zones) or bottom of the lowest horizontal structural member (V and Coastal A zones) at BFE + 1 ft or the design flood elevation, whichever is higher. | Look up your zone :: Enter the address in FEMA's Flood Map Service Center (msc.fema.gov), the official public source for FIRMs; an elevation certificate shows how your floor compares with the BFE.","FEMA Community Status Book; local code not read; FEMA Community Status Book, Florida (www.fema.gov/cis/FL.html, report 10/03/2026); 2023 Florida Building Code, Residential R322.2.1, R322.3.2; 44 CFR 59.1; FEMA Flood Map Service Center",https://www.fema.gov/cis/FL.html,2026-10,needs-review,"Local floodplain ordinance (freeboard, SI/SD rule) not located/read; Keys codes may use cumulative or lower thresholds - verify before publishing.",Only CSB facts verified. Re-read 3 Oct 2026: FEMA Community Status Book FL (report dated 10/03/2026) row for CID 120168 - map date and CRS class/%; city code text on the cited host; FBC-R R322.2.1/R322.3.2 (codes.iccsafe.org 2023 8th ed.); 44 CFR 59.1; FEMA MSC home page.
delray-beach,flood-zone,BFE +1 ft (state code),no extra city freeboard for buildings found,"Delray Beach keeps its flood rules in Chapter 10 of the land development regulations, uses the plain 50% substantial-improvement test, and lets owners add freeboard above the minimum under LDR Section 4.3.4(J)(2). Manufactured homes go to BFE plus 1 foot. Chapter 10 pairs the flood rules with the city's coastal construction rules, so beachfront projects answer to both halves of that chapter.","Substantial improvement / damage :: 50 percent of market value, no cumulative period - LDR Ch. 10 definitions (Ord. No. 32-16). | Manufactured homes :: Bottom of lowest horizontal member at BFE plus one foot or the FBC level, whichever is higher - LDR 10.3.4(D). | Extra freeboard :: 'Additional freeboard elevation is allowed per Section 4.3.4(J)(2)' - LDR 10.3.4(D). | Manufactured-home enclosures :: Enclosed areas below elevated manufactured homes follow FBC Residential R322.2 or R322.3 - LDR 10.3.4(E). | Worked example :: A building with a market value of $296,000 (structure only) crosses the 50% line once qualifying work in a single permit (no look-back period) reaches $148,000; from then on the whole building must meet current flood-elevation rules. | More trigger points :: $517,000 building value -> $258,500 trigger. | FEMA flood map :: FEMA's Community Status Book (report dated 3 Oct 2026) lists Delray Beach as NFIP community 125102 with a current effective FIRM dated 20 Dec 2024. Zones are set parcel by parcel, so no single zone covers the whole city - check your own address. | NFIP history :: FEMA record: first FIRM 9 Apr 1971; regular NFIP program since 9 Apr 1971; entered CRS 1 Oct 1994. | Flood insurance discount :: CRS class 6 - 20% off NFIP premiums for policies in the Special Flood Hazard Area (class in effect 1 Oct 2020). | State minimum :: 2023 Florida Building Code, Residential R322.2.1 and R322.3.2 - lowest floor (A zones) or bottom of the lowest horizontal structural member (V and Coastal A zones) at BFE + 1 ft or the design flood elevation, whichever is higher. | Look up your zone :: Enter the address in FEMA's Flood Map Service Center (msc.fema.gov), the official public source for FIRMs; an elevation certificate shows how your floor compares with the BFE.","Delray Beach Land Development Regulations Ch. 10 Flood Damage Control Districts and Coastal Construction; FEMA Community Status Book, Florida (www.fema.gov/cis/FL.html, report 10/03/2026); 2023 Florida Building Code, Residential R322.2.1, R322.3.2; 44 CFR 59.1; FEMA Flood Map Service Center",https://library.municode.com/fl/delray_beach/codes/land_development_regulations?nodeId=CH10FLDACODICOCO,2026-10,verified,,LDR Ch. 10 re-read on Municode. Re-read 3 Oct 2026: FEMA Community Status Book FL (report dated 10/03/2026) row for CID 125102 - map date and CRS class/%; city code text on the cited host; FBC-R R322.2.1/R322.3.2 (codes.iccsafe.org 2023 8th ed.); 44 CFR 59.1; FEMA MSC home page.
jupiter,flood-zone,+1.5 ft above BFE,lowest floor / bottom of structural member,"Jupiter requires every building in a flood hazard area to sit at base flood elevation plus 1.5 feet, or the design flood elevation if higher. It counts improvements over five years, with the accumulation running from the first improvement after 21 June 1977, and bars fill as foundation support except in stem walls.","Freeboard :: Lowest floor, dry floodproofing or bottom of lowest horizontal structural member at or above BFE plus 1.5 feet, or the design flood elevation, whichever is higher - Sec. 22-251(b). | Fill :: Fill shall not be used to support foundations, except in stem wall foundations - Sec. 22-251(c). | V and Coastal A zones :: Solid walls are not permitted below elevated buildings - Sec. 22-251(d). | Substantial improvement :: Five year period, cumulative cost of 50% or more, accumulation from the first improvement after June 21, 1977 - Sec. 22-3. | FEMA flood map :: FEMA's Community Status Book (report dated 3 Oct 2026) lists Jupiter as NFIP community 125119 with a current effective FIRM dated 20 Dec 2024. Zones are set parcel by parcel, so no single zone covers the whole city - check your own address. | NFIP history :: FEMA record: first FIRM 22 Sep 1972; regular NFIP program since 22 Sep 1972; entered CRS 1 Oct 1994. | Flood insurance discount :: CRS class 5 - 25% off NFIP premiums for policies in the Special Flood Hazard Area (class in effect 1 May 2015). | State minimum :: 2023 Florida Building Code, Residential R322.2.1 and R322.3.2 - lowest floor (A zones) or bottom of the lowest horizontal structural member (V and Coastal A zones) at BFE + 1 ft or the design flood elevation, whichever is higher. | Look up your zone :: Enter the address in FEMA's Flood Map Service Center (msc.fema.gov), the official public source for FIRMs; an elevation certificate shows how your floor compares with the BFE.","Jupiter Code Subpart B LDR Ch. 22 Flood Prevention and Protection, Secs. 22-3, 22-251; FEMA Community Status Book, Florida (www.fema.gov/cis/FL.html, report 10/03/2026); 2023 Florida Building Code, Residential R322.2.1, R322.3.2; 44 CFR 59.1; FEMA Flood Map Service Center",https://library.municode.com/fl/jupiter/codes/code_of_ordinances?nodeId=SPBLADERE_CH22FLPRPR_ARTXFLSIDE,2026-10,verified,,Secs. 22-3 and 22-251 re-read on Municode. Re-read 3 Oct 2026: FEMA Community Status Book FL (report dated 10/03/2026) row for CID 125119 - map date and CRS class/%; city code text on the cited host; FBC-R R322.2.1/R322.3.2 (codes.iccsafe.org 2023 8th ed.); 44 CFR 59.1; FEMA MSC home page.
coral-gables,flood-zone,BFE +1 ft (state code),no extra city freeboard found,"Coral Gables puts its flood rules in Chapter 113 of the land development regulations and counts improvements over five years: work that adds up to 50% of market value within five years of the first permit is a substantial improvement. No extra freeboard number appears, so the Florida Building Code floor applies.","Substantial improvement :: Five-year period, cumulative cost of 50% or more; accumulation begins when the first improvement is permitted - Secs. 113-9, 113-10. | Substantial damage :: 50 percent of market value - Sec. 113-9. | Where the rules sit :: Coral Gables places floodplain rules in Subpart B, the Land Development Regulations, as Chapter 113 Flood Damage Prevention - alongside Chapter 105 Buildings and Chapter 109 Environmental and Natural Resource Protection. | Accessory structures :: Flood damage-resistant materials below BFE + 1 ft and mechanical, plumbing and electrical systems at or above BFE + 1 ft; at most one switch and one outlet below BFE, on a ground fault interrupt breaker - Sec. 113-10. | FEMA flood map :: FEMA's Community Status Book (report dated 3 Oct 2026) lists Coral Gables as NFIP community 120639 with a current effective FIRM dated 11 Sep 2009. Zones are set parcel by parcel, so no single zone covers the whole city - check your own address. | NFIP history :: FEMA record: first FIRM 29 Sep 1972; regular NFIP program since 29 Sep 1972; entered CRS 1 Oct 1993. | Flood insurance discount :: CRS class 5 - 25% off NFIP premiums for policies in the Special Flood Hazard Area (class in effect 1 May 2020). | State minimum :: 2023 Florida Building Code, Residential R322.2.1 and R322.3.2 - lowest floor (A zones) or bottom of the lowest horizontal structural member (V and Coastal A zones) at BFE + 1 ft or the design flood elevation, whichever is higher. | Look up your zone :: Enter the address in FEMA's Flood Map Service Center (msc.fema.gov), the official public source for FIRMs; an elevation certificate shows how your floor compares with the BFE.","Coral Gables Code Subpart B LDR Ch. 113 Flood Damage Prevention, Secs. 113-9, 113-10; FEMA Community Status Book, Florida (www.fema.gov/cis/FL.html, report 10/03/2026); 2023 Florida Building Code, Residential R322.2.1, R322.3.2; 44 CFR 59.1; FEMA Flood Map Service Center",https://library.municode.com/fl/coral_gables/codes/code_of_ordinances?nodeId=SPBLADERE_CH113FLDAPR,2026-10,verified,,Ch. 113 re-read on Municode; searched for freeboard/plus one - only accessory-structure BFE+1. Re-read 3 Oct 2026: FEMA Community Status Book FL (report dated 10/03/2026) row for CID 120639 - map date and CRS class/%; city code text on the cited host; FBC-R R322.2.1/R322.3.2 (codes.iccsafe.org 2023 8th ed.); 44 CFR 59.1; FEMA MSC home page.
key-biscayne,flood-zone,+1 ft above BFE (new homes),new one- and two-family dwellings,"Key Biscayne requires new one- and two-family homes at base flood elevation plus 1 foot (or the Florida Building Code level, if higher), and lowers its substantial-improvement trigger to 49% of market value. Critical facilities go to the 500-year flood elevation plus 1 foot.","New homes :: Lowest floor or bottom of lowest horizontal member at or above BFE plus one foot, or as in FBC-Residential, whichever is higher - Sec. 10-73(3)a. | Improved/damaged homes :: Elevation per FBC-Residential - Sec. 10-73(3)b. | Critical facilities :: FBC minimum or the 500-year flood elevation plus one foot, whichever is higher - Sec. 10-73(3)c. | Substantial improvement / damage :: 49 percent of market value, no cumulative period - Sec. 10-63, applied by Sec. 10-73(1). | Enclosures :: For one- and two-family dwellings, enclosed areas below elevated buildings: access limited to parking (garage door), limited storage (standard exterior door) or entry (stairway or elevator), and the interior may not be finished or partitioned - Sec. 10-73(2). | Site plans :: Must show that street flooding and local drainage from and onto neighbouring lots is accounted for - Sec. 10-73(4). | FEMA flood map :: FEMA's Community Status Book (report dated 3 Oct 2026) lists Key Biscayne as NFIP community 120648 with a current effective FIRM dated 11 Sep 2009. Zones are set parcel by parcel, so no single zone covers the whole city - check your own address. | NFIP history :: FEMA record: first FIRM 29 Sep 1972; regular NFIP program since 29 Sep 1972; entered CRS 1 Apr 1998. | Flood insurance discount :: CRS class 8 - 10% off NFIP premiums for policies in the Special Flood Hazard Area (class in effect 1 Apr 2021). | State minimum :: 2023 Florida Building Code, Residential R322.2.1 and R322.3.2 - lowest floor (A zones) or bottom of the lowest horizontal structural member (V and Coastal A zones) at BFE + 1 ft or the design flood elevation, whichever is higher. | Look up your zone :: Enter the address in FEMA's Flood Map Service Center (msc.fema.gov), the official public source for FIRMs; an elevation certificate shows how your floor compares with the BFE.","Key Biscayne Code of Ordinances Ch. 10 Floodplain Management, Secs. 10-63, 10-73; FEMA Community Status Book, Florida (www.fema.gov/cis/FL.html, report 10/03/2026); 2023 Florida Building Code, Residential R322.2.1, R322.3.2; 44 CFR 59.1; FEMA Flood Map Service Center",https://library.municode.com/fl/key_biscayne/codes/code_of_ordinances?nodeId=PTIICO_CH10FLMA_ARTIIIFLREDE_DIV1BUST_S10-73SPMECORE,2026-10,verified,,Secs. 10-63 and 10-73 re-read on Municode. Re-read 3 Oct 2026: FEMA Community Status Book FL (report dated 10/03/2026) row for CID 120648 - map date and CRS class/%; city code text on the cited host; FBC-R R322.2.1/R322.3.2 (codes.iccsafe.org 2023 8th ed.); 44 CFR 59.1; FEMA MSC home page.
lighthouse-point,flood-zone,BFE +1 ft (state code),no verified city freeboard,"Lighthouse Point's floodplain chapter uses the plain 50% substantial-improvement test with no look-back period. The city's online code is several years out of date, so its floor-elevation rules could not be confirmed.","Substantial improvement / damage :: 50 percent of market value, no cumulative period - Code Ch. 38, Sec. 38-55. | FEMA flood map :: FEMA's Community Status Book (report dated 3 Oct 2026) lists Lighthouse Point as NFIP community 125125 with a current effective FIRM dated 31 Jul 2024. Zones are set parcel by parcel, so no single zone covers the whole city - check your own address. | NFIP history :: FEMA record: first flood hazard boundary map 7 Nov 1972; first FIRM 7 Nov 1972; regular NFIP program since 3 Nov 1972; entered CRS 1 Oct 1993. | Flood insurance discount :: CRS class 7 - 15% off NFIP premiums for policies in the Special Flood Hazard Area (class in effect 1 Apr 2026). | State minimum :: 2023 Florida Building Code, Residential R322.2.1 and R322.3.2 - lowest floor (A zones) or bottom of the lowest horizontal structural member (V and Coastal A zones) at BFE + 1 ft or the design flood elevation, whichever is higher. | Look up your zone :: Enter the address in FEMA's Flood Map Service Center (msc.fema.gov), the official public source for FIRMs; an elevation certificate shows how your floor compares with the BFE.","Lighthouse Point Code of Ordinances Ch. 38 Floodplain Management, Sec. 38-55; FEMA Community Status Book, Florida (www.fema.gov/cis/FL.html, report 10/03/2026); 2023 Florida Building Code, Residential R322.2.1, R322.3.2; 44 CFR 59.1; FEMA Flood Map Service Center",https://library.municode.com/fl/lighthouse_point/codes/code_of_ordinances?nodeId=PTIICICO_CH38FLMA_ARTIIDE_S38-55DE,2026-10,needs-review,"Online Municode for Lighthouse Point is stale (2018 supplement per the seawall-height vet); the 2024 Land Development Code (Ord. 2024-1033) replaced Ch. 42, so the crown-of-road floor rule (old Sec. 42-384) and Ch. 38 may have been renumbered. Confirm against the current adopted ordinances before publishing.","Sec. 38-55 50% re-read on Municode, but the code version is stale; no freeboard confirmed. Re-read 3 Oct 2026: FEMA Community Status Book FL (report dated 10/03/2026) row for CID 125125 - map date and CRS class/%; city code text on the cited host; FBC-R R322.2.1/R322.3.2 (codes.iccsafe.org 2023 8th ed.); 44 CFR 59.1; FEMA MSC home page."
deerfield-beach,flood-zone,"18-24 in above road, never below FIRM",residential first floor vs adjacent road centerline,"Deerfield Beach ties first-floor height to the road as well as the flood map: a home's first floor goes 18 to 24 inches above the centerline of the adjacent roadway, and never below the FEMA map elevation. Its floodplain chapter uses the plain 50% substantial-improvement test.","Floor vs road :: Residential first floor a minimum of 18 in and a maximum of 24 in above the centerline of the adjacent roadway; commercial/industrial 6-12 in - LDC Sec. 98-83. | Floor vs flood map :: In no case below the elevation established by the FEMA Flood Insurance Rate Map - LDC Sec. 98-83. | Substantial improvement / damage :: 50 percent of market value, no cumulative period - LDC Ch. 90, Sec. 90-9. | FEMA flood map :: FEMA's Community Status Book (report dated 3 Oct 2026) lists Deerfield Beach as NFIP community 125101 with a current effective FIRM dated 31 Jul 2024. Zones are set parcel by parcel, so no single zone covers the whole city - check your own address. | NFIP history :: FEMA record: first flood hazard boundary map 10 Nov 1972; first FIRM 10 Nov 1972; regular NFIP program since 10 Nov 1972; entered CRS 1 Oct 1992. | Flood insurance discount :: CRS class 8 - 10% off NFIP premiums for policies in the Special Flood Hazard Area (class in effect 1 Oct 2020). | State minimum :: 2023 Florida Building Code, Residential R322.2.1 and R322.3.2 - lowest floor (A zones) or bottom of the lowest horizontal structural member (V and Coastal A zones) at BFE + 1 ft or the design flood elevation, whichever is higher. | Look up your zone :: Enter the address in FEMA's Flood Map Service Center (msc.fema.gov), the official public source for FIRMs; an elevation certificate shows how your floor compares with the BFE.","Deerfield Beach Land Development Code Ch. 90 Floodplain Management Sec. 90-9; Ch. 98 Sec. 98-83; FEMA Community Status Book, Florida (www.fema.gov/cis/FL.html, report 10/03/2026); 2023 Florida Building Code, Residential R322.2.1, R322.3.2; 44 CFR 59.1; FEMA Flood Map Service Center",https://library.municode.com/fl/deerfield_beach/codes/land_development_code?nodeId=SPBLADECO_CH98LADERE_ARTIVSURE_S98-83GREL,2026-10,verified,,Secs. 98-83 and 90-9 re-read on Municode. Re-read 3 Oct 2026: FEMA Community Status Book FL (report dated 10/03/2026) row for CID 125101 - map date and CRS class/%; city code text on the cited host; FBC-R R322.2.1/R322.3.2 (codes.iccsafe.org 2023 8th ed.); 44 CFR 59.1; FEMA MSC home page.
dania-beach,flood-zone,Higher of FBC or Broward future map,lowest floor in special flood hazard areas,"Dania Beach builds to the future, not just today's map: new and substantially improved buildings go to the higher of the Florida Building Code elevation or the Broward County Future Conditions 100-year flood elevation. Its substantial-improvement test is 49%, counted over one year.","Freeboard :: Higher of the FBC elevation or the elevation on the Broward County Future Conditions One-Hundred Year Flood Elevation Map, residential and nonresidential - Sec. 12-53(c)(1). | Critical facilities :: Highest of ASCE 24, BFE + 3 ft, or the 500-year flood elevation - Sec. 12-53. | Substantial improvement :: Work during a one (1) year period whose cumulative cost equals or exceeds forty-nine (49) percent of market value - Sec. 12-52. | Substantial damage :: 49 percent, and also flood damage on two separate occasions within ten years - Sec. 12-52. | Zone X homes :: New residential buildings outside special flood hazard areas also have a minimum elevation - Sec. 12-53(c). | Worked example :: A building with a market value of $262,000 (structure only) crosses the 49% line once qualifying work within one year reaches $128,380; from then on the whole building must meet current flood-elevation rules. | FEMA flood map :: FEMA's Community Status Book (report dated 3 Oct 2026) lists Dania Beach as NFIP community 120034 with a current effective FIRM dated 31 Jul 2024. Zones are set parcel by parcel, so no single zone covers the whole city - check your own address. | NFIP history :: FEMA record: first flood hazard boundary map 28 Jun 1974; first FIRM 15 Feb 1978; regular NFIP program since 15 Feb 1978; entered CRS 1 Oct 1993. | Flood insurance discount :: CRS class 5 - 25% off NFIP premiums for policies in the Special Flood Hazard Area (class in effect 1 Apr 2025). | State minimum :: 2023 Florida Building Code, Residential R322.2.1 and R322.3.2 - lowest floor (A zones) or bottom of the lowest horizontal structural member (V and Coastal A zones) at BFE + 1 ft or the design flood elevation, whichever is higher. | Look up your zone :: Enter the address in FEMA's Flood Map Service Center (msc.fema.gov), the official public source for FIRMs; an elevation certificate shows how your floor compares with the BFE.","Dania Beach Code of Ordinances Ch. 12 Flood Damage Prevention, Secs. 12-52, 12-53; FEMA Community Status Book, Florida (www.fema.gov/cis/FL.html, report 10/03/2026); 2023 Florida Building Code, Residential R322.2.1, R322.3.2; 44 CFR 59.1; FEMA Flood Map Service Center",https://library.municode.com/fl/dania_beach/codes/code_of_ordinances?nodeId=PTIICOOR_CH12FLDAPR_ARTXFLREDE_S12-53BUST,2026-10,verified,,Secs. 12-52 and 12-53 re-read on Municode. Re-read 3 Oct 2026: FEMA Community Status Book FL (report dated 10/03/2026) row for CID 120034 - map date and CRS class/%; city code text on the cited host; FBC-R R322.2.1/R322.3.2 (codes.iccsafe.org 2023 8th ed.); 44 CFR 59.1; FEMA MSC home page.
hallandale-beach,flood-zone,FBC or 18 in above crown,"residential lowest floor, whichever is higher","Hallandale Beach labels its rule 'additional elevation (freeboard)': homes go to the Florida Building Code elevation or 18 inches above the crown of the adjacent roads, whichever is higher. It counts A-zone land seaward of SR A1A as coastal A zone, and its substantial-improvement trigger is 49%.","Freeboard :: Residential: FBC elevation or at least 18 in above the highest point of the crown of road, whichever is highest; nonresidential 6 in above crown - Sec. 8-81(1). | Critical facilities :: BFE + 2 ft, the 500-year elevation, or 24 in above crown - Sec. 8-81(1). | Coastal A zone :: Defined to include A-zone land seaward of SR A1A - Sec. 8-80. | Substantial improvement / damage :: 49 percent of market value, no cumulative period - Sec. 8-80. | Zone X :: New residential buildings outside the special flood hazard area have their own minimum elevation - Sec. 8-81(2). | Worked example :: A building with a market value of $318,000 (structure only) crosses the 49% line once qualifying work in a single permit (no look-back period) reaches $155,820; from then on the whole building must meet current flood-elevation rules. | More trigger points :: $541,000 building value -> $265,090 trigger; $689,500 -> $337,855. | FEMA flood map :: FEMA's Community Status Book (report dated 3 Oct 2026) lists Hallandale Beach as NFIP community 125110 with a current effective FIRM dated 31 Jul 2024. Zones are set parcel by parcel, so no single zone covers the whole city - check your own address. | NFIP history :: FEMA record: first flood hazard boundary map 24 Nov 1972; first FIRM 24 Nov 1972; regular NFIP program since 24 Nov 1972; entered CRS 1 Oct 1994. | Flood insurance discount :: CRS class 6 - 20% off NFIP premiums for policies in the Special Flood Hazard Area (class in effect 1 Oct 2008). | State minimum :: 2023 Florida Building Code, Residential R322.2.1 and R322.3.2 - lowest floor (A zones) or bottom of the lowest horizontal structural member (V and Coastal A zones) at BFE + 1 ft or the design flood elevation, whichever is higher. | Look up your zone :: Enter the address in FEMA's Flood Map Service Center (msc.fema.gov), the official public source for FIRMs; an elevation certificate shows how your floor compares with the BFE.","Hallandale Beach Code of Ordinances Ch. 8 Art. III Floodplain Management, Secs. 8-80, 8-81; FEMA Community Status Book, Florida (www.fema.gov/cis/FL.html, report 10/03/2026); 2023 Florida Building Code, Residential R322.2.1, R322.3.2; 44 CFR 59.1; FEMA Flood Map Service Center",https://library.municode.com/fl/hallandale_beach/codes/code_of_ordinances?nodeId=PTIICOOR_CH8BUCOCO_ARTIIIFLMA_DIV3FLREDE_S8-81BUST,2026-10,verified,,Secs. 8-80 and 8-81 re-read on Municode. Re-read 3 Oct 2026: FEMA Community Status Book FL (report dated 10/03/2026) row for CID 125110 - map date and CRS class/%; city code text on the cited host; FBC-R R322.2.1/R322.3.2 (codes.iccsafe.org 2023 8th ed.); 44 CFR 59.1; FEMA MSC home page.
lauderdale-by-the-sea,flood-zone,BFE +1 ft (state code),no extra town freeboard,"Lauderdale-by-the-Sea's flood chapter sets no extra freeboard for homes, so the Florida Building Code's BFE + 1 ft governs. The town uses the plain 50% substantial-improvement test without a look-back period, and requires critical facilities at BFE + 3 ft. In practice the town leans on the statewide floor rather than writing a stricter local figure.","Town freeboard :: None for ordinary buildings in Ch. 9; critical facilities BFE + 3 ft or the 500-year elevation, whichever is higher - Sec. 9-53. | Substantial improvement / damage :: 50 percent of market value, no cumulative period - Sec. 9-52. | Chapter history :: Chapter 9, Flood Prevention and Control, was rewritten by Ord. No. 2014-03 (24 June 2014), which repealed the former chapter; later amended by Ord. No. 2019-09 (12 Dec 2019). | Critical facilities detail :: Flood proofing and sealing must keep toxic substances from being displaced by or released into floodwaters, and access routes at or above the BFE must be provided - Sec. 9-53. | Worked example :: A building with a market value of $274,000 (structure only) crosses the 50% line once qualifying work in a single permit (no look-back period) reaches $137,000; from then on the whole building must meet current flood-elevation rules. | FEMA flood map :: FEMA's Community Status Book (report dated 3 Oct 2026) lists Lauderdale-by-the-Sea as NFIP community 125123 with a current effective FIRM dated 31 Jul 2024. Zones are set parcel by parcel, so no single zone covers the whole city - check your own address. | NFIP history :: FEMA record: first flood hazard boundary map 27 Oct 1972; first FIRM 27 Oct 1972; regular NFIP program since 27 Oct 1972; entered CRS 1 May 2000. | Flood insurance discount :: CRS class 8 - 10% off NFIP premiums for policies in the Special Flood Hazard Area (class in effect 1 May 2017). | State minimum :: 2023 Florida Building Code, Residential R322.2.1 and R322.3.2 - lowest floor (A zones) or bottom of the lowest horizontal structural member (V and Coastal A zones) at BFE + 1 ft or the design flood elevation, whichever is higher. | Look up your zone :: Enter the address in FEMA's Flood Map Service Center (msc.fema.gov), the official public source for FIRMs; an elevation certificate shows how your floor compares with the BFE.","Lauderdale-By-The-Sea Code of Ordinances Ch. 9 Flood Prevention and Control, Secs. 9-52, 9-53; FEMA Community Status Book, Florida (www.fema.gov/cis/FL.html, report 10/03/2026); 2023 Florida Building Code, Residential R322.2.1, R322.3.2; 44 CFR 59.1; FEMA Flood Map Service Center",https://library.municode.com/fl/lauderdale-by-the-sea/codes/code_of_ordinances?nodeId=PTIICOOR_CH9FLPRCO_ARTXFLREDE_S9-53BUST,2026-10,verified,,Ch. 9 searched for freeboard/plus one/crown - none for buildings; 9-52/9-53 re-read. Re-read 3 Oct 2026: FEMA Community Status Book FL (report dated 10/03/2026) row for CID 125123 - map date and CRS class/%; city code text on the cited host; FBC-R R322.2.1/R322.3.2 (codes.iccsafe.org 2023 8th ed.); 44 CFR 59.1; FEMA MSC home page.
miami,flood-zone,+1 ft above BFE,residential lowest floor freeboard,"The City of Miami requires residential lowest floors at the base flood elevation plus one foot of freeboard. It counts improvements over two years, and five years inside coastal high hazard areas, when testing the 50% substantial-improvement line.","Freeboard :: Residential new construction or substantial improvement: lowest floor at or above BFE (100-year flood) plus one foot of freeboard; nonresidential the same or dry floodproofed to that level - Sec. 20-4(a)-(b). | Substantial improvement :: Cumulative cost over a two-year period of 50% or more; the accumulation period in a coastal high hazard area is five years - Sec. 20-1. | Minimum finished grade :: Miami-Dade County flood criteria maps or the crown of the adjacent road, whichever is higher - Sec. 20-1. | Nonresidential option :: If a nonresidential lowest floor is below BFE, the building with its utility and sanitary facilities must be dry floodproofed to BFE (100-year flood) plus one foot - Sec. 20-4(b). | Permit plans :: Plans must include Miami-Dade County flood criteria, crown-of-road data, flood hazard area and BFE; as-built elevations are certified in NAVD 88 by a registered land surveyor or professional engineer - Sec. 20-3. | FEMA flood map :: FEMA's Community Status Book (report dated 3 Oct 2026) lists Miami as NFIP community 120650 with a current effective FIRM dated 11 Sep 2009. Zones are set parcel by parcel, so no single zone covers the whole city - check your own address. | NFIP history :: FEMA record: first FIRM 29 Sep 1972; regular NFIP program since 29 Sep 1972; entered CRS 1 Oct 1994. | Flood insurance discount :: CRS class 6 - 20% off NFIP premiums for policies in the Special Flood Hazard Area (class in effect 1 Oct 2022). | State minimum :: 2023 Florida Building Code, Residential R322.2.1 and R322.3.2 - lowest floor (A zones) or bottom of the lowest horizontal structural member (V and Coastal A zones) at BFE + 1 ft or the design flood elevation, whichever is higher. | Look up your zone :: Enter the address in FEMA's Flood Map Service Center (msc.fema.gov), the official public source for FIRMs; an elevation certificate shows how your floor compares with the BFE.","City of Miami Code of Ordinances Ch. 20 Flood Damage Prevention, Secs. 20-1, 20-4; FEMA Community Status Book, Florida (www.fema.gov/cis/FL.html, report 10/03/2026); 2023 Florida Building Code, Residential R322.2.1, R322.3.2; 44 CFR 59.1; FEMA Flood Map Service Center",https://library.municode.com/fl/miami/codes/code_of_ordinances?nodeId=PTIITHCO_CH20FLDAPR,2026-10,verified,,Ch. 20 re-read on Municode. Re-read 3 Oct 2026: FEMA Community Status Book FL (report dated 10/03/2026) row for CID 120650 - map date and CRS class/%; city code text on the cited host; FBC-R R322.2.1/R322.3.2 (codes.iccsafe.org 2023 8th ed.); 44 CFR 59.1; FEMA MSC home page.
surfside,flood-zone,BFE +1 ft (state code),no extra town freeboard found,"Surfside's Chapter 42 counts improvements over five years: any combination of work in a five-year period reaching 50% of market value is a substantial improvement, with the clock running from the first improvement permitted after 9 September 2009. No extra freeboard number appears, so the Florida Building Code floor applies. That long tally means a kitchen remodel followed a few seasons later by a roof-and-window package can be judged together.","Substantial improvement :: Five-year cumulative period at 50%; accumulation begins with the first improvement permitted after September 9, 2009 - Secs. 42-9, 42-11. | Substantial damage :: 50 percent of market value - Sec. 42-9. | Where the rules sit :: Chapter 42 Floods of the Surfside Code of Ordinances, Part II. | How the five-year clock runs :: Accumulation starts when the first improvement or repair of each building or structure is permitted after September 9, 2009; once a structure has sustained substantial damage, any repair counts as substantial improvement - Sec. 42-11. | Worked example :: A building with a market value of $441,000 (structure only) crosses the 50% line once qualifying work within five years reaches $220,500; from then on the whole building must meet current flood-elevation rules. | FEMA flood map :: FEMA's Community Status Book (report dated 3 Oct 2026) lists Surfside as NFIP community 120659 with a current effective FIRM dated 11 Sep 2009. Zones are set parcel by parcel, so no single zone covers the whole city - check your own address. | NFIP history :: FEMA record: first FIRM 29 Sep 1972; regular NFIP program since 29 Sep 1972; entered CRS 1 May 2016. | Flood insurance discount :: CRS class 6 - 20% off NFIP premiums for policies in the Special Flood Hazard Area (class in effect 1 Apr 2022). | State minimum :: 2023 Florida Building Code, Residential R322.2.1 and R322.3.2 - lowest floor (A zones) or bottom of the lowest horizontal structural member (V and Coastal A zones) at BFE + 1 ft or the design flood elevation, whichever is higher. | Look up your zone :: Enter the address in FEMA's Flood Map Service Center (msc.fema.gov), the official public source for FIRMs; an elevation certificate shows how your floor compares with the BFE.","Surfside Code of Ordinances Ch. 42 Floods, Secs. 42-9, 42-11; FEMA Community Status Book, Florida (www.fema.gov/cis/FL.html, report 10/03/2026); 2023 Florida Building Code, Residential R322.2.1, R322.3.2; 44 CFR 59.1; FEMA Flood Map Service Center",https://library.municode.com/fl/surfside/codes/code_of_ordinances?nodeId=PTIICO_CH42FL,2026-10,verified,,Ch. 42 re-read on Municode. Re-read 3 Oct 2026: FEMA Community Status Book FL (report dated 10/03/2026) row for CID 120659 - map date and CRS class/%; city code text on the cited host; FBC-R R322.2.1/R322.3.2 (codes.iccsafe.org 2023 8th ed.); 44 CFR 59.1; FEMA MSC home page.
aventura,flood-zone,+1 ft or 18 in above crown,"lowest floor, whichever is higher","Aventura's land development rules put the lowest floor at least 1 foot above base flood elevation or 18 inches above the highest point of the adjacent road crown, whichever is higher. Its substantial-improvement test uses a 12-month window and the pre-destruction reconstruction value set by the Miami-Dade Property Appraiser.","Freeboard :: Residential and nonresidential lowest floor no lower than one foot above BFE or 18 in above the highest point of the adjacent road crown, whichever is higher - Sec. 31-232. | Substantial improvement :: Repair or improvement within any 12-month period costing 50% or more of the predestruction reconstruction value as determined by the Miami-Dade Property Appraiser - Sec. 31-21. | Floodproofing :: Structures in A zones may be flood-proofed instead of elevated if watertight below the required elevation - Sec. 31-232. | More trigger points :: $623,000 building value -> $311,500 trigger. | FEMA flood map :: FEMA's Community Status Book (report dated 3 Oct 2026) lists Aventura as NFIP community 120676 with a current effective FIRM dated 11 Sep 2009. Zones are set parcel by parcel, so no single zone covers the whole city - check your own address. | NFIP history :: FEMA record: first FIRM 30 Sep 1972; regular NFIP program since 22 Oct 1997; entered CRS 1 Oct 2000. | Flood insurance discount :: CRS class 6 - 20% off NFIP premiums for policies in the Special Flood Hazard Area (class in effect 1 Oct 2025). | State minimum :: 2023 Florida Building Code, Residential R322.2.1 and R322.3.2 - lowest floor (A zones) or bottom of the lowest horizontal structural member (V and Coastal A zones) at BFE + 1 ft or the design flood elevation, whichever is higher. | Look up your zone :: Enter the address in FEMA's Flood Map Service Center (msc.fema.gov), the official public source for FIRMs; an elevation certificate shows how your floor compares with the BFE.","Aventura Code of Ordinances Ch. 31 Land Development Regulations, Secs. 31-21, 31-232; FEMA Community Status Book, Florida (www.fema.gov/cis/FL.html, report 10/03/2026); 2023 Florida Building Code, Residential R322.2.1, R322.3.2; 44 CFR 59.1; FEMA Flood Map Service Center",https://library.municode.com/fl/aventura/codes/code_of_ordinances?nodeId=PTIICOOR_CH31LADERE,2026-10,verified,,Secs. 31-21 and 31-232 re-read on Municode. Re-read 3 Oct 2026: FEMA Community Status Book FL (report dated 10/03/2026) row for CID 120676 - map date and CRS class/%; city code text on the cited host; FBC-R R322.2.1/R322.3.2 (codes.iccsafe.org 2023 8th ed.); 44 CFR 59.1; FEMA MSC home page.
sunny-isles-beach,flood-zone,BFE +1 ft (state code),no extra city freeboard found,"Sunny Isles Beach has the longest look-back among the Miami-Dade cities here: improvements are added up over ten years, counting from the first permit after 15 July 1999, when testing the 50% substantial-improvement line. No extra freeboard number appears, so the Florida Building Code floor applies. A decade-long window catches piecemeal upgrades that shorter look-backs would miss.","Substantial improvement :: Ten-year period, cumulative cost of 50% or more; accumulation begins with the first improvement permitted after July 15, 1999 - Sec. 161-10 and the Ch. 161 FBC amendment. | Where the rules sit :: Chapter 161 Flood Damage Prevention, in Part II of the Sunny Isles Beach code. | No-BFE areas :: Where no BFE is mapped, the floodplain administrator may specify a BFE two feet above the highest adjacent grade if there is no evidence of deeper flooding - Ch. 161. | Worked example :: A building with a market value of $527,000 (structure only) crosses the 50% line once qualifying work within ten years reaches $263,500; from then on the whole building must meet current flood-elevation rules. | FEMA flood map :: FEMA's Community Status Book (report dated 3 Oct 2026) lists Sunny Isles Beach as NFIP community 120688 with a current effective FIRM dated 11 Sep 2009. Zones are set parcel by parcel, so no single zone covers the whole city - check your own address. | NFIP history :: FEMA record: first FIRM 2 Mar 1994; regular NFIP program since 10 Sep 2003; entered CRS 1 Oct 2007. | Flood insurance discount :: CRS class 7 - 15% off NFIP premiums for policies in the Special Flood Hazard Area (class in effect 1 Oct 2026). | State minimum :: 2023 Florida Building Code, Residential R322.2.1 and R322.3.2 - lowest floor (A zones) or bottom of the lowest horizontal structural member (V and Coastal A zones) at BFE + 1 ft or the design flood elevation, whichever is higher. | Look up your zone :: Enter the address in FEMA's Flood Map Service Center (msc.fema.gov), the official public source for FIRMs; an elevation certificate shows how your floor compares with the BFE.","Sunny Isles Beach Code of Ordinances Ch. 161 Flood Damage Prevention, Sec. 161-10; FEMA Community Status Book, Florida (www.fema.gov/cis/FL.html, report 10/03/2026); 2023 Florida Building Code, Residential R322.2.1, R322.3.2; 44 CFR 59.1; FEMA Flood Map Service Center",https://library.municode.com/fl/sunny_isles_beach/codes/code_of_ordinances?nodeId=PAII_CH161FLDAPR,2026-10,verified,,Ch. 161 re-read on Municode. Re-read 3 Oct 2026: FEMA Community Status Book FL (report dated 10/03/2026) row for CID 120688 - map date and CRS class/%; city code text on the cited host; FBC-R R322.2.1/R322.3.2 (codes.iccsafe.org 2023 8th ed.); 44 CFR 59.1; FEMA MSC home page.
bay-harbor-islands,flood-zone,BFE +1 ft (state code),no extra town freeboard found,Bay Harbor Islands amended its flood chapter in August 2025 (Ord. No. 1131) and uses a 49% substantial-improvement and damage trigger. It bans manufactured homes and recreational vehicles and requires nonconversion agreements for enclosures below the required elevation.,"Substantial improvement / damage :: 49 percent of market value, no cumulative period - Sec. 7½-10, applied to FBC by Sec. 7½-11(b)(1). | Nonconversion agreements :: Required for enclosures below the required elevation and recorded before the certificate of occupancy - Sec. 7½-11(b)(2). | Critical facilities :: FBC minimum or the 500-year flood elevation plus one foot, whichever is higher - Sec. 7½-11(b)(3). | Manufactured homes and RVs :: Not permitted - Sec. 7½-11(c) (Ord. No. 1131, 8-13-2025). | Worked example :: A building with a market value of $366,000 (structure only) crosses the 49% line once qualifying work in a single permit (no look-back period) reaches $179,340; from then on the whole building must meet current flood-elevation rules. | More trigger points :: $457,000 building value -> $223,930 trigger; $718,000 -> $351,820. | FEMA flood map :: FEMA's Community Status Book (report dated 3 Oct 2026) lists Bay Harbor Islands as NFIP community 120637 with a current effective FIRM dated 11 Sep 2009. Zones are set parcel by parcel, so no single zone covers the whole city - check your own address. | NFIP history :: FEMA record: first FIRM 29 Sep 1972; regular NFIP program since 29 Sep 1972; entered CRS 1 Oct 1994. | Flood insurance discount :: CRS class 9 - 5% off NFIP premiums for policies in the Special Flood Hazard Area (class in effect 1 Apr 2023). | State minimum :: 2023 Florida Building Code, Residential R322.2.1 and R322.3.2 - lowest floor (A zones) or bottom of the lowest horizontal structural member (V and Coastal A zones) at BFE + 1 ft or the design flood elevation, whichever is higher. | Look up your zone :: Enter the address in FEMA's Flood Map Service Center (msc.fema.gov), the official public source for FIRMs; an elevation certificate shows how your floor compares with the BFE.","Bay Harbor Islands Code of Ordinances Ch. 7½ Flood Damage Prevention, Secs. 7½-10, 7½-11 (Ord. No. 1131); FEMA Community Status Book, Florida (www.fema.gov/cis/FL.html, report 10/03/2026); 2023 Florida Building Code, Residential R322.2.1, R322.3.2; 44 CFR 59.1; FEMA Flood Map Service Center",https://library.municode.com/fl/bay_harbor_islands/codes/code_of_ordinances?nodeId=PTIICOOR_CH7_1-2FLDAPR,2026-10,verified,,Ch. 7½ re-read on Municode. Re-read 3 Oct 2026: FEMA Community Status Book FL (report dated 10/03/2026) row for CID 120637 - map date and CRS class/%; city code text on the cited host; FBC-R R322.2.1/R322.3.2 (codes.iccsafe.org 2023 8th ed.); 44 CFR 59.1; FEMA MSC home page.
bal-harbour,flood-zone,BFE +1 ft (state code),no extra village freeboard,"Bal Harbour caps voluntary freeboard at whatever county, state or federal law requires and tells builders to follow the stricter of the state or federal elevation rule. It adds a FEMA Elevation Certificate to the required inspections and puts critical facilities at BFE + 2 ft.","Freeboard :: 'The Village's maximum voluntary freeboard is the amount required by applicable county, state, or federal law' - Sec. 8.5-2. | Elevation rule :: Buildings adhere to the stricter of the state or federal elevation requirement - Sec. 8.5-10(5). | Elevation certificate :: FEMA Elevation Certificate added to FBC Building Sec. 110.3 required inspections - Sec. 8.5-10(4). | Substantial improvement / damage :: 50 percent of market value, no cumulative period - Sec. 8.5-2. | More trigger points :: $851,000 building value -> $425,500 trigger. | FEMA flood map :: FEMA's Community Status Book (report dated 3 Oct 2026) lists Bal Harbour as NFIP community 120636 with a current effective FIRM dated 11 Sep 2009. Zones are set parcel by parcel, so no single zone covers the whole city - check your own address. | NFIP history :: FEMA record: first FIRM 29 Sep 1972; regular NFIP program since 29 Sep 1972; entered CRS 1 Oct 1996. | Flood insurance discount :: CRS class 8 - 10% off NFIP premiums for policies in the Special Flood Hazard Area (class in effect 1 May 2017). | State minimum :: 2023 Florida Building Code, Residential R322.2.1 and R322.3.2 - lowest floor (A zones) or bottom of the lowest horizontal structural member (V and Coastal A zones) at BFE + 1 ft or the design flood elevation, whichever is higher. | Look up your zone :: Enter the address in FEMA's Flood Map Service Center (msc.fema.gov), the official public source for FIRMs; an elevation certificate shows how your floor compares with the BFE.","Bal Harbour Code of Ordinances Ch. 8.5 Flood Damage Prevention, Secs. 8.5-2, 8.5-10 (Ord. No. 2020-627); FEMA Community Status Book, Florida (www.fema.gov/cis/FL.html, report 10/03/2026); 2023 Florida Building Code, Residential R322.2.1, R322.3.2; 44 CFR 59.1; FEMA Flood Map Service Center",https://library.municode.com/fl/bal_harbour/codes/code_of_ordinances?nodeId=PTIICOOR_CH8.5FLDAPR,2026-10,verified,,Ch. 8.5 re-read on Municode. Re-read 3 Oct 2026: FEMA Community Status Book FL (report dated 10/03/2026) row for CID 120636 - map date and CRS class/%; city code text on the cited host; FBC-R R322.2.1/R322.3.2 (codes.iccsafe.org 2023 8th ed.); 44 CFR 59.1; FEMA MSC home page.
west-palm-beach,flood-zone,+2 ft above BFE,"or 6 in above road crown / DFE, whichever higher","West Palm Beach requires buildings and homes in flood hazard areas at base flood elevation plus 2 feet, 6 inches above the nearest road crown, or the design flood elevation, whichever is higher, and 6 inches above the road crown in Zone X. It counts improvements over any five-year period.","Freeboard :: Buildings and 1-2 family dwellings/townhouses in flood hazard areas: BFE plus two feet, six inches above the nearest crown of road, or the design flood elevation, whichever is higher (buildings also ASCE 24) - Sec. 18-33(b)(1)-(2). | Zone X :: At or above six inches above the nearest crown of road - Sec. 18-33(b)(3). | Manufactured homes :: Not less than two feet above BFE - Sec. 18-293. | Substantial improvement :: Cumulative cost in any five year period of 50% or more of market value - Sec. 18-289. | Enclosures :: Enclosed areas below the required elevation of homes and townhouses in flood hazard areas may not be partitioned or finished into rooms - Sec. 18-33(c). | Amendment history :: Floodplain sections amended by Ord. No. 4729-17 (14 Sep 2017), Ord. No. 4966-21 (20 Sep 2021) and Ord. No. 5116-24 (24 Nov 2024). | More trigger points :: $463,000 building value -> $231,500 trigger. | FEMA flood map :: FEMA's Community Status Book (report dated 3 Oct 2026) lists West Palm Beach as NFIP community 120229 with a current effective FIRM dated 20 Dec 2024. Zones are set parcel by parcel, so no single zone covers the whole city - check your own address. | NFIP history :: FEMA record: first flood hazard boundary map 31 Oct 1975; first FIRM 1 Mar 1979; regular NFIP program since 1 Mar 1979; entered CRS 1 Oct 1992. | Flood insurance discount :: CRS class 5 - 25% off NFIP premiums for policies in the Special Flood Hazard Area (class in effect 1 Oct 2018). | State minimum :: 2023 Florida Building Code, Residential R322.2.1 and R322.3.2 - lowest floor (A zones) or bottom of the lowest horizontal structural member (V and Coastal A zones) at BFE + 1 ft or the design flood elevation, whichever is higher. | Look up your zone :: Enter the address in FEMA's Flood Map Service Center (msc.fema.gov), the official public source for FIRMs; an elevation certificate shows how your floor compares with the BFE.","West Palm Beach Code Ch. 18 (maintained on enCodePlus), Secs. 18-33, 18-289, 18-293; FEMA Community Status Book, Florida (www.fema.gov/cis/FL.html, report 10/03/2026); 2023 Florida Building Code, Residential R322.2.1, R322.3.2; 44 CFR 59.1; FEMA Flood Map Service Center",https://online.encodeplus.com/regs/westpalmbeach-fl/doc-viewer.aspx#secid-1,2026-10,verified,"Municode's Ch. 18 page states the chapter is maintained on enCodePlus; text read there. Sec. 18-33 wording 'base flood elevation plus two feet, six inches above the nearest crown of road, or the design flood elevation' read as a three-item list.","Secs. 18-33, 18-289, 18-293 re-read on enCodePlus. Re-read 3 Oct 2026: FEMA Community Status Book FL (report dated 10/03/2026) row for CID 120229 - map date and CRS class/%; city code text on the cited host; FBC-R R322.2.1/R322.3.2 (codes.iccsafe.org 2023 8th ed.); 44 CFR 59.1; FEMA MSC home page."
north-palm-beach,flood-zone,BFE +1 ft (state code),no extra village freeboard found,"North Palm Beach's Chapter 12.5 uses the plain 50% substantial-improvement test with no look-back period and adds no freeboard for ordinary buildings, so the Florida Building Code floor applies. Critical facilities that cannot avoid the flood zone must sit at BFE plus 3 feet. Each permit is judged on its own cost rather than summed with earlier jobs.","Substantial improvement / damage :: Fifty (50) percent of market value, no cumulative period - Ch. 12.5 definitions. | Critical facilities :: Lowest floor at BFE plus three (3) feet - Sec. 12.5-31 (Ord. No. 2017-11). | Critical facilities detail :: Must be located outside the flood hazard area where feasible; floodproofing and sealing must keep toxic substances out of floodwater, and elevated access routes are provided where feasible - Sec. 12.5-31. | Code-exempt structures :: Buildings exempt from the Florida Building Code are designed to ASCE 24 - Sec. 12.5-31(a). | Worked example :: A building with a market value of $342,000 (structure only) crosses the 50% line once qualifying work in a single permit (no look-back period) reaches $171,000; from then on the whole building must meet current flood-elevation rules. | More trigger points :: $571,000 building value -> $285,500 trigger. | FEMA flood map :: FEMA's Community Status Book (report dated 3 Oct 2026) lists North Palm Beach as NFIP community 120217 with a current effective FIRM dated 20 Dec 2024. Zones are set parcel by parcel, so no single zone covers the whole city - check your own address. | NFIP history :: FEMA record: first flood hazard boundary map 6 Dec 1974; first FIRM 15 Aug 1978; regular NFIP program since 15 Aug 1978; entered CRS 1 Oct 1994. | Flood insurance discount :: CRS class 5 - 25% off NFIP premiums for policies in the Special Flood Hazard Area (class in effect 1 Oct 2020). | State minimum :: 2023 Florida Building Code, Residential R322.2.1 and R322.3.2 - lowest floor (A zones) or bottom of the lowest horizontal structural member (V and Coastal A zones) at BFE + 1 ft or the design flood elevation, whichever is higher. | Look up your zone :: Enter the address in FEMA's Flood Map Service Center (msc.fema.gov), the official public source for FIRMs; an elevation certificate shows how your floor compares with the BFE.","North Palm Beach Code of Ordinances Ch. 12.5 Flood Damage Prevention, Sec. 12.5-31 and definitions; FEMA Community Status Book, Florida (www.fema.gov/cis/FL.html, report 10/03/2026); 2023 Florida Building Code, Residential R322.2.1, R322.3.2; 44 CFR 59.1; FEMA Flood Map Service Center",https://library.municode.com/fl/north_palm_beach/codes/code_of_ordinances?nodeId=PTIICOOR_CH12.5FLDAPR,2026-10,verified,,Ch. 12.5 re-read on Municode. Re-read 3 Oct 2026: FEMA Community Status Book FL (report dated 10/03/2026) row for CID 120217 - map date and CRS class/%; city code text on the cited host; FBC-R R322.2.1/R322.3.2 (codes.iccsafe.org 2023 8th ed.); 44 CFR 59.1; FEMA MSC home page.
palm-beach,flood-zone,BFE +1 ft (state code),no extra town freeboard found,"The Town of Palm Beach counts improvements over one year: work in a one-year period reaching 50% of market value is a substantial improvement, with the clock running from the first permit issued after 9 October 2021. No extra freeboard number appears in Chapter 50.","Substantial improvement :: One-year period, cumulative cost of 50% or more; the period begins on the date of the first permit issued after October 9, 2021 - Sec. 50-137.5, applied to FBC by Sec. 50-141 (Ord. No. 030-2024). | Substantial damage :: 50 percent of market value - Sec. 50-137.5. | Accessory structures :: Non-elevated accessory structures use flood damage-resistant materials below BFE + 1 ft and keep mechanical, plumbing and electrical systems at or above BFE + 1 ft - Sec. 50-140 (Ord. No. 010-2022). | Subdivisions in AH and AO zones :: Drainage paths must guide floodwaters around and away from proposed structures - Sec. 50-145 (Ord. No. 16-2017). | FEMA flood map :: FEMA's Community Status Book (report dated 3 Oct 2026) lists Palm Beach as NFIP community 120220 with a current effective FIRM dated 20 Dec 2024. Zones are set parcel by parcel, so no single zone covers the whole city - check your own address. | NFIP history :: FEMA record: first flood hazard boundary map 13 Sep 1974; first FIRM 15 May 1978; regular NFIP program since 15 May 1978; entered CRS 1 Oct 1992. | Flood insurance discount :: CRS class 6 - 20% off NFIP premiums for policies in the Special Flood Hazard Area (class in effect 1 Oct 2020). | State minimum :: 2023 Florida Building Code, Residential R322.2.1 and R322.3.2 - lowest floor (A zones) or bottom of the lowest horizontal structural member (V and Coastal A zones) at BFE + 1 ft or the design flood elevation, whichever is higher. | Look up your zone :: Enter the address in FEMA's Flood Map Service Center (msc.fema.gov), the official public source for FIRMs; an elevation certificate shows how your floor compares with the BFE.","Town of Palm Beach Code of Ordinances Ch. 50 Floods, Secs. 50-137.5, 50-141; FEMA Community Status Book, Florida (www.fema.gov/cis/FL.html, report 10/03/2026); 2023 Florida Building Code, Residential R322.2.1, R322.3.2; 44 CFR 59.1; FEMA Flood Map Service Center",https://library.municode.com/fl/palm_beach/codes/code_of_ordinances?nodeId=PTIICOOR_CH50FL_ARTIIIDE_DIV2DE_S50-137.5DE,2026-10,verified,,Secs. 50-137.5 and 50-141 re-read on Municode. Re-read 3 Oct 2026: FEMA Community Status Book FL (report dated 10/03/2026) row for CID 120220 - map date and CRS class/%; city code text on the cited host; FBC-R R322.2.1/R322.3.2 (codes.iccsafe.org 2023 8th ed.); 44 CFR 59.1; FEMA MSC home page.
palm-beach-gardens,flood-zone,BFE +1 ft (state code),city rules not located,"Palm Beach Gardens is on the countywide FIRM that took effect 20 December 2024. FEMA lists the city at CRS class 10, which gives no insurance discount. The city's own floodplain article could not be located in its online code.","FEMA flood map :: FEMA's Community Status Book (report dated 3 Oct 2026) lists Palm Beach Gardens as NFIP community 120221 with a current effective FIRM dated 20 Dec 2024. Zones are set parcel by parcel, so no single zone covers the whole city - check your own address. | NFIP history :: FEMA record: first flood hazard boundary map 18 Jan 1974; first FIRM 3 Jan 1979; regular NFIP program since 3 Jan 1979; entered CRS 1 Oct 2003. | Flood insurance discount :: CRS class 10 (class date 1 May 2014) - a class 10 community receives no premium discount. | State minimum :: 2023 Florida Building Code, Residential R322.2.1 and R322.3.2 - lowest floor (A zones) or bottom of the lowest horizontal structural member (V and Coastal A zones) at BFE + 1 ft or the design flood elevation, whichever is higher. | Look up your zone :: Enter the address in FEMA's Flood Map Service Center (msc.fema.gov), the official public source for FIRMs; an elevation certificate shows how your floor compares with the BFE.","FEMA Community Status Book; city code not located; FEMA Community Status Book, Florida (www.fema.gov/cis/FL.html, report 10/03/2026); 2023 Florida Building Code, Residential R322.2.1, R322.3.2; 44 CFR 59.1; FEMA Flood Map Service Center",https://www.fema.gov/cis/FL.html,2026-10,needs-review,Flood damage prevention article not found in Municode LDR Ch. 78 mini-TOC; freeboard and SI rule unverified.,Only CSB facts verified. Re-read 3 Oct 2026: FEMA Community Status Book FL (report dated 10/03/2026) row for CID 120221 - map date and CRS class/%; city code text on the cited host; FBC-R R322.2.1/R322.3.2 (codes.iccsafe.org 2023 8th ed.); 44 CFR 59.1; FEMA MSC home page.
boynton-beach,flood-zone,BFE +1 ft (state code),"city rules on Gridics, not verified","Boynton Beach holds CRS class 4 as of 1 October 2026, worth a 30% discount on NFIP premiums in the Special Flood Hazard Area - the best class among the Palm Beach County cities here. Its land development regulations are hosted on Gridics and were not read.","FEMA flood map :: FEMA's Community Status Book (report dated 3 Oct 2026) lists Boynton Beach as NFIP community 120196 with a current effective FIRM dated 20 Dec 2024. Zones are set parcel by parcel, so no single zone covers the whole city - check your own address. | NFIP history :: FEMA record: first flood hazard boundary map 8 Mar 1974; first FIRM 3 Jan 1979; regular NFIP program since 3 Jan 1979; entered CRS 1 Oct 1991. | Flood insurance discount :: CRS class 4 - 30% off NFIP premiums for policies in the Special Flood Hazard Area (class in effect 1 Oct 2026). | State minimum :: 2023 Florida Building Code, Residential R322.2.1 and R322.3.2 - lowest floor (A zones) or bottom of the lowest horizontal structural member (V and Coastal A zones) at BFE + 1 ft or the design flood elevation, whichever is higher. | Look up your zone :: Enter the address in FEMA's Flood Map Service Center (msc.fema.gov), the official public source for FIRMs; an elevation certificate shows how your floor compares with the BFE.","FEMA Community Status Book; LDR on Gridics not read; FEMA Community Status Book, Florida (www.fema.gov/cis/FL.html, report 10/03/2026); 2023 Florida Building Code, Residential R322.2.1, R322.3.2; 44 CFR 59.1; FEMA Flood Map Service Center",https://www.fema.gov/cis/FL.html,2026-10,needs-review,Municode LDR page redirects to https://codehub.gridics.com/us/fl/boynton-beach; floodplain freeboard and SI rule not verified.,Only CSB facts verified. Re-read 3 Oct 2026: FEMA Community Status Book FL (report dated 10/03/2026) row for CID 120196 - map date and CRS class/%; city code text on the cited host; FBC-R R322.2.1/R322.3.2 (codes.iccsafe.org 2023 8th ed.); 44 CFR 59.1; FEMA MSC home page.
highland-beach,flood-zone,BFE +1 ft (state code),town assumes all land is flood-exposed,"Highland Beach's zoning code assumes that all of the area within the town is subject to coastal wave damage or flooding, or both, and reviews every new building and substantial improvement for flood-resistant design. FEMA lists the town at CRS class 10, with no discount.","Town-wide assumption :: 'It is assumed that all of the area within the town is subject to either coastal damage due to wave action or flooding, or both' - Sec. 30-86. | FEMA flood map :: FEMA's Community Status Book (report dated 3 Oct 2026) lists Highland Beach as NFIP community 125111 with a current effective FIRM dated 20 Dec 2024. Zones are set parcel by parcel, so no single zone covers the whole city - check your own address. | NFIP history :: FEMA record: first FIRM 17 Oct 1970; regular NFIP program since 16 Oct 1970; entered CRS 1 Oct 1993. | Flood insurance discount :: CRS class 10 (class date 1 Oct 2015) - a class 10 community receives no premium discount. | State minimum :: 2023 Florida Building Code, Residential R322.2.1 and R322.3.2 - lowest floor (A zones) or bottom of the lowest horizontal structural member (V and Coastal A zones) at BFE + 1 ft or the design flood elevation, whichever is higher. | Look up your zone :: Enter the address in FEMA's Flood Map Service Center (msc.fema.gov), the official public source for FIRMs; an elevation certificate shows how your floor compares with the BFE.","Highland Beach Code Ch. 30 Zoning Code, Sec. 30-86; FEMA Community Status Book, Florida (www.fema.gov/cis/FL.html, report 10/03/2026); 2023 Florida Building Code, Residential R322.2.1, R322.3.2; 44 CFR 59.1; FEMA Flood Map Service Center",https://library.municode.com/fl/highland_beach/codes/code_of_ordinances?nodeId=PTIICOOR_CH30ZOCO,2026-10,needs-review,SI threshold and any freeboard number not found in Ch. 6 or Ch. 30; floodplain ordinance may be elsewhere.,Sec. 30-86 re-read; SI unverified. Re-read 3 Oct 2026: FEMA Community Status Book FL (report dated 10/03/2026) row for CID 125111 - map date and CRS class/%; city code text on the cited host; FBC-R R322.2.1/R322.3.2 (codes.iccsafe.org 2023 8th ed.); 44 CFR 59.1; FEMA MSC home page.
marathon,flood-zone,BFE +1 ft (state code),city rules not verified,"Marathon is still mapped on the Monroe County FIRM dated 18 February 2005, according to FEMA's Community Status Book. Its own floodplain ordinance was not read for this review.","FEMA flood map :: FEMA's Community Status Book (report dated 3 Oct 2026) lists Marathon as NFIP community 120681 with a current effective FIRM dated 18 Feb 2005. Zones are set parcel by parcel, so no single zone covers the whole city - check your own address. | NFIP history :: FEMA record: first FIRM 20 Jun 1970; regular NFIP program since 16 Oct 2000; entered CRS 1 May 2017. | Flood insurance discount :: CRS class 6 - 20% off NFIP premiums for policies in the Special Flood Hazard Area (class in effect 1 May 2018). | State minimum :: 2023 Florida Building Code, Residential R322.2.1 and R322.3.2 - lowest floor (A zones) or bottom of the lowest horizontal structural member (V and Coastal A zones) at BFE + 1 ft or the design flood elevation, whichever is higher. | Look up your zone :: Enter the address in FEMA's Flood Map Service Center (msc.fema.gov), the official public source for FIRMs; an elevation certificate shows how your floor compares with the BFE.","FEMA Community Status Book; local code not read; FEMA Community Status Book, Florida (www.fema.gov/cis/FL.html, report 10/03/2026); 2023 Florida Building Code, Residential R322.2.1, R322.3.2; 44 CFR 59.1; FEMA Flood Map Service Center",https://www.fema.gov/cis/FL.html,2026-10,needs-review,"Local floodplain ordinance (freeboard, SI/SD rule) not located/read; Keys codes may use cumulative or lower thresholds - verify before publishing.",Only CSB facts verified. Re-read 3 Oct 2026: FEMA Community Status Book FL (report dated 10/03/2026) row for CID 120681 - map date and CRS class/%; city code text on the cited host; FBC-R R322.2.1/R322.3.2 (codes.iccsafe.org 2023 8th ed.); 44 CFR 59.1; FEMA MSC home page.
islamorada,flood-zone,BFE +1 ft (state code),city rules not verified,"Islamorada is still mapped on the Monroe County FIRM dated 18 February 2005, according to FEMA's Community Status Book. Its own floodplain ordinance was not read for this review.","FEMA flood map :: FEMA's Community Status Book (report dated 3 Oct 2026) lists Islamorada as NFIP community 120424 with a current effective FIRM dated 18 Feb 2005. Zones are set parcel by parcel, so no single zone covers the whole city - check your own address. | NFIP history :: FEMA record: first FIRM 20 Jun 1970; regular NFIP program since 1 Oct 1998; entered CRS 1 Oct 2015. | Flood insurance discount :: CRS class 5 - 25% off NFIP premiums for policies in the Special Flood Hazard Area (class in effect 1 Apr 2022). | State minimum :: 2023 Florida Building Code, Residential R322.2.1 and R322.3.2 - lowest floor (A zones) or bottom of the lowest horizontal structural member (V and Coastal A zones) at BFE + 1 ft or the design flood elevation, whichever is higher. | Look up your zone :: Enter the address in FEMA's Flood Map Service Center (msc.fema.gov), the official public source for FIRMs; an elevation certificate shows how your floor compares with the BFE.","FEMA Community Status Book; local code not read; FEMA Community Status Book, Florida (www.fema.gov/cis/FL.html, report 10/03/2026); 2023 Florida Building Code, Residential R322.2.1, R322.3.2; 44 CFR 59.1; FEMA Flood Map Service Center",https://www.fema.gov/cis/FL.html,2026-10,needs-review,"Local floodplain ordinance (freeboard, SI/SD rule) not located/read; Keys codes may use cumulative or lower thresholds - verify before publishing.",Only CSB facts verified. Re-read 3 Oct 2026: FEMA Community Status Book FL (report dated 10/03/2026) row for CID 120424 - map date and CRS class/%; city code text on the cited host; FBC-R R322.2.1/R322.3.2 (codes.iccsafe.org 2023 8th ed.); 44 CFR 59.1; FEMA MSC home page.
key-largo,flood-zone,BFE +1 ft (state code),unincorporated Monroe County rules,"Key Largo is unincorporated, so Monroe County's Land Development Code Chapter 122 governs. The county applies the 50% test to any repair or improvement of the building alone, excluding land, and holds CRS class 3 - a 35% discount on NFIP premiums in the Special Flood Hazard Area.","Substantial improvement :: Any repair or improvement, 'including any improvement and any repair of damage sustained from any origin', costing 50% or more of market value; no cumulative period - LDC Sec. 122-3. | Market value :: Value of the building only, excluding land; costs that may be excluded are listed on the county floodplain administrator's substantial improvement/substantial damage worksheet, kept at the County Building Department - Sec. 122-3. | Substantial damage :: 50 percent of pre-damage market value; substantially damaged buildings are treated as substantial improvements - Sec. 122-3. | FEMA flood map :: FEMA's Community Status Book (report dated 3 Oct 2026) lists unincorporated Monroe County as NFIP community 125129 with a current effective FIRM dated 18 Feb 2005. Zones are set parcel by parcel, so no single zone covers the whole area - check your own address. | NFIP history :: FEMA record: first FIRM 20 Jun 1970; regular NFIP program since 15 Jun 1973; entered CRS 1 Oct 2016. | Flood insurance discount :: CRS class 3 - 35% off NFIP premiums for policies in the Special Flood Hazard Area (class in effect 1 Apr 2022). | State minimum :: 2023 Florida Building Code, Residential R322.2.1 and R322.3.2 - lowest floor (A zones) or bottom of the lowest horizontal structural member (V and Coastal A zones) at BFE + 1 ft or the design flood elevation, whichever is higher. | Look up your zone :: Enter the address in FEMA's Flood Map Service Center (msc.fema.gov), the official public source for FIRMs; an elevation certificate shows how your floor compares with the BFE.","Monroe County Land Development Code Ch. 122 Floodplain Management, Sec. 122-3; FEMA Community Status Book, Florida (www.fema.gov/cis/FL.html, report 10/03/2026); 2023 Florida Building Code, Residential R322.2.1, R322.3.2; 44 CFR 59.1; FEMA Flood Map Service Center",https://library.municode.com/fl/monroe_county/codes/land_development_code?nodeId=CH122FLMA,2026-10,verified,,Ch. 122 re-read on Municode (Monroe County LDC). Re-read 3 Oct 2026: FEMA Community Status Book FL (report dated 10/03/2026) row for CID 125129 - map date and CRS class/%; city code text on the cited host; FBC-R R322.2.1/R322.3.2 (codes.iccsafe.org 2023 8th ed.); 44 CFR 59.1; FEMA MSC home page.
wilton-manors,flood-zone,+2 ft above BFE (and 6 ft NAVD),minimum freeboard; maximum 4 ft,"Wilton Manors writes the largest fixed freeboard among the Broward cities here: at least 2 feet above base flood elevation and never lower than 6 feet NAVD88, and owners may go up to 4 feet above BFE without it counting against zoning height. Improvements are added up over five years. Where BFE plus 2 ft would fall below 6 ft NAVD88, the 6 ft figure governs instead.","Freeboard :: Highest of 6 ft NAVD or the minimum freeboard; minimum freeboard = 2 ft above BFE, maximum = 4 ft above BFE, not counted against district height - Sec. 9-55(1). | Substantial improvement :: Five-year cumulative period at 50%, starting with the first improvement after May 26, 2020 - Ch. 9 definitions (Ord. No. 2020-004). | Chapter history :: Chapter 9 was amended in its entirety by Ord. No. 2020-004, adopted 26 May 2020. | Worked example :: A building with a market value of $286,000 (structure only) crosses the 50% line once qualifying work within five years reaches $143,000; from then on the whole building must meet current flood-elevation rules. | More trigger points :: $377,000 building value -> $188,500 trigger; $509,000 building value -> $254,500 trigger. | Freeboard arithmetic :: A lot with a mapped BFE of 3 ft NAVD88 needs at least 6 ft NAVD88 (the 6 ft floor beats 3 + 2 = 5 ft) and may build up to 7 ft (BFE + 4) without the extra height counting toward zoning. | FEMA flood map :: FEMA's Community Status Book (report dated 3 Oct 2026) lists Wilton Manors as NFIP community 125156 with a current effective FIRM dated 31 Jul 2024. Zones are set parcel by parcel, so no single zone covers the whole city - check your own address. | NFIP history :: FEMA record: first flood hazard boundary map 27 Oct 1972; first FIRM 27 Oct 1972; regular NFIP program since 27 Oct 1972. | Flood insurance discount :: Wilton Manors has no CRS entry in FEMA's report, so NFIP policies there get no Community Rating System discount. | State minimum :: 2023 Florida Building Code, Residential R322.2.1 and R322.3.2 - lowest floor (A zones) or bottom of the lowest horizontal structural member (V and Coastal A zones) at BFE + 1 ft or the design flood elevation, whichever is higher. | Look up your zone :: Enter the address in FEMA's Flood Map Service Center (msc.fema.gov), the official public source for FIRMs; an elevation certificate shows how your floor compares with the BFE.","Wilton Manors Code of Ordinances Ch. 9 Flood Prevention and Protection, Sec. 9-55 and Art. II definitions (Ord. No. 2020-004); FEMA Community Status Book, Florida (www.fema.gov/cis/FL.html, report 10/03/2026); 2023 Florida Building Code, Residential R322.2.1, R322.3.2; 44 CFR 59.1; FEMA Flood Map Service Center",https://library.municode.com/fl/wilton_manors/codes/code_of_ordinances?nodeId=PTIICOOR_CH9FLPRPR_ARTIIIFLREDE_DIV1BUST_S9-55RESPMECO,2026-10,verified,,Sec. 9-55(1) text and five-year SI definition re-read on Municode. Re-read 3 Oct 2026: FEMA Community Status Book FL (report dated 10/03/2026) row for CID 125156 - map date and CRS class/%; city code text on the cited host; FBC-R R322.2.1/R322.3.2 (codes.iccsafe.org 2023 8th ed.); 44 CFR 59.1; FEMA MSC home page.
hillsboro-beach,flood-zone,100-yr flood criteria map floor,lowest living floor level-of-service standard,Hillsboro Beach's development code sets the lowest living floor no lower than the elevation shown on the 100-year flood criteria map. Its floodplain article uses the plain 50% substantial-improvement test with no look-back period. Builders therefore read two maps: FEMA's FIRM for insurance and the county criteria map for the floor.,"Floor standard :: Lowest living floor elevation no lower than the elevation for the area on the 100-year flood criteria map - Sec. 12-20(a) (development review level of service). | Substantial improvement / damage :: 50 percent of market value, no cumulative period - Ch. 4 Art. IV, Sec. 4-144. | Seawalls :: The town's land development code separately sets seawall height at a minimum of 5.0 ft and a maximum of 7.0 ft NAVD88 - Sec. 12-268. | Worked example :: A building with a market value of $612,000 (structure only) crosses the 50% line once qualifying work in a single permit (no look-back period) reaches $306,000; from then on the whole building must meet current flood-elevation rules. | More trigger points :: $943,000 building value -> $471,500 trigger; $781,000 building value -> $390,500 trigger. | FEMA flood map :: FEMA's Community Status Book (report dated 3 Oct 2026) lists Hillsboro Beach as NFIP community 120040 with a current effective FIRM dated 31 Jul 2024. Zones are set parcel by parcel, so no single zone covers the whole city - check your own address. | NFIP history :: FEMA record: first flood hazard boundary map 9 Jan 1974; first FIRM 17 Apr 1978; regular NFIP program since 17 Apr 1978; entered CRS 1 Oct 2017. | Flood insurance discount :: CRS class 8 - 10% off NFIP premiums for policies in the Special Flood Hazard Area (class in effect 1 Oct 2017). | State minimum :: 2023 Florida Building Code, Residential R322.2.1 and R322.3.2 - lowest floor (A zones) or bottom of the lowest horizontal structural member (V and Coastal A zones) at BFE + 1 ft or the design flood elevation, whichever is higher. | Look up your zone :: Enter the address in FEMA's Flood Map Service Center (msc.fema.gov), the official public source for FIRMs; an elevation certificate shows how your floor compares with the BFE.","Hillsboro Beach Code Ch. 4 Art. IV Floodplain Management Sec. 4-144; Ch. 12 Sec. 12-20; FEMA Community Status Book, Florida (www.fema.gov/cis/FL.html, report 10/03/2026); 2023 Florida Building Code, Residential R322.2.1, R322.3.2; 44 CFR 59.1; FEMA Flood Map Service Center",https://library.municode.com/fl/hillsboro_beach/codes/code_of_ordinances?nodeId=PTIICO_CH4BUBURE_ARTIVFLMA_DIV9DE_S4-144DE,2026-10,verified,,Secs. 4-144 and 12-20 re-read on Municode. Re-read 3 Oct 2026: FEMA Community Status Book FL (report dated 10/03/2026) row for CID 120040 - map date and CRS class/%; city code text on the cited host; FBC-R R322.2.1/R322.3.2 (codes.iccsafe.org 2023 8th ed.); 44 CFR 59.1; FEMA MSC home page.
oakland-park,flood-zone,+1 ft above BFE (or county map),"highest of three tests, lowest floor","Oakland Park writes its own three-way test: the lowest floor goes to the highest of 1 foot above base flood elevation, the Broward County 100-year flood criteria map, or 12 inches above the road crown for homes. The substantial-improvement rule is the plain 50% with no look-back.","Freeboard :: Highest of 1 ft above BFE; the Broward County 100-year flood criteria map elevation; or 12 in (residential) / 6 in (nonresidential) above the highest adjacent road crown - Sec. 24-139.1(B) (Ord. No. O-2024-005). | Substantial improvement / damage :: 50 percent of market value, no cumulative period - Sec. 24-138. | Amendment history :: Sec. 24-139.1 dates from Ord. No. O-2013-015 (2 Oct 2013) and was amended by Ord. No. O-2024-005 (15 May 2024). | Where the rules sit :: Chapter 24 Land Development Code, Article X Floodplain Management. | Worked example :: A building with a market value of $238,000 (structure only) crosses the 50% line once qualifying work in a single permit (no look-back period) reaches $119,000; from then on the whole building must meet current flood-elevation rules. | FEMA flood map :: FEMA's Community Status Book (report dated 3 Oct 2026) lists Oakland Park as NFIP community 120050 with a current effective FIRM dated 31 Jul 2024. Zones are set parcel by parcel, so no single zone covers the whole city - check your own address. | NFIP history :: FEMA record: first flood hazard boundary map 28 Jun 1974; first FIRM 1 Dec 1977; regular NFIP program since 1 Dec 1977; entered CRS 1 Oct 1994. | Flood insurance discount :: CRS class 6 - 20% off NFIP premiums for policies in the Special Flood Hazard Area (class in effect 1 Oct 2020). | State minimum :: 2023 Florida Building Code, Residential R322.2.1 and R322.3.2 - lowest floor (A zones) or bottom of the lowest horizontal structural member (V and Coastal A zones) at BFE + 1 ft or the design flood elevation, whichever is higher. | Look up your zone :: Enter the address in FEMA's Flood Map Service Center (msc.fema.gov), the official public source for FIRMs; an elevation certificate shows how your floor compares with the BFE.","Oakland Park Code of Ordinances Ch. 24 Art. X Floodplain Management, Secs. 24-138, 24-139.1; FEMA Community Status Book, Florida (www.fema.gov/cis/FL.html, report 10/03/2026); 2023 Florida Building Code, Residential R322.2.1, R322.3.2; 44 CFR 59.1; FEMA Flood Map Service Center",https://library.municode.com/fl/oakland_park/codes/code_of_ordinances?nodeId=COOR_CH24LADECO_ARTXFLMA_S24-139.1FLREDEUIST,2026-10,verified,,Sec. 24-139.1(B) and SI definition re-read on Municode. Re-read 3 Oct 2026: FEMA Community Status Book FL (report dated 10/03/2026) row for CID 120050 - map date and CRS class/%; city code text on the cited host; FBC-R R322.2.1/R322.3.2 (codes.iccsafe.org 2023 8th ed.); 44 CFR 59.1; FEMA MSC home page.
sea-ranch-lakes,flood-zone,BFE +1 ft (state code),no village freeboard found,"Sea Ranch Lakes keeps its flood rules inside the land development code appendix and adds no freeboard number of its own, so the Florida Building Code's BFE + 1 ft applies. FEMA's report does not list the village in the Community Rating System. Its floodplain rules sit in an appendix to the land development code rather than in a stand-alone chapter.","Substantial improvement / damage :: 50 percent of market value, no cumulative period - App. A LDC Sec. 4.03.09(43)-(44). | Where the rules sit :: Sea Ranch Lakes keeps floodplain management in Appendix A, Land Development Code, Article IV Resource Protection Standards, part 4.03.00. | Market value :: Substantial damage is measured against market value before the damage occurred - Sec. 4.03.09. | Worked example :: A building with a market value of $458,000 (structure only) crosses the 50% line once qualifying work in a single permit (no look-back period) reaches $229,000; from then on the whole building must meet current flood-elevation rules. | More trigger points :: $667,000 building value -> $333,500 trigger; $593,000 building value -> $296,500 trigger; $821,000 building value -> $410,500 trigger. | FEMA flood map :: FEMA's Community Status Book (report dated 3 Oct 2026) lists Sea Ranch Lakes as NFIP community 120056 with a current effective FIRM dated 31 Jul 2024. Zones are set parcel by parcel, so no single zone covers the whole city - check your own address. | NFIP history :: FEMA record: first flood hazard boundary map 21 Jun 1974; first FIRM 16 Feb 1977; regular NFIP program since 16 Feb 1977. | Flood insurance discount :: Sea Ranch Lakes has no CRS entry in FEMA's report, so NFIP policies there get no Community Rating System discount. | State minimum :: 2023 Florida Building Code, Residential R322.2.1 and R322.3.2 - lowest floor (A zones) or bottom of the lowest horizontal structural member (V and Coastal A zones) at BFE + 1 ft or the design flood elevation, whichever is higher. | Look up your zone :: Enter the address in FEMA's Flood Map Service Center (msc.fema.gov), the official public source for FIRMs; an elevation certificate shows how your floor compares with the BFE.","Sea Ranch Lakes Code App. A Land Development Code Sec. 4.03.09; FEMA Community Status Book, Florida (www.fema.gov/cis/FL.html, report 10/03/2026); 2023 Florida Building Code, Residential R322.2.1, R322.3.2; 44 CFR 59.1; FEMA Flood Map Service Center",https://library.municode.com/fl/sea_ranch_lakes/codes/code_of_ordinances?nodeId=APXALADECO_ARTIVREPRST_4.03.00FLMA_4.03.09DE,2026-10,verified,,Sec. 4.03.09 re-read on Municode; article searched for freeboard - none. Re-read 3 Oct 2026: FEMA Community Status Book FL (report dated 10/03/2026) row for CID 120056 - map date and CRS class/%; city code text on the cited host; FBC-R R322.2.1/R322.3.2 (codes.iccsafe.org 2023 8th ed.); 44 CFR 59.1; FEMA MSC home page.
north-bay-village,flood-zone,16 in above road crown (floor rule),residential floor vs abutting street,"North Bay Village's land-use code sets residential floors at least 16 inches above the highest point of the crown of the abutting street. Its floodplain ordinance itself, with the substantial-improvement rule, could not be located in the online code.","Floor vs road :: Residential, duplex and multifamily floors not less than 16 in above the highest point of the crown of the abutting street; commercial, garages and similar 6 in - Sec. 151.16. | FEMA flood map :: FEMA's Community Status Book (report dated 3 Oct 2026) lists North Bay Village as NFIP community 120654 with a current effective FIRM dated 11 Sep 2009. Zones are set parcel by parcel, so no single zone covers the whole city - check your own address. | NFIP history :: FEMA record: first FIRM 29 Sep 1972; regular NFIP program since 29 Sep 1972; entered CRS 1 Oct 2022. | Flood insurance discount :: CRS class 8 - 10% off NFIP premiums for policies in the Special Flood Hazard Area (class in effect 1 Oct 2022). | State minimum :: 2023 Florida Building Code, Residential R322.2.1 and R322.3.2 - lowest floor (A zones) or bottom of the lowest horizontal structural member (V and Coastal A zones) at BFE + 1 ft or the design flood elevation, whichever is higher. | Look up your zone :: Enter the address in FEMA's Flood Map Service Center (msc.fema.gov), the official public source for FIRMs; an elevation certificate shows how your floor compares with the BFE.","North Bay Village Code of Ordinances Title XV, Sec. 151.16; FEMA Community Status Book, Florida (www.fema.gov/cis/FL.html, report 10/03/2026); 2023 Florida Building Code, Residential R322.2.1, R322.3.2; 44 CFR 59.1; FEMA Flood Map Service Center",https://library.municode.com/fl/north_bay_village/codes/code_of_ordinances?nodeId=TITXVLAUS,2026-10,needs-review,"Floodplain management ordinance (substantial improvement definition, any freeboard) not found in the Municode Title XV text; may be published elsewhere. Do not publish the SI rule until found.",Sec. 151.16 re-read on Municode. SI/freeboard unverified. Re-read 3 Oct 2026: FEMA Community Status Book FL (report dated 10/03/2026) row for CID 120654 - map date and CRS class/%; city code text on the cited host; FBC-R R322.2.1/R322.3.2 (codes.iccsafe.org 2023 8th ed.); 44 CFR 59.1; FEMA MSC home page.
golden-beach,flood-zone,BFE +1 ft (state code),no extra town freeboard found,"Golden Beach counts repeated flood damage: two flood events in ten years averaging 25% of market value make a building substantially damaged, alongside the usual 50% test. FEMA's report lists the town at CRS class 10, which carries no insurance discount.","Substantial damage :: 50 percent of market value, plus flood damage on two separate occasions in a ten-year period averaging 25 percent or more - Sec. 62-10. | Substantial improvement :: 50 percent of market value, no cumulative period - Sec. 62-10. | Floodproofing certificate :: Added to FBC Building plan-review criteria - Sec. 62-11(3). | Where the rules sit :: Subpart B Land Development Regulations, Chapter 62 Floods - Article I Administration, Article II Definitions, Article III Flood Resistant Development. | Worked example :: A building with a market value of $734,000 (structure only) crosses the 50% line once qualifying work in a single permit (no look-back period) reaches $367,000; from then on the whole building must meet current flood-elevation rules. | FEMA flood map :: FEMA's Community Status Book (report dated 3 Oct 2026) lists Golden Beach as NFIP community 120642 with a current effective FIRM dated 11 Sep 2009. Zones are set parcel by parcel, so no single zone covers the whole city - check your own address. | NFIP history :: FEMA record: first FIRM 29 Sep 1972; regular NFIP program since 29 Sep 1972; entered CRS 1 Oct 1993. | Flood insurance discount :: CRS class 10 (class date 1 Oct 2002) - a class 10 community receives no premium discount. | State minimum :: 2023 Florida Building Code, Residential R322.2.1 and R322.3.2 - lowest floor (A zones) or bottom of the lowest horizontal structural member (V and Coastal A zones) at BFE + 1 ft or the design flood elevation, whichever is higher. | Look up your zone :: Enter the address in FEMA's Flood Map Service Center (msc.fema.gov), the official public source for FIRMs; an elevation certificate shows how your floor compares with the BFE.","Golden Beach Code Subpart B LDR Ch. 62 Floods, Secs. 62-10, 62-11; FEMA Community Status Book, Florida (www.fema.gov/cis/FL.html, report 10/03/2026); 2023 Florida Building Code, Residential R322.2.1, R322.3.2; 44 CFR 59.1; FEMA Flood Map Service Center",https://library.municode.com/fl/golden_beach/codes/code_of_ordinances?nodeId=SPBLADERE_CH62FL_ARTIIDE,2026-10,verified,,Ch. 62 re-read on Municode. Re-read 3 Oct 2026: FEMA Community Status Book FL (report dated 10/03/2026) row for CID 120642 - map date and CRS class/%; city code text on the cited host; FBC-R R322.2.1/R322.3.2 (codes.iccsafe.org 2023 8th ed.); 44 CFR 59.1; FEMA MSC home page.
palmetto-bay,flood-zone,"+1 ft A zones, up to +2 ft V zones","above BFE, via local FBC amendments","Palmetto Bay writes its freeboard into local Florida Building Code amendments: A-zone floors at base flood elevation plus 1 foot, and in V zones the structural members go 1 foot or 2 feet above BFE depending on how they face incoming waves. Improvements are added up over five years.","A zones :: Lowest floors at or above BFE plus one (1) foot or the design flood elevation, whichever is higher - App. B. | V zones :: Bottom of lowest horizontal structural member at BFE + 1 ft if parallel to wave approach (20 degrees or less), BFE + 2 ft if perpendicular (over 20 degrees); basements prohibited - App. B. | Substantial improvement :: Five (5) year cumulative period at 50% - App. B. | Substantial damage :: 50 percent, plus two floods in a 10-year period averaging 25 percent - App. B. | FEMA flood map :: FEMA's Community Status Book (report dated 3 Oct 2026) lists Palmetto Bay as NFIP community 120687 with a current effective FIRM dated 11 Sep 2009. Zones are set parcel by parcel, so no single zone covers the whole city - check your own address. | NFIP history :: FEMA record: first FIRM 2 Mar 1994; regular NFIP program since 2 Feb 2005; entered CRS 1 May 2017. | Flood insurance discount :: CRS class 5 - 25% off NFIP premiums for policies in the Special Flood Hazard Area (class in effect 1 Apr 2025). | State minimum :: 2023 Florida Building Code, Residential R322.2.1 and R322.3.2 - lowest floor (A zones) or bottom of the lowest horizontal structural member (V and Coastal A zones) at BFE + 1 ft or the design flood elevation, whichever is higher. | Look up your zone :: Enter the address in FEMA's Flood Map Service Center (msc.fema.gov), the official public source for FIRMs; an elevation certificate shows how your floor compares with the BFE.","Palmetto Bay Code of Ordinances Appendix B, Florida Building Code Amendments; FEMA Community Status Book, Florida (www.fema.gov/cis/FL.html, report 10/03/2026); 2023 Florida Building Code, Residential R322.2.1, R322.3.2; 44 CFR 59.1; FEMA Flood Map Service Center",https://library.municode.com/fl/palmetto_bay/codes/code_of_ordinances?nodeId=APXBFLBUCOAM,2026-10,verified,,Appendix B re-read on Municode. Re-read 3 Oct 2026: FEMA Community Status Book FL (report dated 10/03/2026) row for CID 120687 - map date and CRS class/%; city code text on the cited host; FBC-R R322.2.1/R322.3.2 (codes.iccsafe.org 2023 8th ed.); 44 CFR 59.1; FEMA MSC home page.
cutler-bay,flood-zone,Sidewalk or crown +1 ft (if higher),minimum building elevation,"Cutler Bay sets the building floor at the higher of the state code elevation or 1 foot above the back of sidewalk (or the road crown where there is no sidewalk), and applies the same sidewalk-plus-1 rule in Zone X. It lowers the substantial-improvement trigger to 49% and counts improvements over one year.","Freeboard (flood zones) :: Higher of the state building code elevation, back of sidewalk plus one foot, or (no sidewalk) crown of road plus one foot - Sec. 18-93(1)a. | Zone X :: Back of sidewalk plus one foot, or crown of road plus one foot - Sec. 18-93(1)b. | Garages :: Attached and detached garage slabs at or above BFE plus one foot - Sec. 18-93(5). | Substantial improvement :: One-year period, cumulative cost of 49% or more, from the first improvement permitted after February 18, 2009 - Sec. 18-7. | Cost estimates :: By a licensed general contractor or design professional, or FEMA's Substantial Damage Estimator - Sec. 18-93(6). | FEMA flood map :: FEMA's Community Status Book (report dated 3 Oct 2026) lists Cutler Bay as NFIP community 120218 with a current effective FIRM dated 11 Sep 2009. Zones are set parcel by parcel, so no single zone covers the whole city - check your own address. | NFIP history :: FEMA record: first FIRM 2 Mar 1994; regular NFIP program since 31 Aug 2006; entered CRS 1 May 2011. | Flood insurance discount :: CRS class 3 - 35% off NFIP premiums for policies in the Special Flood Hazard Area (class in effect 1 Apr 2023). | State minimum :: 2023 Florida Building Code, Residential R322.2.1 and R322.3.2 - lowest floor (A zones) or bottom of the lowest horizontal structural member (V and Coastal A zones) at BFE + 1 ft or the design flood elevation, whichever is higher. | Look up your zone :: Enter the address in FEMA's Flood Map Service Center (msc.fema.gov), the official public source for FIRMs; an elevation certificate shows how your floor compares with the BFE.","Cutler Bay Code of Ordinances Ch. 18 Floodplain Management, Secs. 18-7, 18-93; FEMA Community Status Book, Florida (www.fema.gov/cis/FL.html, report 10/03/2026); 2023 Florida Building Code, Residential R322.2.1, R322.3.2; 44 CFR 59.1; FEMA Flood Map Service Center",https://library.municode.com/fl/cutler_bay/codes/code_of_ordinances?nodeId=PTIICOOR_CH18FLMA_ARTIIFLREDE_DIV1BUST_S18-93SPMECORE,2026-10,verified,,Secs. 18-7 and 18-93 re-read on Municode. Re-read 3 Oct 2026: FEMA Community Status Book FL (report dated 10/03/2026) row for CID 120218 - map date and CRS class/%; city code text on the cited host; FBC-R R322.2.1/R322.3.2 (codes.iccsafe.org 2023 8th ed.); 44 CFR 59.1; FEMA MSC home page.
miami-shores,flood-zone,BFE +1 ft (state code),no extra village freeboard found,"Miami Shores Village counts improvements over one year: any combination of work in a one-year period reaching 50% of market value is a substantial improvement. No extra freeboard number appears in its flood chapter, so the Florida Building Code floor applies.","Substantial improvement :: One-year period, cumulative cost of 50% or more, starting with the first improvement - Sec. 8.5-55. | Substantial damage :: 50 percent of market value - Sec. 8.5-55. | Chapter history :: Chapter 8.5 was adopted by Ord. No. 705-14 on 21 Oct 2014 and runs to sixteen articles, including separate ones on tanks and on recreational vehicles and park trailers. | Seaward of the CCCL :: Buildings extending seaward of the coastal construction control line must meet the more restrictive of FBC Building 3109 and 1612 or FBC Residential R322; minor and non-habitable major structures under F.S. 161.54 follow ASCE 24 - Sec. 8.5-57. | Code-exempt structures :: Buildings exempt from the Florida Building Code are built to ASCE 24 - Sec. 8.5-56. | FEMA flood map :: FEMA's Community Status Book (report dated 3 Oct 2026) lists Miami Shores as NFIP community 120652 with a current effective FIRM dated 11 Sep 2009. Zones are set parcel by parcel, so no single zone covers the whole city - check your own address. | NFIP history :: FEMA record: first FIRM 29 Sep 1972; regular NFIP program since 29 Sep 1972; entered CRS 1 Oct 2000. | Flood insurance discount :: CRS class 6 - 20% off NFIP premiums for policies in the Special Flood Hazard Area (class in effect 1 Oct 2024). | State minimum :: 2023 Florida Building Code, Residential R322.2.1 and R322.3.2 - lowest floor (A zones) or bottom of the lowest horizontal structural member (V and Coastal A zones) at BFE + 1 ft or the design flood elevation, whichever is higher. | Look up your zone :: Enter the address in FEMA's Flood Map Service Center (msc.fema.gov), the official public source for FIRMs; an elevation certificate shows how your floor compares with the BFE.","Miami Shores Village Code of Ordinances Ch. 8.5 Flood Damage Prevention, Sec. 8.5-55 (Ord. No. 705-14); FEMA Community Status Book, Florida (www.fema.gov/cis/FL.html, report 10/03/2026); 2023 Florida Building Code, Residential R322.2.1, R322.3.2; 44 CFR 59.1; FEMA Flood Map Service Center",https://library.municode.com/fl/miami_shores_village/codes/code_of_ordinances?nodeId=PTIICOOR_CH8.5FLDAPR_ARTIXDE_S8.5-55DE,2026-10,verified,,Sec. 8.5-55 and Art. X re-read on Municode. Re-read 3 Oct 2026: FEMA Community Status Book FL (report dated 10/03/2026) row for CID 120652 - map date and CRS class/%; city code text on the cited host; FBC-R R322.2.1/R322.3.2 (codes.iccsafe.org 2023 8th ed.); 44 CFR 59.1; FEMA MSC home page.
ocean-ridge,flood-zone,BFE +1 ft (state code),no extra town freeboard found,"Ocean Ridge counts improvements over two years, from the first permit after 10 July 2017, against the 50% substantial-improvement line, and treats two floods in ten years averaging 25% of value as substantial damage. No extra freeboard number appears. Successive permits within any two-year stretch are therefore added together.","Substantial improvement :: Two-year period, cumulative cost of 50% or more; accumulation begins with the first improvement permitted after July 10, 2017 - Sec. 66-25. | Substantial damage :: 50 percent, plus flood damage on two occasions in a ten-year period averaging 25 percent - Sec. 66-25. | Determinations :: The floodplain administrator must review previous permits for improvements and repairs, and previous flood-damage repair permits, when deciding whether work is a substantial improvement or repair of substantial damage - Sec. 66-18. | Where the rules sit :: Land Development Code Chapter 66 Environmental Regulations, Article II Flood Damage Prevention. | Worked example :: A building with a market value of $398,000 (structure only) crosses the 50% line once qualifying work within two years reaches $199,000; from then on the whole building must meet current flood-elevation rules. | More trigger points :: $733,000 building value -> $366,500 trigger. | FEMA flood map :: FEMA's Community Status Book (report dated 3 Oct 2026) lists Ocean Ridge as NFIP community 125134 with a current effective FIRM dated 20 Dec 2024. Zones are set parcel by parcel, so no single zone covers the whole city - check your own address. | NFIP history :: FEMA record: first flood hazard boundary map 18 Sep 1970; first FIRM 9 Apr 1971; regular NFIP program since 9 Apr 1971; entered CRS 1 Oct 1992. | Flood insurance discount :: CRS class 6 - 20% off NFIP premiums for policies in the Special Flood Hazard Area (class in effect 1 Apr 2021). | State minimum :: 2023 Florida Building Code, Residential R322.2.1 and R322.3.2 - lowest floor (A zones) or bottom of the lowest horizontal structural member (V and Coastal A zones) at BFE + 1 ft or the design flood elevation, whichever is higher. | Look up your zone :: Enter the address in FEMA's Flood Map Service Center (msc.fema.gov), the official public source for FIRMs; an elevation certificate shows how your floor compares with the BFE.","Ocean Ridge Code Subpart B LDC Ch. 66 Art. II Flood Damage Prevention, Sec. 66-25; FEMA Community Status Book, Florida (www.fema.gov/cis/FL.html, report 10/03/2026); 2023 Florida Building Code, Residential R322.2.1, R322.3.2; 44 CFR 59.1; FEMA Flood Map Service Center",https://library.municode.com/fl/ocean_ridge/codes/code_of_ordinances?nodeId=SPBLADECO_CH66ENRE_ARTIIFLDAPR,2026-10,verified,,Sec. 66-25 re-read on Municode. Re-read 3 Oct 2026: FEMA Community Status Book FL (report dated 10/03/2026) row for CID 125134 - map date and CRS class/%; city code text on the cited host; FBC-R R322.2.1/R322.3.2 (codes.iccsafe.org 2023 8th ed.); 44 CFR 59.1; FEMA MSC home page.
gulf-stream,flood-zone,BFE +1 ft (state code),no extra town freeboard found,"Gulf Stream's Chapter 48, adopted in 2017, uses the plain 50% substantial-improvement test with no look-back. FEMA lists the town at CRS class 10, so residents get no CRS discount on flood insurance. Each project is judged alone, with no rolling total of earlier work.","Substantial improvement / damage :: 50 percent of market value, no cumulative period - Sec. 48-1 (Ord. No. 17-01). | Determinations :: Substantial improvement and substantial damage determinations are made under Sec. 48-24 when permits are sought to improve or repair a building. | No-BFE areas :: Where no BFE is mapped, the BFE may be specified as two feet above the highest adjacent grade if there is no evidence of deeper flooding - Sec. 48-42. | Worked example :: A building with a market value of $689,000 (structure only) crosses the 50% line once qualifying work in a single permit (no look-back period) reaches $344,500; from then on the whole building must meet current flood-elevation rules. | More trigger points :: $1,147,000 building value -> $573,500 trigger; $913,000 building value -> $456,500 trigger. | FEMA flood map :: FEMA's Community Status Book (report dated 3 Oct 2026) lists Gulf Stream as NFIP community 125109 with a current effective FIRM dated 20 Dec 2024. Zones are set parcel by parcel, so no single zone covers the whole city - check your own address. | NFIP history :: FEMA record: first FIRM 24 Nov 1972; regular NFIP program since 24 Nov 1972; entered CRS 1 Oct 1999. | Flood insurance discount :: CRS class 10 (class date 1 Oct 2015) - a class 10 community receives no premium discount. | State minimum :: 2023 Florida Building Code, Residential R322.2.1 and R322.3.2 - lowest floor (A zones) or bottom of the lowest horizontal structural member (V and Coastal A zones) at BFE + 1 ft or the design flood elevation, whichever is higher. | Look up your zone :: Enter the address in FEMA's Flood Map Service Center (msc.fema.gov), the official public source for FIRMs; an elevation certificate shows how your floor compares with the BFE.","Gulf Stream Code of Ordinances Ch. 48 Flood Prevention and Protection, Sec. 48-1; FEMA Community Status Book, Florida (www.fema.gov/cis/FL.html, report 10/03/2026); 2023 Florida Building Code, Residential R322.2.1, R322.3.2; 44 CFR 59.1; FEMA Flood Map Service Center",https://library.municode.com/fl/gulf_stream/codes/code_of_ordinances?nodeId=PTIICOOR_CH48FLPRPR,2026-10,verified,,Sec. 48-1 re-read on Municode. Re-read 3 Oct 2026: FEMA Community Status Book FL (report dated 10/03/2026) row for CID 125109 - map date and CRS class/%; city code text on the cited host; FBC-R R322.2.1/R322.3.2 (codes.iccsafe.org 2023 8th ed.); 44 CFR 59.1; FEMA MSC home page.
manalapan,flood-zone,BFE +1 ft (state code),town rules not located,Manalapan is on the countywide FIRM effective 20 December 2024 and holds CRS class 8 (10% discount). Its floodplain ordinance could not be located in the online code.,"FEMA flood map :: FEMA's Community Status Book (report dated 3 Oct 2026) lists Manalapan as NFIP community 120215 with a current effective FIRM dated 20 Dec 2024. Zones are set parcel by parcel, so no single zone covers the whole city - check your own address. | NFIP history :: FEMA record: first FIRM 18 Jul 1970; regular NFIP program since 30 Oct 1970; entered CRS 1 Oct 1992. | Flood insurance discount :: CRS class 8 - 10% off NFIP premiums for policies in the Special Flood Hazard Area (class in effect 1 May 2013). | State minimum :: 2023 Florida Building Code, Residential R322.2.1 and R322.3.2 - lowest floor (A zones) or bottom of the lowest horizontal structural member (V and Coastal A zones) at BFE + 1 ft or the design flood elevation, whichever is higher. | Look up your zone :: Enter the address in FEMA's Flood Map Service Center (msc.fema.gov), the official public source for FIRMs; an elevation certificate shows how your floor compares with the BFE.","FEMA Community Status Book; town code not located; FEMA Community Status Book, Florida (www.fema.gov/cis/FL.html, report 10/03/2026); 2023 Florida Building Code, Residential R322.2.1, R322.3.2; 44 CFR 59.1; FEMA Flood Map Service Center",https://www.fema.gov/cis/FL.html,2026-10,needs-review,Floodplain ordinance not found in Municode Title XV; freeboard and SI rule unverified.,Only CSB facts verified. Re-read 3 Oct 2026: FEMA Community Status Book FL (report dated 10/03/2026) row for CID 120215 - map date and CRS class/%; city code text on the cited host; FBC-R R322.2.1/R322.3.2 (codes.iccsafe.org 2023 8th ed.); 44 CFR 59.1; FEMA MSC home page.
tequesta,flood-zone,BFE +1 ft (state code),village rules not verified,Tequesta's local Florida Building Code amendments require design flood elevations to be specified in NAVD 88. Its substantial-improvement threshold and any freeboard could not be confirmed.,"Datum :: Design flood elevations shall be uniformly specified utilizing the currently effective NAVD 88 - Sec. 14-32 (local FBC amendments). | FEMA flood map :: FEMA's Community Status Book (report dated 3 Oct 2026) lists Tequesta as NFIP community 120228 with a current effective FIRM dated 20 Dec 2024. Zones are set parcel by parcel, so no single zone covers the whole city - check your own address. | NFIP history :: FEMA record: first FIRM 11 Jun 1971; regular NFIP program since 11 Jun 1971; entered CRS 1 Oct 1992. | Flood insurance discount :: CRS class 6 - 20% off NFIP premiums for policies in the Special Flood Hazard Area (class in effect 1 Apr 2022). | State minimum :: 2023 Florida Building Code, Residential R322.2.1 and R322.3.2 - lowest floor (A zones) or bottom of the lowest horizontal structural member (V and Coastal A zones) at BFE + 1 ft or the design flood elevation, whichever is higher. | Look up your zone :: Enter the address in FEMA's Flood Map Service Center (msc.fema.gov), the official public source for FIRMs; an elevation certificate shows how your floor compares with the BFE.","Tequesta Code of Ordinances Ch. 14, Sec. 14-32; FEMA Community Status Book, Florida (www.fema.gov/cis/FL.html, report 10/03/2026); 2023 Florida Building Code, Residential R322.2.1, R322.3.2; 44 CFR 59.1; FEMA Flood Map Service Center",https://library.municode.com/fl/tequesta/codes/code_of_ordinances?nodeId=PTIICOOR_CH14BUBURE,2026-10,needs-review,No SI threshold or freeboard located in Ch. 14; flood ordinance location unknown.,Sec. 14-32 NAVD line re-read; SI unverified. Re-read 3 Oct 2026: FEMA Community Status Book FL (report dated 10/03/2026) row for CID 120228 - map date and CRS class/%; city code text on the cited host; FBC-R R322.2.1/R322.3.2 (codes.iccsafe.org 2023 8th ed.); 44 CFR 59.1; FEMA MSC home page.
juno-beach,flood-zone,+18 in above BFE,"or design flood elevation, whichever higher","Juno Beach amends the Florida Building Code to require 18 inches above base flood elevation instead of the state's 1 foot, for both homes and other buildings. It also counts improvements over ten years, from the first permit after 1 June 1993. Six extra inches over the statewide minimum applies to residential and commercial projects alike.","Freeboard (homes) :: FBC-Residential R322: BFE plus 18 inches or the design flood elevation, whichever is higher - Sec. 7-21(4). | Freeboard (other buildings) :: FBC-Building 1612: ASCE 24 or BFE plus 18 inches, whichever is higher - Sec. 7-21(2). | Substantial improvement :: Ten year period, cumulative cost of 50% or more, from the first permit issued after June 1, 1993 - Sec. 7-12. | Substantial damage :: 50 percent, plus two floods in ten years averaging 25 percent - Sec. 7-12. | Amendment history :: Chapter 7 Floodplain Regulations: Ord. No. 687 (10 Aug 2016) and Ord. No. 769 (27 Sep 2023). | Worked example :: A building with a market value of $352,000 (structure only) crosses the 50% line once qualifying work within ten years reaches $176,000; from then on the whole building must meet current flood-elevation rules. | More trigger points :: $487,000 building value -> $243,500 trigger; $659,000 building value -> $329,500 trigger; $743,000 building value -> $371,500 trigger. | FEMA flood map :: FEMA's Community Status Book (report dated 3 Oct 2026) lists Juno Beach as NFIP community 120208 with a current effective FIRM dated 20 Dec 2024. Zones are set parcel by parcel, so no single zone covers the whole city - check your own address. | NFIP history :: FEMA record: first flood hazard boundary map 4 Jan 1974; first FIRM 1 Dec 1978; regular NFIP program since 1 Dec 1978; entered CRS 1 Oct 1993. | Flood insurance discount :: CRS class 6 - 20% off NFIP premiums for policies in the Special Flood Hazard Area (class in effect 1 Apr 2026). | State minimum :: 2023 Florida Building Code, Residential R322.2.1 and R322.3.2 - lowest floor (A zones) or bottom of the lowest horizontal structural member (V and Coastal A zones) at BFE + 1 ft or the design flood elevation, whichever is higher. | Look up your zone :: Enter the address in FEMA's Flood Map Service Center (msc.fema.gov), the official public source for FIRMs; an elevation certificate shows how your floor compares with the BFE.","Juno Beach Code of Ordinances Ch. 7 Floodplain Regulations, Secs. 7-12, 7-21 (Ord. Nos. 687, 769); FEMA Community Status Book, Florida (www.fema.gov/cis/FL.html, report 10/03/2026); 2023 Florida Building Code, Residential R322.2.1, R322.3.2; 44 CFR 59.1; FEMA Flood Map Service Center",https://library.municode.com/fl/juno_beach/codes/code_of_ordinances?nodeId=PTIICOOR_CH7FLRE,2026-10,verified,,Secs. 7-12 and 7-21 re-read on Municode. Re-read 3 Oct 2026: FEMA Community Status Book FL (report dated 10/03/2026) row for CID 120208 - map date and CRS class/%; city code text on the cited host; FBC-R R322.2.1/R322.3.2 (codes.iccsafe.org 2023 8th ed.); 44 CFR 59.1; FEMA MSC home page.
riviera-beach,flood-zone,BFE +1 ft (state code),no extra city freeboard found,"Riviera Beach's Chapter 25 uses the plain 50% substantial-improvement test without a look-back period and sets no freeboard for ordinary buildings, so the Florida Building Code floor applies. Critical facilities must be at BFE plus 3 feet. Each project stands alone in the calculation - earlier permits are not added in.","Substantial improvement / damage :: 50 percent of market value, no cumulative period - Sec. 25-21. | Critical facilities :: Lowest floor at BFE plus three feet - Sec. 25-31 (Ord. Nos. 4088, 4175). | Accessory structures :: Flood damage-resistant materials below BFE + 1 ft and mechanical, plumbing and electrical systems at or above BFE + 1 ft - Sec. 25-31. | No-BFE areas :: The BFE may be specified as two feet above the highest adjacent grade where no data exist - Sec. 25-5. | Worked example :: A building with a market value of $214,000 (structure only) crosses the 50% line once qualifying work in a single permit (no look-back period) reaches $107,000; from then on the whole building must meet current flood-elevation rules. | More trigger points :: $169,000 building value -> $84,500 trigger; $287,000 building value -> $143,500 trigger; $339,000 building value -> $169,500 trigger. | FEMA flood map :: FEMA's Community Status Book (report dated 3 Oct 2026) lists Riviera Beach as NFIP community 125142 with a current effective FIRM dated 20 Dec 2024. Zones are set parcel by parcel, so no single zone covers the whole city - check your own address. | NFIP history :: FEMA record: first FIRM 27 Sep 1972; regular NFIP program since 22 Sep 1972; entered CRS 1 May 2016. | Flood insurance discount :: CRS class 8 - 10% off NFIP premiums for policies in the Special Flood Hazard Area (class in effect 1 Oct 2022). | State minimum :: 2023 Florida Building Code, Residential R322.2.1 and R322.3.2 - lowest floor (A zones) or bottom of the lowest horizontal structural member (V and Coastal A zones) at BFE + 1 ft or the design flood elevation, whichever is higher. | Look up your zone :: Enter the address in FEMA's Flood Map Service Center (msc.fema.gov), the official public source for FIRMs; an elevation certificate shows how your floor compares with the BFE.","Riviera Beach Code of Ordinances Ch. 25 Floodplain Management, Secs. 25-21, 25-31; FEMA Community Status Book, Florida (www.fema.gov/cis/FL.html, report 10/03/2026); 2023 Florida Building Code, Residential R322.2.1, R322.3.2; 44 CFR 59.1; FEMA Flood Map Service Center",https://library.municode.com/fl/riviera_beach/codes/code_of_ordinances?nodeId=PTIICOOR_CH25FLMA,2026-10,verified,,Ch. 25 re-read on Municode. Re-read 3 Oct 2026: FEMA Community Status Book FL (report dated 10/03/2026) row for CID 125142 - map date and CRS class/%; city code text on the cited host; FBC-R R322.2.1/R322.3.2 (codes.iccsafe.org 2023 8th ed.); 44 CFR 59.1; FEMA MSC home page.
lantana,flood-zone,BFE +1 ft (state code),no extra town freeboard found,"Lantana adopts its floodplain ordinance through Code Section 6-101, uses the plain 50% substantial-improvement test, and limits decks and patios in V zones: one more than 12 inches thick is not approved without a registered design professional's analysis showing no harmful diversion of floodwater.","Substantial improvement / damage :: 50 percent of market value, no cumulative period - Sec. 6-101 (ordinance definitions). | V-zone decks and patios :: Over 12 in vertical thickness, or more than minimum fill, requires a registered design professional's analysis; 12 in or less at natural grade may be approved without - Sec. 6-101 (ordinance 307.6). | FEMA flood map :: FEMA's Community Status Book (report dated 3 Oct 2026) lists Lantana as NFIP community 120214 with a current effective FIRM dated 20 Dec 2024. Zones are set parcel by parcel, so no single zone covers the whole city - check your own address. | NFIP history :: FEMA record: first FIRM 12 Mar 1971; regular NFIP program since 12 Mar 1971; entered CRS 1 Oct 1994. | Flood insurance discount :: CRS class 8 - 10% off NFIP premiums for policies in the Special Flood Hazard Area (class in effect 1 Oct 2020). | State minimum :: 2023 Florida Building Code, Residential R322.2.1 and R322.3.2 - lowest floor (A zones) or bottom of the lowest horizontal structural member (V and Coastal A zones) at BFE + 1 ft or the design flood elevation, whichever is higher. | Look up your zone :: Enter the address in FEMA's Flood Map Service Center (msc.fema.gov), the official public source for FIRMs; an elevation certificate shows how your floor compares with the BFE.","Lantana Code of Ordinances Ch. 6 Art. VII Floodplain Management, Sec. 6-101; FEMA Community Status Book, Florida (www.fema.gov/cis/FL.html, report 10/03/2026); 2023 Florida Building Code, Residential R322.2.1, R322.3.2; 44 CFR 59.1; FEMA Flood Map Service Center",https://library.municode.com/fl/lantana/codes/code_of_ordinances?nodeId=PTIICOOR_CH6BUBURE_ARTVIIFLMA_S6-101FLOR,2026-10,verified,,Sec. 6-101 re-read on Municode. Re-read 3 Oct 2026: FEMA Community Status Book FL (report dated 10/03/2026) row for CID 120214 - map date and CRS class/%; city code text on the cited host; FBC-R R322.2.1/R322.3.2 (codes.iccsafe.org 2023 8th ed.); 44 CFR 59.1; FEMA MSC home page.
south-palm-beach,flood-zone,BFE +1 ft (state code),town rules not located,South Palm Beach is on the countywide FIRM effective 20 December 2024 and holds CRS class 8 (10% discount). Its floodplain ordinance could not be located in the online code.,"FEMA flood map :: FEMA's Community Status Book (report dated 3 Oct 2026) lists South Palm Beach as NFIP community 120227 with a current effective FIRM dated 20 Dec 2024. Zones are set parcel by parcel, so no single zone covers the whole city - check your own address. | NFIP history :: FEMA record: first flood hazard boundary map 16 Jan 1974; first FIRM 15 May 1978; regular NFIP program since 15 May 1978; entered CRS 1 Oct 1993. | Flood insurance discount :: CRS class 8 - 10% off NFIP premiums for policies in the Special Flood Hazard Area (class in effect 1 Oct 2020). | State minimum :: 2023 Florida Building Code, Residential R322.2.1 and R322.3.2 - lowest floor (A zones) or bottom of the lowest horizontal structural member (V and Coastal A zones) at BFE + 1 ft or the design flood elevation, whichever is higher. | Look up your zone :: Enter the address in FEMA's Flood Map Service Center (msc.fema.gov), the official public source for FIRMs; an elevation certificate shows how your floor compares with the BFE.","FEMA Community Status Book; town code not located; FEMA Community Status Book, Florida (www.fema.gov/cis/FL.html, report 10/03/2026); 2023 Florida Building Code, Residential R322.2.1, R322.3.2; 44 CFR 59.1; FEMA Flood Map Service Center",https://www.fema.gov/cis/FL.html,2026-10,needs-review,Ch. 10 Buildings has no SI threshold; floodplain ordinance not located.,Only CSB facts verified. Re-read 3 Oct 2026: FEMA Community Status Book FL (report dated 10/03/2026) row for CID 120227 - map date and CRS class/%; city code text on the cited host; FBC-R R322.2.1/R322.3.2 (codes.iccsafe.org 2023 8th ed.); 44 CFR 59.1; FEMA MSC home page.
lake-worth-beach,flood-zone,BFE +1 ft (state code),city rules not located,Lake Worth Beach is on the countywide FIRM effective 20 December 2024 and holds CRS class 6 (20% discount). Its floodplain rules were not found in Chapter 9 and were not read in the land development regulations.,"FEMA flood map :: FEMA's Community Status Book (report dated 3 Oct 2026) lists Lake Worth Beach as NFIP community 120213 with a current effective FIRM dated 20 Dec 2024. Zones are set parcel by parcel, so no single zone covers the whole city - check your own address. | NFIP history :: FEMA record: first flood hazard boundary map 2 Aug 1974; first FIRM 1 Dec 1978; regular NFIP program since 1 Dec 1978; entered CRS 1 Oct 1996. | Flood insurance discount :: CRS class 6 - 20% off NFIP premiums for policies in the Special Flood Hazard Area (class in effect 1 Apr 2023). | State minimum :: 2023 Florida Building Code, Residential R322.2.1 and R322.3.2 - lowest floor (A zones) or bottom of the lowest horizontal structural member (V and Coastal A zones) at BFE + 1 ft or the design flood elevation, whichever is higher. | Look up your zone :: Enter the address in FEMA's Flood Map Service Center (msc.fema.gov), the official public source for FIRMs; an elevation certificate shows how your floor compares with the BFE.","FEMA Community Status Book; city code not located; FEMA Community Status Book, Florida (www.fema.gov/cis/FL.html, report 10/03/2026); 2023 Florida Building Code, Residential R322.2.1, R322.3.2; 44 CFR 59.1; FEMA Flood Map Service Center",https://www.fema.gov/cis/FL.html,2026-10,needs-review,Ch. 9 has no flood text; Ch. 23 LDR not searched.,Only CSB facts verified. Re-read 3 Oct 2026: FEMA Community Status Book FL (report dated 10/03/2026) row for CID 120213 - map date and CRS class/%; city code text on the cited host; FBC-R R322.2.1/R322.3.2 (codes.iccsafe.org 2023 8th ed.); 44 CFR 59.1; FEMA MSC home page.
big-pine-key,flood-zone,BFE +1 ft (state code),unincorporated Monroe County rules,"Big Pine Key is unincorporated, so Monroe County's Land Development Code Chapter 122 governs. The county applies the 50% test to any repair or improvement of the building alone, excluding land, and holds CRS class 3 - a 35% discount on NFIP premiums in the Special Flood Hazard Area.","Substantial improvement :: Any repair or improvement, 'including any improvement and any repair of damage sustained from any origin', costing 50% or more of market value; no cumulative period - LDC Sec. 122-3. | Market value :: Value of the building only, excluding land; costs that may be excluded are listed on the county floodplain administrator's substantial improvement/substantial damage worksheet, kept at the County Building Department - Sec. 122-3. | Substantial damage :: 50 percent of pre-damage market value; substantially damaged buildings are treated as substantial improvements - Sec. 122-3. | FEMA flood map :: FEMA's Community Status Book (report dated 3 Oct 2026) lists unincorporated Monroe County as NFIP community 125129 with a current effective FIRM dated 18 Feb 2005. Zones are set parcel by parcel, so no single zone covers the whole area - check your own address. | NFIP history :: FEMA record: first FIRM 20 Jun 1970; regular NFIP program since 15 Jun 1973; entered CRS 1 Oct 2016. | Flood insurance discount :: CRS class 3 - 35% off NFIP premiums for policies in the Special Flood Hazard Area (class in effect 1 Apr 2022). | State minimum :: 2023 Florida Building Code, Residential R322.2.1 and R322.3.2 - lowest floor (A zones) or bottom of the lowest horizontal structural member (V and Coastal A zones) at BFE + 1 ft or the design flood elevation, whichever is higher. | Look up your zone :: Enter the address in FEMA's Flood Map Service Center (msc.fema.gov), the official public source for FIRMs; an elevation certificate shows how your floor compares with the BFE.","Monroe County Land Development Code Ch. 122 Floodplain Management, Sec. 122-3; FEMA Community Status Book, Florida (www.fema.gov/cis/FL.html, report 10/03/2026); 2023 Florida Building Code, Residential R322.2.1, R322.3.2; 44 CFR 59.1; FEMA Flood Map Service Center",https://library.municode.com/fl/monroe_county/codes/land_development_code?nodeId=CH122FLMA,2026-10,needs-review,"Facts identical to key-largo (all county-level); the site guard would flag the pair as near-duplicates. Needs a place-specific verified fact (e.g., FIRM panel) before publishing.",Ch. 122 re-read on Municode (Monroe County LDC). Re-read 3 Oct 2026: FEMA Community Status Book FL (report dated 10/03/2026) row for CID 125129 - map date and CRS class/%; city code text on the cited host; FBC-R R322.2.1/R322.3.2 (codes.iccsafe.org 2023 8th ed.); 44 CFR 59.1; FEMA MSC home page.
key-colony-beach,flood-zone,BFE +1 ft (state code),city rules not verified,"Key Colony Beach is still mapped on the Monroe County FIRM dated 18 February 2005, according to FEMA's Community Status Book. Its own floodplain ordinance was not read for this review.","FEMA flood map :: FEMA's Community Status Book (report dated 3 Oct 2026) lists Key Colony Beach as NFIP community 125121 with a current effective FIRM dated 18 Feb 2005. Zones are set parcel by parcel, so no single zone covers the whole city - check your own address. | NFIP history :: FEMA record: first FIRM 20 Jun 1970; regular NFIP program since 16 Jul 1971; entered CRS 1 Oct 1992. | Flood insurance discount :: CRS class 6 - 20% off NFIP premiums for policies in the Special Flood Hazard Area (class in effect 1 Apr 2025). | State minimum :: 2023 Florida Building Code, Residential R322.2.1 and R322.3.2 - lowest floor (A zones) or bottom of the lowest horizontal structural member (V and Coastal A zones) at BFE + 1 ft or the design flood elevation, whichever is higher. | Look up your zone :: Enter the address in FEMA's Flood Map Service Center (msc.fema.gov), the official public source for FIRMs; an elevation certificate shows how your floor compares with the BFE.","FEMA Community Status Book; local code not read; FEMA Community Status Book, Florida (www.fema.gov/cis/FL.html, report 10/03/2026); 2023 Florida Building Code, Residential R322.2.1, R322.3.2; 44 CFR 59.1; FEMA Flood Map Service Center",https://www.fema.gov/cis/FL.html,2026-10,needs-review,"Local floodplain ordinance (freeboard, SI/SD rule) not located/read; Keys codes may use cumulative or lower thresholds - verify before publishing.",Only CSB facts verified. Re-read 3 Oct 2026: FEMA Community Status Book FL (report dated 10/03/2026) row for CID 125121 - map date and CRS class/%; city code text on the cited host; FBC-R R322.2.1/R322.3.2 (codes.iccsafe.org 2023 8th ed.); 44 CFR 59.1; FEMA MSC home page.
tavernier,flood-zone,BFE +1 ft (state code),unincorporated Monroe County rules,"Tavernier is unincorporated, so Monroe County's Land Development Code Chapter 122 governs. The county applies the 50% test to any repair or improvement of the building alone, excluding land, and holds CRS class 3 - a 35% discount on NFIP premiums in the Special Flood Hazard Area.","Substantial improvement :: Any repair or improvement, 'including any improvement and any repair of damage sustained from any origin', costing 50% or more of market value; no cumulative period - LDC Sec. 122-3. | Market value :: Value of the building only, excluding land; costs that may be excluded are listed on the county floodplain administrator's substantial improvement/substantial damage worksheet, kept at the County Building Department - Sec. 122-3. | Substantial damage :: 50 percent of pre-damage market value; substantially damaged buildings are treated as substantial improvements - Sec. 122-3. | FEMA flood map :: FEMA's Community Status Book (report dated 3 Oct 2026) lists unincorporated Monroe County as NFIP community 125129 with a current effective FIRM dated 18 Feb 2005. Zones are set parcel by parcel, so no single zone covers the whole area - check your own address. | NFIP history :: FEMA record: first FIRM 20 Jun 1970; regular NFIP program since 15 Jun 1973; entered CRS 1 Oct 2016. | Flood insurance discount :: CRS class 3 - 35% off NFIP premiums for policies in the Special Flood Hazard Area (class in effect 1 Apr 2022). | State minimum :: 2023 Florida Building Code, Residential R322.2.1 and R322.3.2 - lowest floor (A zones) or bottom of the lowest horizontal structural member (V and Coastal A zones) at BFE + 1 ft or the design flood elevation, whichever is higher. | Look up your zone :: Enter the address in FEMA's Flood Map Service Center (msc.fema.gov), the official public source for FIRMs; an elevation certificate shows how your floor compares with the BFE.","Monroe County Land Development Code Ch. 122 Floodplain Management, Sec. 122-3; FEMA Community Status Book, Florida (www.fema.gov/cis/FL.html, report 10/03/2026); 2023 Florida Building Code, Residential R322.2.1, R322.3.2; 44 CFR 59.1; FEMA Flood Map Service Center",https://library.municode.com/fl/monroe_county/codes/land_development_code?nodeId=CH122FLMA,2026-10,needs-review,"Facts identical to key-largo (all county-level); the site guard would flag the pair as near-duplicates. Needs a place-specific verified fact (e.g., FIRM panel) before publishing.",Ch. 122 re-read on Municode (Monroe County LDC). Re-read 3 Oct 2026: FEMA Community Status Book FL (report dated 10/03/2026) row for CID 125129 - map date and CRS class/%; city code text on the cited host; FBC-R R322.2.1/R322.3.2 (codes.iccsafe.org 2023 8th ed.); 44 CFR 59.1; FEMA MSC home page.
cudjoe-key,flood-zone,BFE +1 ft (state code),unincorporated Monroe County rules,"Cudjoe Key is unincorporated, so Monroe County's Land Development Code Chapter 122 governs. The county applies the 50% test to any repair or improvement of the building alone, excluding land, and holds CRS class 3 - a 35% discount on NFIP premiums in the Special Flood Hazard Area.","Substantial improvement :: Any repair or improvement, 'including any improvement and any repair of damage sustained from any origin', costing 50% or more of market value; no cumulative period - LDC Sec. 122-3. | Market value :: Value of the building only, excluding land; costs that may be excluded are listed on the county floodplain administrator's substantial improvement/substantial damage worksheet, kept at the County Building Department - Sec. 122-3. | Substantial damage :: 50 percent of pre-damage market value; substantially damaged buildings are treated as substantial improvements - Sec. 122-3. | FEMA flood map :: FEMA's Community Status Book (report dated 3 Oct 2026) lists unincorporated Monroe County as NFIP community 125129 with a current effective FIRM dated 18 Feb 2005. Zones are set parcel by parcel, so no single zone covers the whole area - check your own address. | NFIP history :: FEMA record: first FIRM 20 Jun 1970; regular NFIP program since 15 Jun 1973; entered CRS 1 Oct 2016. | Flood insurance discount :: CRS class 3 - 35% off NFIP premiums for policies in the Special Flood Hazard Area (class in effect 1 Apr 2022). | State minimum :: 2023 Florida Building Code, Residential R322.2.1 and R322.3.2 - lowest floor (A zones) or bottom of the lowest horizontal structural member (V and Coastal A zones) at BFE + 1 ft or the design flood elevation, whichever is higher. | Look up your zone :: Enter the address in FEMA's Flood Map Service Center (msc.fema.gov), the official public source for FIRMs; an elevation certificate shows how your floor compares with the BFE.","Monroe County Land Development Code Ch. 122 Floodplain Management, Sec. 122-3; FEMA Community Status Book, Florida (www.fema.gov/cis/FL.html, report 10/03/2026); 2023 Florida Building Code, Residential R322.2.1, R322.3.2; 44 CFR 59.1; FEMA Flood Map Service Center",https://library.municode.com/fl/monroe_county/codes/land_development_code?nodeId=CH122FLMA,2026-10,needs-review,"Facts identical to key-largo (all county-level); the site guard would flag the pair as near-duplicates. Needs a place-specific verified fact (e.g., FIRM panel) before publishing.",Ch. 122 re-read on Municode (Monroe County LDC). Re-read 3 Oct 2026: FEMA Community Status Book FL (report dated 10/03/2026) row for CID 125129 - map date and CRS class/%; city code text on the cited host; FBC-R R322.2.1/R322.3.2 (codes.iccsafe.org 2023 8th ed.); 44 CFR 59.1; FEMA MSC home page.
