citySlug,topicSlug,headline_answer,unit,qualifier,detail_rows,source,source_url,verified_date,status,notes,vet,vet_note
fort-lauderdale,seawall-permit,"Yes, plus county license",city permit + county license,"Yes. Fort Lauderdale requires a permit from its Development Services Department before work on mooring structures, a term its code defines to include seawalls. A substantial repair (more than half the shoreline, or over half the wall's fair market replacement cost) must meet the city's tidal flood barrier height, which is also capped at the FEMA base flood elevation or 6 ft NAVD88. Broward County also requires its own Environmental Resource License, often a general license for a repair in the same place.","City :: A permit from the Development Services Department is required before construction of mooring structures, defined to include a seawall; on navigable waters every regulating authority must also approve, and the applicant certifies ownership of the abutting land or produces the owner's written consent - Code Sec. 8-91(a)(2), (b). The city's Permitting Services FAQ lists seawalls among permits filed with a copy of a current survey and a completed Zoning Affidavit, and a permit renewed before it expires costs 50% of the original fee (100% after expiry). Substantial repair = work along more than 50% of the property's shoreline or over 50% of the wall's fair market replacement cost; docks, finger piers and piles are not counted - ULDR Sec. 47-19.13.C.12. Such walls need 5.0 ft NAVD88 (4.0 ft for applications before 1 Jan 2035 if designed to reach 5.0 ft by 2050), must run along the entire shoreline, and may not top the FEMA base flood elevation or 6 ft NAVD88, whichever is lower - Sec. 47-19.13.D.1, D.7, D.12. The city engineer may grant a waiver of up to 3 years where the home's habitable floor is below 4.0 ft NAVD88 - Sec. 47-19.13.D.1 (Ord. C-23-05) | Broward County :: Construction in regulated aquatic resources needs a county Environmental Resource License (ERL) - Broward County Code Sec. 27-333(a)(1). Repairing an existing functional seawall no more than 1 ft waterward of its authorized location, or a new wall within 1 ft of the old wet face with the old wall left in place, qualifies for a general license (Sec. 27-336(a)(1)b.), as do refacing, crack filling, seepage holes and other minor repairs (n.) and raising the cap in the same footprint (o.); the code says a general license is issued within 10 days of a complete application - Sec. 27-336(a)(1) | State :: Restoring a seawall at its previous location, upland of it, or within 18 inches waterward is exempt from a state environmental resource permit; the exemption does not replace permission to use state-owned submerged land or county and city requirements, and does not cover chapter 161 coastal permits - s. 403.813(1), (1)(e), F.S. | Federal :: A U.S. Army Corps of Engineers (Department of the Army) authorization is required for structures or work in or affecting navigable waters, unless exempt or covered by a nationwide or regional general permit - 33 CFR 322.3(a) (Rivers and Harbors Act s. 10)","Fort Lauderdale Code Sec. 8-91; ULDR Sec. 47-19.13 (Supp. 58); Permitting Services page; Broward County Code Ch. 27 Art. XI Secs. 27-333, 27-336 (Supp. 72); s. 403.813(1)(e), F.S. (2026); 33 CFR 322.3(a)",https://www.fortlauderdale.gov/Government/Departments/Development-Services/Permitting-Services,2026-10,verified,"[first pass, superseded where vet_note differs] Sec. 8-91 read in full via Municode API. ULDR 47-19.13 quotes taken from Municode search excerpts (partial); ordinance number not confirmed. City FAQ says dock re-decking needs 'approval from Broward County' - docks only, not quoted for seawalls. Broward County layer: Sec. 27-336 item letters (b., n., o.) read from Municode API text of Supp. 72; parent paragraph number (a)(1) inferred from the HTML structure - confirm. Code names the department PWESD; the Apr 2025 Technical Bulletin is issued by the Resilient Environment Department. State: FAC 62-330.051 (implements 403.813(1)) not read - the .doc would not render. Federal: specific Nationwide Permit numbers not cited; 2026 NWPs took effect 15 Mar 2026 (Fed. Reg. 8 Jan 2026). ",FIX,"Second read 3 Oct 2026. Read 8-91 and full ULDR 47-19.13 (Municode API) and Permitting Services FAQ. Corrected cost test (fair market replacement cost of the wall, docks excluded); added max height and city-engineer waiver. County layer re-read: 27-333(a)(1), 27-336(a)(1)b./n./o. confirmed; Technical Bulletin 7-10 day claim replaced by code's 10-day text. Department naming in 8-91(b) confirmed."
hollywood,seawall-permit,"Yes, plus county license",city permit + county license,"Yes. Hollywood will not issue a building permit to build, rebuild, structurally alter or repair a waterfront retaining wall unless its seawall rules are met, and the application needs a Florida engineer's design. A substantial repair must reach the city's tidal flood barrier height and be faced with limerock rip-rap. Broward County also requires its own Environmental Resource License, often a general license for a repair in the same place.","City :: No building permit to construct, reconstruct, structurally alter or repair any retaining wall on property abutting canals, lakes or other waterways unless the subchapter is complied with - Code s. 150.23; applications must include a design by a Florida-registered engineer, filed with the city - s. 150.22. Substantial repair = one project modifying more than 50% of the property's shoreline, or work on an attached structure such as a dock exceeding 50% of the cost of a new tidal flood barrier as determined by the City Engineer - s. 150.30(C); such walls need 5.0 ft NAVD88 (4.0 ft for applications before 1 Jan 2035 if designed to reach 5.0 ft by 2050), must run along the entire tidally influenced shoreline with return walls where they cannot tie in, and must be faced with at least one cubic yard per linear foot of natural limerock rip-rap - s. 150.30(D)(1), (6), (7). Not applicable seaward of the Coastal Construction Control Line - s. 150.30(B) (Ord. O-2022-01). The city committed to re-evaluate the 5 ft standard by 2034, and a living shoreline counts if its landside edge is impermeable and built to the minimum elevation - s. 150.30(A)(3), (D)(8) | Broward County :: Construction in regulated aquatic resources needs a county Environmental Resource License (ERL) - Broward County Code Sec. 27-333(a)(1). Repairing an existing functional seawall no more than 1 ft waterward of its authorized location, or a new wall within 1 ft of the old wet face with the old wall left in place, qualifies for a general license (Sec. 27-336(a)(1)b.), as do refacing, crack filling, seepage holes and other minor repairs (n.) and raising the cap in the same footprint (o.); the code says a general license is issued within 10 days of a complete application - Sec. 27-336(a)(1) | State :: Restoring a seawall at its previous location, upland of it, or within 18 inches waterward is exempt from a state environmental resource permit; the exemption does not replace permission to use state-owned submerged land or county and city requirements, and does not cover chapter 161 coastal permits - s. 403.813(1), (1)(e), F.S. | Federal :: A U.S. Army Corps of Engineers (Department of the Army) authorization is required for structures or work in or affecting navigable waters, unless exempt or covered by a nationwide or regional general permit - 33 CFR 322.3(a) (Rivers and Harbors Act s. 10)","Hollywood Code of Ordinances ss. 150.22, 150.23, 150.30 (American Legal, 2026 S-52); Broward County Code Ch. 27 Art. XI Secs. 27-333, 27-336 (Supp. 72); s. 403.813(1)(e), F.S. (2026); 33 CFR 322.3(a)",https://codelibrary.amlegal.com/codes/hollywood/latest/hollywood_fl/0-0-0-45606,2026-10,verified,"[first pass, superseded where vet_note differs] Hollywood code is published by American Legal Publishing (official publisher), not Municode. Issuing department not named in the code - not published. Sections fetched by a research sub-agent, not re-read by the lead. Broward County layer: Sec. 27-336 item letters (b., n., o.) read from Municode API text of Supp. 72; parent paragraph number (a)(1) inferred from the HTML structure - confirm. Code names the department PWESD; the Apr 2025 Technical Bulletin is issued by the Resilient Environment Department. State: FAC 62-330.051 (implements 403.813(1)) not read - the .doc would not render. Federal: specific Nationwide Permit numbers not cited; 2026 NWPs took effect 15 Mar 2026 (Fed. Reg. 8 Jan 2026). ",FIX,"Second read 3 Oct 2026. Read 150.22, 150.23, 150.30 on American Legal (2026 S-52). Corrected cost prong (attached-structure cost vs. new barrier, City Engineer decides); added rip-rap quantity, return walls, CCCL carve-out. No issuing department named in code - none published."
pompano-beach,seawall-permit,"Yes, plus county license",city engineering + building permits + county license,"Yes. Pompano Beach makes it unlawful to construct or repair a seawall, cap or rip-rap without two city permits: an engineering permit from the City Engineer and a building permit from the City Building Official. Plans must come from a Florida-licensed engineer, and a wall below 5.0 ft NAVD88 that undergoes substantial repair must be raised to at least 5.0 ft (maximum 5 ft 10 in). Broward County also requires its own Environmental Resource License, often a general license for a repair in the same place.","City :: It is unlawful to construct, repair, erect or install seawalls, seawall caps, rip-rap or other flood barriers in city waterways without an engineering permit from the City Engineer and a building permit from the City Building Official; the qualified applicant must also seek Broward County, FDEP or SFWMD and Army Corps approvals unless exempt under s. 403.813, F.S. - Code s. 151.02(A). Plans by a Florida-licensed engineer, with as-built drawings and the engineer's completion certification before final acceptance - s. 151.02(C); the engineering permit fee is 4% of construction cost (minimum $100), plus a double fee if work starts before the permit - s. 151.02(D), (H). Substantial repair = work along more than 50% of the property's shoreline, or attached structures costing more than 50% of a barrier or raised cap as determined by the City Engineer - s. 151.01(B); barriers must be at least 5.0 ft and no more than 5 ft 10 in NAVD88, with lime rock rip-rap at the waterward face - s. 151.05(A), (F), (H). Engineering permits lapse if work does not start within 180 days or stops for 90 days; the City Engineer may grant one 180-day extension and no permit lasts over two years; re-inspections cost $30, four times that for repeat failures - s. 151.02(I), (L) | Broward County :: Construction in regulated aquatic resources needs a county Environmental Resource License (ERL) - Broward County Code Sec. 27-333(a)(1). Repairing an existing functional seawall no more than 1 ft waterward of its authorized location, or a new wall within 1 ft of the old wet face with the old wall left in place, qualifies for a general license (Sec. 27-336(a)(1)b.), as do refacing, crack filling, seepage holes and other minor repairs (n.) and raising the cap in the same footprint (o.); the code says a general license is issued within 10 days of a complete application - Sec. 27-336(a)(1) | State :: Restoring a seawall at its previous location, upland of it, or within 18 inches waterward is exempt from a state environmental resource permit; the exemption does not replace permission to use state-owned submerged land or county and city requirements, and does not cover chapter 161 coastal permits - s. 403.813(1), (1)(e), F.S. | Federal :: A U.S. Army Corps of Engineers (Department of the Army) authorization is required for structures or work in or affecting navigable waters, unless exempt or covered by a nationwide or regional general permit - 33 CFR 322.3(a) (Rivers and Harbors Act s. 10)","Pompano Beach Code ss. 151.01, 151.02, 151.05 (American Legal, 2026 S-122); Broward County Code Ch. 27 Art. XI Secs. 27-333, 27-336 (Supp. 72); s. 403.813(1)(e), F.S. (2026); 33 CFR 322.3(a)",https://codelibrary.amlegal.com/codes/pompanobeach/latest/pompanobeach_fl/0-0-0-86155,2026-10,verified,"[first pass, superseded where vet_note differs] Code names the 'Broward County Environmental Protection and Growth Management Department' (older department name). Sections fetched by a research sub-agent, not re-read by the lead. Broward County layer: Sec. 27-336 item letters (b., n., o.) read from Municode API text of Supp. 72; parent paragraph number (a)(1) inferred from the HTML structure - confirm. Code names the department PWESD; the Apr 2025 Technical Bulletin is issued by the Resilient Environment Department. State: FAC 62-330.051 (implements 403.813(1)) not read - the .doc would not render. Federal: specific Nationwide Permit numbers not cited; 2026 NWPs took effect 15 Mar 2026 (Fed. Reg. 8 Jan 2026). ",FIX,"Second read 3 Oct 2026. Read 151.01, 151.02, 151.05 on American Legal (2026 S-122). 151.02(A) explicitly covers repair. Corrected substantial-repair cost prong; added fee, double fee, rip-rap. Code still names the old 'Broward County Environmental Protection and Growth Management Department' - not repeated."
deerfield-beach,seawall-permit,"Yes, plus county license",city permit + county license,"Yes. Deerfield Beach's land development code says no seawall or other shoreline structure may be built until the plans have the required approvals, and the city's Building Division, with plan review and inspections run by CAP Government, issues Florida Building Code permits. A substantial repair must meet the city's tidal flood barrier standard, including a cap 18 to 42 inches wide. Broward County also requires its own Environmental Resource License, often a general license for a repair in the same place.","City :: Docks and shoreline infrastructure, including seawalls and bulkheads, must meet city, county, state and district rules; no construction may occur until plans have the required approvals, and the owner is responsible for all other agencies' permits - LDC Sec. 98-87(d)(1)a. Substantial repair = work along more than 50% of the property's shoreline, or attached structures costing more than 50% of a tidal flood barrier - Sec. 98-87; such barriers need 5.0 ft NAVD88 (4.0 ft for applications before 1 Jan 2035), natural limerock rip-rap at the face, a top no higher than 7 ft NAVD88 or the required finished grade, a cap 18 to 42 inches wide, and no retaining wall on top of the cap - Sec. 98-87. The city says CAP Government handles Florida Building Code permit applications, plan approvals and inspections, with online submittal since 15 Dec 2025, and that through ePermitsOneStop customers can apply for city building permits and associated Broward County permits together - City Building Services page; inspection requests made by 3:00 PM are scheduled for the next business day. Dock decking may rest on a seawall cap only with sealed engineering showing it can carry the load, and then no more than six inches above the cap - Sec. 98-87(d)(1)g. | Broward County :: Construction in regulated aquatic resources needs a county Environmental Resource License (ERL) - Broward County Code Sec. 27-333(a)(1). Repairing an existing functional seawall no more than 1 ft waterward of its authorized location, or a new wall within 1 ft of the old wet face with the old wall left in place, qualifies for a general license (Sec. 27-336(a)(1)b.), as do refacing, crack filling, seepage holes and other minor repairs (n.) and raising the cap in the same footprint (o.); the code says a general license is issued within 10 days of a complete application - Sec. 27-336(a)(1) | State :: Restoring a seawall at its previous location, upland of it, or within 18 inches waterward is exempt from a state environmental resource permit; the exemption does not replace permission to use state-owned submerged land or county and city requirements, and does not cover chapter 161 coastal permits - s. 403.813(1), (1)(e), F.S. | Federal :: A U.S. Army Corps of Engineers (Department of the Army) authorization is required for structures or work in or affecting navigable waters, unless exempt or covered by a nationwide or regional general permit - 33 CFR 322.3(a) (Rivers and Harbors Act s. 10)","Deerfield Beach LDC Sec. 98-87 (Supp. 87, thru Ord. 2024/011); City Building Services page; Broward County Code Ch. 27 Art. XI Secs. 27-333, 27-336 (Supp. 72); s. 403.813(1)(e), F.S. (2026); 33 CFR 322.3(a)",https://www.deerfield-beach.com/294/Building-Services,2026-10,verified,"[first pass, superseded where vet_note differs] No seawall checklist or seawall-specific permit section found. City dock checklist requires 'Approval by all required outside agency's (e.g. Broward County DER...)' - docks only. LDC Sec. 98-87 appears to carry a substantial-repair / 4 ft-5 ft NAVD88 rule but only search excerpts were seen and they mention docks; 50% wording and ordinance number not confirmed - kept out of published fields. Online LDC codified only through Ord. 2024/011. Broward County layer: Sec. 27-336 item letters (b., n., o.) read from Municode API text of Supp. 72; parent paragraph number (a)(1) inferred from the HTML structure - confirm. Code names the department PWESD; the Apr 2025 Technical Bulletin is issued by the Resilient Environment Department. State: FAC 62-330.051 (implements 403.813(1)) not read - the .doc would not render. Federal: specific Nationwide Permit numbers not cited; 2026 NWPs took effect 15 Mar 2026 (Fed. Reg. 8 Jan 2026). ",FIX,"Second read 3 Oct 2026. Read full LDC 98-87 (Municode API) - previously only snippets; added verified city rules. Subsection letter for the tidal-barrier list not cited (nested numbering unclear). Building Services page re-read (CAP Government, online submittal 15 Dec 2025)."
lighthouse-point,seawall-permit,"Yes, plus county license",city permit + county license,"Yes. Lighthouse Point's Building Department lists repairs to seawalls among projects that need a building permit, and even owner-builders must use a licensed contractor for piling work. Starting without a permit brings a stop work order and double fees. Broward County also requires its own Environmental Resource License, often a general license for a repair in the same place.","City :: 'Repairs to seawalls' are on the city's list of work that needs a building permit; owner-builders may pull most permits, but all electrical, roofing and piling work must be done by a licensed contractor; contractors must register with the city before applying; work begun without a permit draws a stop work order, a code enforcement violation notice and twice the original fee - City Building & Zoning FAQ. Online applications through the city's SmartGov permitting portal - same page | Broward County :: Construction in regulated aquatic resources needs a county Environmental Resource License (ERL) - Broward County Code Sec. 27-333(a)(1). Repairing an existing functional seawall no more than 1 ft waterward of its authorized location, or a new wall within 1 ft of the old wet face with the old wall left in place, qualifies for a general license (Sec. 27-336(a)(1)b.), as do refacing, crack filling, seepage holes and other minor repairs (n.) and raising the cap in the same footprint (o.); the code says a general license is issued within 10 days of a complete application - Sec. 27-336(a)(1) | State :: Restoring a seawall at its previous location, upland of it, or within 18 inches waterward is exempt from a state environmental resource permit; the exemption does not replace permission to use state-owned submerged land or county and city requirements, and does not cover chapter 161 coastal permits - s. 403.813(1), (1)(e), F.S. | Federal :: A U.S. Army Corps of Engineers (Department of the Army) authorization is required for structures or work in or affecting navigable waters, unless exempt or covered by a nationwide or regional general permit - 33 CFR 322.3(a) (Rivers and Harbors Act s. 10)","City of Lighthouse Point Building & Zoning FAQ; Broward County Code Ch. 27 Art. XI Secs. 27-333, 27-336 (Supp. 72); s. 403.813(1)(e), F.S. (2026); 33 CFR 322.3(a)",https://www.lighthousepointfl.gov/Faq.aspx?TID=15,2026-10,verified,"[first pass, superseded where vet_note differs] City seawall ordinance (LDC Sec. 33-18, Ord. 2024-1033) not re-verified: Municode online code is stale and the ordinance is a scanned PDF. Earlier height research (OCR) indicates walls below 3 ft 8 in NAVD88 may remain until 50% or more is repaired/reconstructed - kept out of published fields until a person reads the PDF. FAQ says Broward County approval is needed for dock re-deck permits; not confirmed for seawalls at city level. Broward County layer: Sec. 27-336 item letters (b., n., o.) read from Municode API text of Supp. 72; parent paragraph number (a)(1) inferred from the HTML structure - confirm. Code names the department PWESD; the Apr 2025 Technical Bulletin is issued by the Resilient Environment Department. State: FAC 62-330.051 (implements 403.813(1)) not read - the .doc would not render. Federal: specific Nationwide Permit numbers not cited; 2026 NWPs took effect 15 Mar 2026 (Fed. Reg. 8 Jan 2026). ",FIX,"Second read 3 Oct 2026. Re-read FAQ (Building & Zoning, 36 items). Renamed issuer to 'Building Department' as the FAQ does. City seawall ordinance (Sec. 33-18, Ord. 2024-1033) still not re-verified and kept out of published fields."
dania-beach,seawall-permit,"Yes, plus county license",city permit + county license,"Yes. Dania Beach adopts the Florida Building Code in its entirety, and its seawall article covers new walls, substantial repairs and attached structures such as docks. A substantial repair (more than half the shoreline) must meet the city's tidal flood barrier height, run the whole shoreline and carry limerock rip-rap at the face. Broward County also requires its own Environmental Resource License, often a general license for a repair in the same place.","City :: The Florida Building Code is adopted by reference in its entirety as the city's building code - Code Sec. 8-1. The article sets a barrier standard meant to hold back tides through 2070 under sea level rise, high tides and high-frequency storm surge - Sec. 12-84; it applies to new tidal flood barriers, substantial repair of shorelines and attached structures such as docks, but not to oceanfront beaches or shorelines seaward of the Coastal Construction Control Line - Sec. 12-85. Substantial repair = work along more than 50% of the property's shoreline, or work on an attached structure such as a dock costing more than 50% of a tidal flood barrier - Sec. 12-86; such walls need 5.0 ft NAVD88 (4.0 ft for applications before 1 Jan 2035 if designed to reach 5.0 ft by 2050), must run along the entire shoreline and must have natural limerock rip-rap or other approved habitat enhancement at the face - Sec. 12-87(a), (f), (g). After a disrepair citation, an owner whose fix is a substantial repair must design, obtain permits, build and pass final inspection within 365 days - Sec. 12-87(b) (Ord. 2021-027). Sale contracts for tidally influenced property signed after 31 Dec 2020 must carry a capitalized, bold, 14-point disclosure of these elevation duties - Sec. 12-88 | Broward County :: Construction in regulated aquatic resources needs a county Environmental Resource License (ERL) - Broward County Code Sec. 27-333(a)(1). Repairing an existing functional seawall no more than 1 ft waterward of its authorized location, or a new wall within 1 ft of the old wet face with the old wall left in place, qualifies for a general license (Sec. 27-336(a)(1)b.), as do refacing, crack filling, seepage holes and other minor repairs (n.) and raising the cap in the same footprint (o.); the code says a general license is issued within 10 days of a complete application - Sec. 27-336(a)(1) | State :: Restoring a seawall at its previous location, upland of it, or within 18 inches waterward is exempt from a state environmental resource permit; the exemption does not replace permission to use state-owned submerged land or county and city requirements, and does not cover chapter 161 coastal permits - s. 403.813(1), (1)(e), F.S. | Federal :: A U.S. Army Corps of Engineers (Department of the Army) authorization is required for structures or work in or affecting navigable waters, unless exempt or covered by a nationwide or regional general permit - 33 CFR 322.3(a) (Rivers and Harbors Act s. 10)","Dania Beach Code Secs. 8-1, 12-85, 12-86, 12-87 (Supp. 163); Broward County Code Ch. 27 Art. XI Secs. 27-333, 27-336 (Supp. 72); s. 403.813(1)(e), F.S. (2026); 33 CFR 322.3(a)",https://library.municode.com/fl/dania_beach/codes/code_of_ordinances?nodeId=PTIICOOR_CH12FLDAPR_ARTXVIISE_S12-87MIELCOINWITIINAR,2026-10,verified,"[first pass, superseded where vet_note differs] Sec. 12-87(b) duty arises in the disrepair/enforcement context. Sections fetched by a research sub-agent, not re-read by the lead. Broward County layer: Sec. 27-336 item letters (b., n., o.) read from Municode API text of Supp. 72; parent paragraph number (a)(1) inferred from the HTML structure - confirm. Code names the department PWESD; the Apr 2025 Technical Bulletin is issued by the Resilient Environment Department. State: FAC 62-330.051 (implements 403.813(1)) not read - the .doc would not render. Federal: specific Nationwide Permit numbers not cited; 2026 NWPs took effect 15 Mar 2026 (Fed. Reg. 8 Jan 2026). ",FIX,"Second read 3 Oct 2026. Read Art. XVII (12-84 to 12-88) and 8-1 via Municode API. Corrected cost prong (attached-structure cost vs. barrier); 12-87(b) now stated in its citation context. Department name (Building Division, Community Development) not confirmed on an official page - removed."
hallandale-beach,seawall-permit,"Yes, plus county license",city permit + county license,"Yes. Hallandale Beach recognizes the Florida Building Code with Broward County's administrative provisions, and its Building Division takes permit documents only through the city's online portal. A substantial repair must meet the city's tidal flood barrier height, and owners must add side containment barriers where needed to keep rainwater on their own lot. Broward County also requires its own Environmental Resource License, often a general license for a repair in the same place.","City :: The Florida Building Code with Broward County Administrative Provisions is the city's building code - Code Sec. 8-31; the Building Division of the Sustainable Development department says all permit documents must go through its online portal and emailed documents will not be processed - city Building Division page. Substantial repair = work along more than 50% of the property's shoreline, or attached structures such as docks costing more than 50% of a tidal flood barrier - Sec. 8-80; such barriers need 5.0 ft NAVD88 (4.0 ft for applications before 1 Jan 2035), must run along the entire shoreline and carry natural limerock rip-rap at the face - Sec. 8-90(a), (f), (g); side containment barriers must be added as needed to keep rainwater within the owner's property - Sec. 8-90(c). In V zones and coastal A zones a seawall also needs authorization from the appropriate agency and a design professional's analysis - Sec. 8-87(g). Not applicable seaward of the Coastal Construction Control Line - Sec. 8-89 (Ord. 2020-030) | Broward County :: Construction in regulated aquatic resources needs a county Environmental Resource License (ERL) - Broward County Code Sec. 27-333(a)(1). Repairing an existing functional seawall no more than 1 ft waterward of its authorized location, or a new wall within 1 ft of the old wet face with the old wall left in place, qualifies for a general license (Sec. 27-336(a)(1)b.), as do refacing, crack filling, seepage holes and other minor repairs (n.) and raising the cap in the same footprint (o.); the code says a general license is issued within 10 days of a complete application - Sec. 27-336(a)(1) | State :: Restoring a seawall at its previous location, upland of it, or within 18 inches waterward is exempt from a state environmental resource permit; the exemption does not replace permission to use state-owned submerged land or county and city requirements, and does not cover chapter 161 coastal permits - s. 403.813(1), (1)(e), F.S. | Federal :: A U.S. Army Corps of Engineers (Department of the Army) authorization is required for structures or work in or affecting navigable waters, unless exempt or covered by a nationwide or regional general permit - 33 CFR 322.3(a) (Rivers and Harbors Act s. 10)","Hallandale Beach Code Secs. 8-31, 8-80, 8-87, 8-89, 8-90 (Supp. 16 Upd. 2); city Building Division page; Broward County Code Ch. 27 Art. XI Secs. 27-333, 27-336 (Supp. 72); s. 403.813(1)(e), F.S. (2026); 33 CFR 322.3(a)",https://www.hallandalebeachfl.gov/1036/Building-Division,2026-10,verified,"[first pass, superseded where vet_note differs] Secs. 8-31 and 8-90 read only as partial excerpts. Whether Sec. 8-80 also has a cost test not confirmed. Broward County layer: Sec. 27-336 item letters (b., n., o.) read from Municode API text of Supp. 72; parent paragraph number (a)(1) inferred from the HTML structure - confirm. Code names the department PWESD; the Apr 2025 Technical Bulletin is issued by the Resilient Environment Department. State: FAC 62-330.051 (implements 403.813(1)) not read - the .doc would not render. Federal: specific Nationwide Permit numbers not cited; 2026 NWPs took effect 15 Mar 2026 (Fed. Reg. 8 Jan 2026). ",FIX,"Second read 3 Oct 2026. Read 8-31, 8-80 to 8-91 in full via Municode API and the Building Division page. 8-80 does have a cost prong - added. Added side containment, V-zone rule, CCCL carve-out, portal-only submittal."
lauderdale-by-the-sea,seawall-permit,"Yes, plus county license",town permit + county license,"Yes. Lauderdale-By-The-Sea adopts the Florida Building Code as the town's building code, and its seawall article covers new walls, substantial repairs and attached structures such as docks. A substantial repair must meet the town's tidal flood barrier height, and leaving a wall in disrepair is a civil infraction. Broward County also requires its own Environmental Resource License, often a general license for a repair in the same place.","City :: 'The Florida Building Code is hereby adopted as the building code for the Town' - Code Sec. 6-1(a). The seawall article applies to new tidal flood barriers, substantial repair of shorelines and attached structures such as docks, but not seaward of the Coastal Construction Control Line - Sec. 9-61 (Ord. 2022-01). Substantial repair = work along more than 50% of the shoreline, or attached structures costing more than 50% of a tidal flood barrier - Sec. 9-62; then 5.0 ft NAVD88 (4.0 ft for applications before 1 Jan 2035), construction along the entire shoreline and limerock rip-rap at the face - Sec. 9-63(a), (d)(3), (d)(4). A wall in disrepair is a citable civil infraction under Chapter 6.5; the owner must show progress, as determined by the Town, within 60 days and finish within 365 days - Sec. 9-63(b). The town need not require a seawall where other flood protection measures are equally effective, and barriers that rise automatically before high tides are allowed if the automation needs no daily human intervention - Sec. 9-63(e), (f). No watercraft may moor or tie up to a private seawall without the owner's written permission - Sec. 5-53(a) | Broward County :: Construction in regulated aquatic resources needs a county Environmental Resource License (ERL) - Broward County Code Sec. 27-333(a)(1). Repairing an existing functional seawall no more than 1 ft waterward of its authorized location, or a new wall within 1 ft of the old wet face with the old wall left in place, qualifies for a general license (Sec. 27-336(a)(1)b.), as do refacing, crack filling, seepage holes and other minor repairs (n.) and raising the cap in the same footprint (o.); the code says a general license is issued within 10 days of a complete application - Sec. 27-336(a)(1) | State :: Restoring a seawall at its previous location, upland of it, or within 18 inches waterward is exempt from a state environmental resource permit; the exemption does not replace permission to use state-owned submerged land or county and city requirements, and does not cover chapter 161 coastal permits - s. 403.813(1), (1)(e), F.S. | Federal :: A U.S. Army Corps of Engineers (Department of the Army) authorization is required for structures or work in or affecting navigable waters, unless exempt or covered by a nationwide or regional general permit - 33 CFR 322.3(a) (Rivers and Harbors Act s. 10)","Lauderdale-By-The-Sea Code Secs. 6-1, 9-61, 9-62, 9-63 (Supp. 51); Broward County Code Ch. 27 Art. XI Secs. 27-333, 27-336 (Supp. 72); s. 403.813(1)(e), F.S. (2026); 33 CFR 322.3(a)",https://library.municode.com/fl/lauderdale-by-the-sea/codes/code_of_ordinances?nodeId=PTIICOOR_CH9FLPRCO_ARTXIRESTTIFLPR_S9-63MIELCOINWITIINAR,2026-10,verified,"[first pass, superseded where vet_note differs] Sec. 30-311 requires Broward County approvals before the town permit, but for boats/lifts/docks only - not used for seawalls. Broward County layer: Sec. 27-336 item letters (b., n., o.) read from Municode API text of Supp. 72; parent paragraph number (a)(1) inferred from the HTML structure - confirm. Code names the department PWESD; the Apr 2025 Technical Bulletin is issued by the Resilient Environment Department. State: FAC 62-330.051 (implements 403.813(1)) not read - the .doc would not render. Federal: specific Nationwide Permit numbers not cited; 2026 NWPs took effect 15 Mar 2026 (Fed. Reg. 8 Jan 2026). ",FIX,Second read 3 Oct 2026. Read 6-1 and 9-60 to 9-64 via Municode API. Added cost prong to substantial repair; removed unverified CAP Government / Town Building Division wording.
wilton-manors,seawall-permit,"Yes, plus county license",city permit + county license,"Yes. Wilton Manors requires a building permit from its Community Development Services Department for seawalls, plus a notarized statement that you own the waterfront land or have the owner's consent. A substantial repair must bring the wall to 5.0 ft NAVD88 along the whole property, with no lower interim height. Broward County also requires its own Environmental Resource License, often a general license for a repair in the same place.","City :: Before construction, a building permit for docks, slips, seawalls, mooring piles or similar structures must be obtained from the community development services department; on navigable waters every regulating authority must approve, and the applicant must give the city a notarized statement of ownership of the abutting land or the owner's notarized consent - Code Sec. 11-7(b). Substantial repair = work along more than 50% of the wall and cap, an elevation change along more than 50% of it, or attached structures costing more than 50% of the wall's replacement cost - Sec. 11-1; such walls need at least 5.0 ft NAVD88 - Sec. 11-27(a); and the standard applies to the entire length of the property - Sec. 11-28. A cited owner must show progress within 60 days and finish within 365 days - Sec. 11-27(b) (Ord. 2020-002). New walls in marine waters where none existed need natural limerock rip-rap at the face - Sec. 11-27(f); a mooring structure found unsafe or unsatisfactory on inspection by community development services or code compliance gets 30 days' written notice to correct - Sec. 11-7(e) | Broward County :: Construction in regulated aquatic resources needs a county Environmental Resource License (ERL) - Broward County Code Sec. 27-333(a)(1). Repairing an existing functional seawall no more than 1 ft waterward of its authorized location, or a new wall within 1 ft of the old wet face with the old wall left in place, qualifies for a general license (Sec. 27-336(a)(1)b.), as do refacing, crack filling, seepage holes and other minor repairs (n.) and raising the cap in the same footprint (o.); the code says a general license is issued within 10 days of a complete application - Sec. 27-336(a)(1) | State :: Restoring a seawall at its previous location, upland of it, or within 18 inches waterward is exempt from a state environmental resource permit; the exemption does not replace permission to use state-owned submerged land or county and city requirements, and does not cover chapter 161 coastal permits - s. 403.813(1), (1)(e), F.S. | Federal :: A U.S. Army Corps of Engineers (Department of the Army) authorization is required for structures or work in or affecting navigable waters, unless exempt or covered by a nationwide or regional general permit - 33 CFR 322.3(a) (Rivers and Harbors Act s. 10)","Wilton Manors Code Secs. 11-1, 11-7, 11-27, 11-28 (Supp. 68); Broward County Code Ch. 27 Art. XI Secs. 27-333, 27-336 (Supp. 72); s. 403.813(1)(e), F.S. (2026); 33 CFR 322.3(a)",https://library.municode.com/fl/wilton_manors/codes/code_of_ordinances?nodeId=PTIICOOR_CH11MAACSHST_S11-7MOST,2026-10,verified,"[first pass, superseded where vet_note differs] Sec. 11-7(b) wording says 'erection'; repair coverage inferred from the Florida Building Code permit requirement. Broward County layer: Sec. 27-336 item letters (b., n., o.) read from Municode API text of Supp. 72; parent paragraph number (a)(1) inferred from the HTML structure - confirm. Code names the department PWESD; the Apr 2025 Technical Bulletin is issued by the Resilient Environment Department. State: FAC 62-330.051 (implements 403.813(1)) not read - the .doc would not render. Federal: specific Nationwide Permit numbers not cited; 2026 NWPs took effect 15 Mar 2026 (Fed. Reg. 8 Jan 2026). ",FIX,"Second read 3 Oct 2026. Read 11-1, 11-7, 11-27, 11-28 via Municode API. Corrected substantial-repair definition (three prongs); added notarized ownership statement. 11-7(b) says 'erection'; repair coverage also follows from FBC 105.1."
hillsboro-beach,seawall-permit,"Yes, plus county license",town permit + county license,"Yes. Hillsboro Beach requires a town permit for any improvement or alteration of property, including walls, issued by the Town Clerk or the Town Building Official. New and substantially repaired seawalls must reach 5.0 ft NAVD88 and be designed so the cap can later be raised 24 inches, shown in engineering drawings and calculations with the building permit. Broward County also requires its own Environmental Resource License, often a general license for a repair in the same place.","City :: Any improvement, alteration or modification of real estate 'including fences, walls and the like' needs a permit issued by the Town Clerk or, in her absence, the Town Building Official; no work before the permit except in an emergency, as decided by the Development Review Officer - Code Sec. 4-65(A), (B). New or substantially repaired seawalls must be at least 5.0 ft NAVD88 and no higher than the FEMA base flood elevation (7.0 ft NAVD88 where the BFE is 5.0 ft); the Town Commission may waive the minimum where the home's finished floor is below 5.0 ft - Sec. 12-268(D). Substantial repair means more than 50% of the structure, or of its replacement value, damaged, destroyed or removed - Sec. 12-268(D)(3)(a). Walls must be designed to be raised at least 24 inches, shown in engineering drawings and calculations submitted with the building permit - Sec. 12-268(D)(6). The stated aim is keeping Intracoastal tides off State Road A1A - Sec. 12-268(A) | Broward County :: Construction in regulated aquatic resources needs a county Environmental Resource License (ERL) - Broward County Code Sec. 27-333(a)(1). Repairing an existing functional seawall no more than 1 ft waterward of its authorized location, or a new wall within 1 ft of the old wet face with the old wall left in place, qualifies for a general license (Sec. 27-336(a)(1)b.), as do refacing, crack filling, seepage holes and other minor repairs (n.) and raising the cap in the same footprint (o.); the code says a general license is issued within 10 days of a complete application - Sec. 27-336(a)(1) | State :: Restoring a seawall at its previous location, upland of it, or within 18 inches waterward is exempt from a state environmental resource permit; the exemption does not replace permission to use state-owned submerged land or county and city requirements, and does not cover chapter 161 coastal permits - s. 403.813(1), (1)(e), F.S. | Federal :: A U.S. Army Corps of Engineers (Department of the Army) authorization is required for structures or work in or affecting navigable waters, unless exempt or covered by a nationwide or regional general permit - 33 CFR 322.3(a) (Rivers and Harbors Act s. 10)","Hillsboro Beach Code Secs. 4-65, 12-268 (Supp. 16); Broward County Code Ch. 27 Art. XI Secs. 27-333, 27-336 (Supp. 72); s. 403.813(1)(e), F.S. (2026); 33 CFR 322.3(a)",https://library.municode.com/fl/hillsboro_beach/codes/code_of_ordinances?nodeId=PTIICO_CH12LADECO_DIV5ZO_ARTXIIIADEXMO_S12-268SE,2026-10,verified,"[first pass, superseded where vet_note differs] Sec. 4-65(C) is outdated (names Broward County as building official). Definition of 'substantially repaired' in 12-268(D)(3)(a) not confirmed - appears to use a structure/value test, not shoreline length; kept out of published fields. Broward County layer: Sec. 27-336 item letters (b., n., o.) read from Municode API text of Supp. 72; parent paragraph number (a)(1) inferred from the HTML structure - confirm. Code names the department PWESD; the Apr 2025 Technical Bulletin is issued by the Resilient Environment Department. State: FAC 62-330.051 (implements 403.813(1)) not read - the .doc would not render. Federal: specific Nationwide Permit numbers not cited; 2026 NWPs took effect 15 Mar 2026 (Fed. Reg. 8 Jan 2026). ",FIX,"Second read 3 Oct 2026. Read 4-65 and full 12-268 via Municode API. Issuer corrected (code says Town Clerk or Town Building Official, not 'Town Building Department'). Substantial-repair test confirmed as structure/value based. 4-65(C) still names Broward County as building official - outdated, not published."
oakland-park,seawall-permit,"Yes, plus county license",city permit + county license,"Yes. Oakland Park makes it unlawful to erect docks or any other structure on or in waterways without a permit from the building official, plan approval from its Department of Planning and Environmental Protection and, on navigable water, written approval from other agencies. A substantial repair must meet the city's tidal flood barrier height. Broward County also requires its own Environmental Resource License, often a general license for a repair in the same place.","City :: No docks or other structures on or in waterways without a permit from the building official, plan approval from the Department of Planning and Environmental Protection and, if abutting navigable waters, written approval from the appropriate agencies; those approvals and a current survey are presented with the permit request, and the application shows the mean water line, adjacent ground elevation and waterway width - Code Sec. 14-3. Substantial repair = work along more than 50% of the property's shoreline, or repairs to a structure or attached structure costing 50% or more of its fair market value - Sec. 14-1(a); then 5.0 ft NAVD88 (4.0 ft for applications before 1 Jan 2035), a barrier along the entire shoreline and lime rock rip-rap at the face - Sec. 14-1(b), (g), (h) (Ord. O-2022-015). Where the building official finds bank stabilization is needed to abate a nuisance or a danger to navigability of any canal, stream or lake, the owner must build uniform and substantial seawalls or an approved revetment - Sec. 14-1; boat landing structures may not rise above the adjacent seawall - Sec. 14-2 | Broward County :: Construction in regulated aquatic resources needs a county Environmental Resource License (ERL) - Broward County Code Sec. 27-333(a)(1). Repairing an existing functional seawall no more than 1 ft waterward of its authorized location, or a new wall within 1 ft of the old wet face with the old wall left in place, qualifies for a general license (Sec. 27-336(a)(1)b.), as do refacing, crack filling, seepage holes and other minor repairs (n.) and raising the cap in the same footprint (o.); the code says a general license is issued within 10 days of a complete application - Sec. 27-336(a)(1) | State :: Restoring a seawall at its previous location, upland of it, or within 18 inches waterward is exempt from a state environmental resource permit; the exemption does not replace permission to use state-owned submerged land or county and city requirements, and does not cover chapter 161 coastal permits - s. 403.813(1), (1)(e), F.S. | Federal :: A U.S. Army Corps of Engineers (Department of the Army) authorization is required for structures or work in or affecting navigable waters, unless exempt or covered by a nationwide or regional general permit - 33 CFR 322.3(a) (Rivers and Harbors Act s. 10)","Oakland Park Code Secs. 14-1, 14-3 (Supp. 54); Broward County Code Ch. 27 Art. XI Secs. 27-333, 27-336 (Supp. 72); s. 403.813(1)(e), F.S. (2026); 33 CFR 322.3(a)",https://library.municode.com/fl/oakland_park/codes/code_of_ordinances?nodeId=COOR_CH14SEDO_ARTIIPE_S14-3PERE,2026-10,verified,"[first pass, superseded where vet_note differs] Sec. 14-3 names docks and 'any other structure'; it does not name seawall repair explicitly. Broward County layer: Sec. 27-336 item letters (b., n., o.) read from Municode API text of Supp. 72; parent paragraph number (a)(1) inferred from the HTML structure - confirm. Code names the department PWESD; the Apr 2025 Technical Bulletin is issued by the Resilient Environment Department. State: FAC 62-330.051 (implements 403.813(1)) not read - the .doc would not render. Federal: specific Nationwide Permit numbers not cited; 2026 NWPs took effect 15 Mar 2026 (Fed. Reg. 8 Jan 2026). ",FIX,"Second read 3 Oct 2026. Read Chapter 14 in full via Municode API. Added Department of Planning and Environmental Protection approval, application contents, entire-shoreline and rip-rap rules. 14-3 says 'erect'; repair coverage also follows from FBC 105.1."
sea-ranch-lakes,seawall-permit,"Yes, plus county license",village permit + county license,"Yes. In Sea Ranch Lakes the Village Clerk issues building permits, and the village's land development code requires a substantially repaired seawall to meet its tidal flood barrier height along the entire shoreline. An owner cited for a failing wall must obtain permits and pass final inspection within 365 days if the fix is a substantial repair. Broward County also requires its own Environmental Resource License, often a general license for a repair in the same place.","City :: The Village Clerk is the official who issues building permits - LDC 9.04.00. Substantial repair = work along more than 50% of the property's shoreline, or attached structures such as docks costing more than 50% of a tidal flood barrier - LDC 6.01.06(C)(1)g.; such walls need 5.0 ft NAVD88 (4.0 ft for applications before 1 Jan 2035 if built to reach 5.0 ft by 2050) and must run along the entire shoreline - 6.01.06(C)(2)a., f. A cited owner must show progress on the subject violation within sixty days; one whose repair is substantial must design, obtain permits, build and pass final inspection within 365 days - 6.01.06(C)(2)b. No wall may be built on top of a seawall, and on lots on interior waters or the Intracoastal no impervious surface other than the seawall is allowed within 15 ft of the mean water line or property line - 6.01.06(A), (B) (Ord. 2021-02); hedges and fences there are limited to three feet - 6.01.06(A); wall heights are measured from neighboring grades and any question about them is conclusively determined by the Committee - 6.01.06(B). The clerk's permit role is described as ministerial - 9.04.00; the seawall standard traces to the village's original Restrictive Covenants (s. 7) and Ord. 88-1 | Broward County :: Construction in regulated aquatic resources needs a county Environmental Resource License (ERL) - Broward County Code Sec. 27-333(a)(1). Repairing an existing functional seawall no more than 1 ft waterward of its authorized location, or a new wall within 1 ft of the old wet face with the old wall left in place, qualifies for a general license (Sec. 27-336(a)(1)b.), as do refacing, crack filling, seepage holes and other minor repairs (n.) and raising the cap in the same footprint (o.); the code says a general license is issued within 10 days of a complete application - Sec. 27-336(a)(1) | State :: Restoring a seawall at its previous location, upland of it, or within 18 inches waterward is exempt from a state environmental resource permit; the exemption does not replace permission to use state-owned submerged land or county and city requirements, and does not cover chapter 161 coastal permits - s. 403.813(1), (1)(e), F.S. | Federal :: A U.S. Army Corps of Engineers (Department of the Army) authorization is required for structures or work in or affecting navigable waters, unless exempt or covered by a nationwide or regional general permit - 33 CFR 322.3(a) (Rivers and Harbors Act s. 10)","Sea Ranch Lakes LDC 6.01.06, 9.04.00 (Municode Supp. 18; village PDF Supp. 16); Broward County Code Ch. 27 Art. XI Secs. 27-333, 27-336 (Supp. 72); s. 403.813(1)(e), F.S. (2026); 33 CFR 322.3(a)",https://searanchlakesfl.org/wp-content/uploads/2024/10/6.01.06.___Walls__Fences__Hedges__and_Seawalls.-2.pdf,2026-10,verified,"[first pass, superseded where vet_note differs] Issuing department/building official for the town not confirmed from an official page - left out. 6.01.06(C)(2)(b) arises in the disrepair context. Broward County layer: Sec. 27-336 item letters (b., n., o.) read from Municode API text of Supp. 72; parent paragraph number (a)(1) inferred from the HTML structure - confirm. Code names the department PWESD; the Apr 2025 Technical Bulletin is issued by the Resilient Environment Department. State: FAC 62-330.051 (implements 403.813(1)) not read - the .doc would not render. Federal: specific Nationwide Permit numbers not cited; 2026 NWPs took effect 15 Mar 2026 (Fed. Reg. 8 Jan 2026). ",FIX,Second read 3 Oct 2026. Read village PDF of 6.01.06 and cross-checked Municode Supp. 18 text; read LDC 9.04.00. Sea Ranch Lakes is a village - unit corrected. Village Code Sec. 5-46 still adopts the obsolete South Florida Building Code - not published.
key-west,seawall-permit,Yes,city building permit,"Yes. Key West requires a building permit for any work valued over $1,000, and its code says shoreline bulkheads are installed under a permit from the building official. City rules allow hardening only where erosion is a critical peril and vegetation has failed, with riprap first and generally no vertical seawalls; since 1 Jan 2025 incomplete applications are refused.","City :: A permit is required before any work or construction of any kind, permanent or temporary, valued over $1,000 including materials and labor, at the building official's discretion; incomplete applications are not accepted since 1 Jan 2025; exterior work in the Historic District also needs a Certificate of Appropriateness - City Building Permit Requirements page. Bulkheads, piers and docks along the shoreline are installed under permit from the building official, and bulkheads may not be built below mean high water unless the controlling federal or state agency permits it - Code Sec. 118-361. Hardening only where erosion is a critical peril to upland property and vegetation has failed; riprap first; generally not vertical seawalls; other agencies with jurisdiction must approve first - Sec. 110-182(c). The city requests jurisdictional determinations from the appropriate agencies before issuing building permits - Sec. 110-190(5). Minor maintenance or emergency repair to existing structures is exempt from that article's coastal resource rules - Sec. 110-192(a)(1) | State :: Restoring a seawall at its previous location, upland of it, or within 18 inches waterward is exempt from a state environmental resource permit; the exemption does not replace permission to use state-owned submerged land or county and city requirements, and does not cover chapter 161 coastal permits - s. 403.813(1), (1)(e), F.S. | Federal :: A U.S. Army Corps of Engineers (Department of the Army) authorization is required for structures or work in or affecting navigable waters, unless exempt or covered by a nationwide or regional general permit - 33 CFR 322.3(a) (Rivers and Harbors Act s. 10)","Key West Code Secs. 110-182, 110-190, 110-192, 118-361 (Supp. 99); Building Permit Requirements page; s. 403.813(1)(e), F.S. (2026); 33 CFR 322.3(a)",https://www.cityofkeywest-fl.gov/220/Permits,2026-10,verified,"[first pass, superseded where vet_note differs] Sec. 118-361 sits in Ch. 118 Subdivisions (required improvements) and may be aimed at subdivisions. Sec. 110-192(a)(1) exempts 'minor maintenance or emergency repair to existing structures' from the Art. IV coastal rules - how this applies to seawall repair not confirmed. No seawall checklist found. County layer statement is a negative finding. State: Florida Keys waters - check whether the site is Outstanding Florida Waters; the 403.813(1)(e) text has no OFW carve-out. FAC 62-330.051 not read. Federal: specific NWP numbers not cited. ",FIX,"Second read 3 Oct 2026. Read 110-182, 110-190, 110-192, 118-361 via Municode API and the city Permits page. Removed the unsourced negative 'no Monroe County license' line. 118-361 sits in subdivision improvements chapter - published as worded."
marathon,seawall-permit,Yes,city permit; state/federal approvals first,"Yes. Marathon requires anyone doing bulkhead, seawall or riprap work in surface waters to file a natural resources inventory or similar notice and get all federal, state and water management district approvals and a city permit first. Replacing a deteriorated wall is allowed, but no new vertical seawalls on open water, and hardening only where the City Biologist finds riprap will not do.","City :: Applicants must submit a natural resources inventory or comparable administrative notice and 'must obtain all necessary federal, state and water management district approvals and a permit from the City prior to initiating' the work; bulkheads, seawalls and riprap must meet the Hardened Shorelines rules - LDR Sec. 106.38. Hardened vertical structures only on residential canals and altered shorelines where riprap or sloping revetments with biotechnical erosion control will not suffice as determined by the City Biologist; allowed when replacing an existing deteriorated bulkhead or seawall; no new vertical seawalls on open water - Sec. 106.36. Designs must include a six-inch retention swale, berm or curb landward of the wall; caps may be two feet wide; the bulkhead line is the average mean high water line when the permit is requested, and reclaiming eroded land by bulkheading and backfilling is prohibited - Sec. 106.36 | State :: Restoring a seawall at its previous location, upland of it, or within 18 inches waterward is exempt from a state environmental resource permit; the exemption does not replace permission to use state-owned submerged land or county and city requirements, and does not cover chapter 161 coastal permits - s. 403.813(1), (1)(e), F.S. | Federal :: A U.S. Army Corps of Engineers (Department of the Army) authorization is required for structures or work in or affecting navigable waters, unless exempt or covered by a nationwide or regional general permit - 33 CFR 322.3(a) (Rivers and Harbors Act s. 10)","Marathon LDR Secs. 106.36, 106.38 (municipalcodeonline); s. 403.813(1)(e), F.S. (2026); 33 CFR 322.3(a)",https://marathon.municipalcodeonline.com/book?type=ordinances#name=Sec_106.38_Allowable_Activities,2026-10,verified,"[first pass, superseded where vet_note differs] Subsection lettering (106.36H etc.) not confirmed - print view numbers them. Sec. 108.20(B): repairs/replacements of nonconforming vertical seawalls on open water must keep the existing footprint and are allowed only if riprap with filter cloth is not feasible. Issuing department (Building Department) taken from city site, not the code. State: Florida Keys waters - check whether the site is Outstanding Florida Waters; the 403.813(1)(e) text has no OFW carve-out. FAC 62-330.051 not read. Federal: specific NWP numbers not cited. ",FIX,"Second read 3 Oct 2026. Read 106.36 and 106.38 (print view). Removed Sec. 104.64 (PE design) - section could not be opened; removed unsourced county line. Added retention swale, cap width, bulkhead line, no reclamation."
islamorada,seawall-permit,Yes,village building permit,"Yes. Islamorada requires building permits as the Florida Building Code provides and for any work subject to floodplain rules, and its minor-repair exemption applies only under $2,500. Deteriorated seawalls may be repaired or replaced within their footprint, but the code calls for repair with riprap and native vegetation, allowing a bulkhead only if the director finds riprap is not feasible.","City :: Permits are required as provided in the Florida Building Code and for any work subject to floodplain management requirements; minor repairs as defined in the FBC are exempt only if worth less than $2,500 - Code Sec. 6-61. Deteriorated lawfully existing seawalls, bulkheads or riprap may be repaired or replaced keeping the existing footprint to the maximum extent practicable and only as needed to protect the upland; deteriorated or damaged seawalls and bulkheads shall be repaired using riprap with native shoreline vegetation, and bulkheads only if riprap with filter cloth and native vegetation is not feasible as determined by the director - Sec. 30-1545. New vertical seawalls on open water only under s. 373.414(5), F.S.; systems need a six-inch retention berm or curb landward; open-water hardening requires planting at least 50% of the hardened shoreline as a Class B bufferyard approved by the Village Biologist - Sec. 30-1545 (Ord. 14-08) | State :: Restoring a seawall at its previous location, upland of it, or within 18 inches waterward is exempt from a state environmental resource permit; the exemption does not replace permission to use state-owned submerged land or county and city requirements, and does not cover chapter 161 coastal permits - s. 403.813(1), (1)(e), F.S. | Federal :: A U.S. Army Corps of Engineers (Department of the Army) authorization is required for structures or work in or affecting navigable waters, unless exempt or covered by a nationwide or regional general permit - 33 CFR 322.3(a) (Rivers and Harbors Act s. 10)","Islamorada Village Code Secs. 6-61, 30-1545 (municipalcodeonline); s. 403.813(1)(e), F.S. (2026); 33 CFR 322.3(a)","https://islamorada.municipalcodeonline.com/book?type=ordinances#name=Sec_30-1545_Bulkheads,_Seawalls_Or_Riprap",2026-10,verified,"[first pass, superseded where vet_note differs] Handout does not name seawalls. No village section found requiring state/federal approval before the seawall permit. Subsection lettering of 30-1545 not confirmed. State: Florida Keys waters - check whether the site is Outstanding Florida Waters; the 403.813(1)(e) text has no OFW carve-out. FAC 62-330.051 not read. Federal: specific NWP numbers not cited. ",FIX,Second read 3 Oct 2026. Read 30-1545 and Div. 6-II-2 (6-61) in print view. Replaced the unread 'Is a Village Permit Required' handout with Sec. 6-61. Added the riprap-repair rule the old row omitted. Removed unsourced county line.
key-colony-beach,seawall-permit,"Yes, after state and federal approvals",city building permit,"Yes. Key Colony Beach requires a city building permit from the building official before any seawall construction, issued only after the Army Corps, Florida DEP or other required state and federal agencies approve. Seawalls must be vertical, new walls must match the height of the walls they join, and anyone bringing water-borne construction equipment into the city must first post a $50,000 bond.","City :: 'A city-issued building permit shall be required prior to commencement of any construction on required seawall'; permits issue 'only after the applicant obtains required approval from the Army Corps of Engineers, the Florida Department of Environmental Protection or any other required state and/or federal agencies' - Code Sec. 5-30(a), (b). Seawall permits come from the city building official under chapter 6 - Sec. 5-60. Sloping seawalls prohibited; walls perpendicular with a horizontal cap - Sec. 5-54. A wall joining existing walls is built to the height of the higher neighbor; the first wall on a canal sets 5.5 ft above mean sea level - Sec. 5-51. Users of water-borne construction equipment post a $50,000 bond before entering the city - Sec. 5-61. If an owner fails to maintain a seawall the city may do the work and lien the property - Sec. 5-62 | State :: Restoring a seawall at its previous location, upland of it, or within 18 inches waterward is exempt from a state environmental resource permit; the exemption does not replace permission to use state-owned submerged land or county and city requirements, and does not cover chapter 161 coastal permits - s. 403.813(1), (1)(e), F.S. | Federal :: A U.S. Army Corps of Engineers (Department of the Army) authorization is required for structures or work in or affecting navigable waters, unless exempt or covered by a nationwide or regional general permit - 33 CFR 322.3(a) (Rivers and Harbors Act s. 10)","Key Colony Beach Code Secs. 5-30, 5-51, 5-54, 5-60, 5-61, 5-62 (Supp. 36); s. 403.813(1)(e), F.S. (2026); 33 CFR 322.3(a)",https://library.municode.com/fl/key_colony_beach/codes/code_of_ordinances?nodeId=PTIICOOR_CH5BOBOTRMAFAWA_ARTIIIMACOIMDOBO_DIV2SEOTERCO_S5-30SECOREPE,2026-10,verified,"[first pass, superseded where vet_note differs] An FDEP exemption under 403.813(1)(e) may satisfy the 'required approval' in Sec. 5-30(b) - how the city treats exemptions not confirmed. LDR Sec. 101-76(3) (substantial reconstruction needs USACE and DEP approval) seen as a snippet only. City 'Seawall Owners Manual' PDF not read. Library URL built from the API node id. State: Florida Keys waters - check whether the site is Outstanding Florida Waters; the 403.813(1)(e) text has no OFW carve-out. FAC 62-330.051 not read. Federal: specific NWP numbers not cited. ",FIX,"Second read 3 Oct 2026. Read Ch. 5 Art. III via Municode API. 5-30, 5-54, 5-60 confirmed; added 5-51, 5-61 bond, 5-62. Removed unsourced county line. How the city treats an FDEP exemption under 5-30(b) not confirmed - not published."
key-largo,seawall-permit,Yes,county building permit,"Yes. In unincorporated Monroe County a separate county permit is required for each dock, seawall and riprap structure. A lawfully existing, deteriorated seawall can be repaired or replaced in its existing footprint as far as practicable, and no new seawalls or other hardened vertical structures are allowed on open water.","City :: Unincorporated - Monroe County permit. 'A separate permit shall be required for each principal structure and any dock, seawall, and riprap accessory structure' - Monroe County Code Sec. 6-100(b); the under-$2,500 minor-repair exception does not apply to work below base flood elevation or to structures in a Coastal Barrier Resources System unit or flood zones AE or VE - Sec. 6-100(a). After a declared hurricane emergency, demolition of storm-damaged seawalls may proceed without a permit for 90 days under a county commission resolution - Sec. 6-100(d)(3). Vertical seawalls only to stabilize severely eroding shorelines on manmade canals, channels or basins where vegetation or riprap and filter cloth is not feasible; no new seawalls on open water - LDC Sec. 118-12(k)(3). Lawfully existing, deteriorated seawalls may be repaired or replaced in the existing footprint to the maximum extent practicable, except on sea turtle nesting beaches - Sec. 118-12(k)(4). Land behind a bulkhead must be at least six inches lower than its top - Sec. 118-12(k)(2) | State :: Restoring a seawall at its previous location, upland of it, or within 18 inches waterward is exempt from a state environmental resource permit; the exemption does not replace permission to use state-owned submerged land or county and city requirements, and does not cover chapter 161 coastal permits - s. 403.813(1), (1)(e), F.S. | Federal :: A U.S. Army Corps of Engineers (Department of the Army) authorization is required for structures or work in or affecting navigable waters, unless exempt or covered by a nationwide or regional general permit - 33 CFR 322.3(a) (Rivers and Harbors Act s. 10)","Monroe County Code Sec. 6-100 (Supp. 33 Upd. 3); Monroe County LDC Sec. 118-12(k) (Supp. 17); s. 403.813(1)(e), F.S. (2026); 33 CFR 322.3(a)",https://library.municode.com/fl/monroe_county/codes/code_of_ordinances?nodeId=CH6BUCO_ARTIIBUCO_DIV3PEINCEOC_SDIIPE_S6-100PERE,2026-10,needs-review,"[first pass, superseded where vet_note differs] Unincorporated: governed by Monroe County. Sec. 6-100 and 118-12(k)(4) text from Municode search snippets (full 118-12 truncated by the API); the '(4)' marker and the open-water sentence's exact item number not confirmed. Do NOT state that the county requires FDEP/USACE approval before a seawall permit: the 'Notice to Proceed' clause in Sec. 118-12 read by the lead applies to beach berm/shoreline stabilization projects, not seawalls generally. No county seawall checklist or biologist-review rule found. State: Florida Keys waters - check whether the site is Outstanding Florida Waters; the 403.813(1)(e) text has no OFW carve-out. FAC 62-330.051 not read. Federal: specific NWP numbers not cited. ",HUMAN,"Second read 3 Oct 2026. Content verified: read Sec. 6-100 and LDC 118-12 in full (Municode API); (k)(2)-(4) markers confirmed; removed unsourced 'Monroe County Building Department' name and county-layer line. HUMAN only for uniqueness: Key Largo, Big Pine Key, Tavernier and Cudjoe Key rows are identical and will fail the doorway guard; needs a place-specific verified fact or a single unincorporated-Monroe page."
big-pine-key,seawall-permit,Yes,county building permit,"Yes. In unincorporated Monroe County a separate county permit is required for each dock, seawall and riprap structure. A lawfully existing, deteriorated seawall can be repaired or replaced in its existing footprint as far as practicable, and no new seawalls or other hardened vertical structures are allowed on open water.","City :: Unincorporated - Monroe County permit. 'A separate permit shall be required for each principal structure and any dock, seawall, and riprap accessory structure' - Monroe County Code Sec. 6-100(b); the under-$2,500 minor-repair exception does not apply to work below base flood elevation or to structures in a Coastal Barrier Resources System unit or flood zones AE or VE - Sec. 6-100(a). After a declared hurricane emergency, demolition of storm-damaged seawalls may proceed without a permit for 90 days under a county commission resolution - Sec. 6-100(d)(3). Vertical seawalls only to stabilize severely eroding shorelines on manmade canals, channels or basins where vegetation or riprap and filter cloth is not feasible; no new seawalls on open water - LDC Sec. 118-12(k)(3). Lawfully existing, deteriorated seawalls may be repaired or replaced in the existing footprint to the maximum extent practicable, except on sea turtle nesting beaches - Sec. 118-12(k)(4). Land behind a bulkhead must be at least six inches lower than its top - Sec. 118-12(k)(2) | State :: Restoring a seawall at its previous location, upland of it, or within 18 inches waterward is exempt from a state environmental resource permit; the exemption does not replace permission to use state-owned submerged land or county and city requirements, and does not cover chapter 161 coastal permits - s. 403.813(1), (1)(e), F.S. | Federal :: A U.S. Army Corps of Engineers (Department of the Army) authorization is required for structures or work in or affecting navigable waters, unless exempt or covered by a nationwide or regional general permit - 33 CFR 322.3(a) (Rivers and Harbors Act s. 10)","Monroe County Code Sec. 6-100 (Supp. 33 Upd. 3); Monroe County LDC Sec. 118-12(k) (Supp. 17); s. 403.813(1)(e), F.S. (2026); 33 CFR 322.3(a)",https://library.municode.com/fl/monroe_county/codes/code_of_ordinances?nodeId=CH6BUCO_ARTIIBUCO_DIV3PEINCEOC_SDIIPE_S6-100PERE,2026-10,needs-review,"[first pass, superseded where vet_note differs] Unincorporated: governed by Monroe County. Sec. 6-100 and 118-12(k)(4) text from Municode search snippets (full 118-12 truncated by the API); the '(4)' marker and the open-water sentence's exact item number not confirmed. Do NOT state that the county requires FDEP/USACE approval before a seawall permit: the 'Notice to Proceed' clause in Sec. 118-12 read by the lead applies to beach berm/shoreline stabilization projects, not seawalls generally. No county seawall checklist or biologist-review rule found. State: Florida Keys waters - check whether the site is Outstanding Florida Waters; the 403.813(1)(e) text has no OFW carve-out. FAC 62-330.051 not read. Federal: specific NWP numbers not cited. ",HUMAN,"Second read 3 Oct 2026. Content verified: read Sec. 6-100 and LDC 118-12 in full (Municode API); (k)(2)-(4) markers confirmed; removed unsourced 'Monroe County Building Department' name and county-layer line. HUMAN only for uniqueness: Key Largo, Big Pine Key, Tavernier and Cudjoe Key rows are identical and will fail the doorway guard; needs a place-specific verified fact or a single unincorporated-Monroe page."
tavernier,seawall-permit,Yes,county building permit,"Yes. In unincorporated Monroe County a separate county permit is required for each dock, seawall and riprap structure. A lawfully existing, deteriorated seawall can be repaired or replaced in its existing footprint as far as practicable, and no new seawalls or other hardened vertical structures are allowed on open water.","City :: Unincorporated - Monroe County permit. 'A separate permit shall be required for each principal structure and any dock, seawall, and riprap accessory structure' - Monroe County Code Sec. 6-100(b); the under-$2,500 minor-repair exception does not apply to work below base flood elevation or to structures in a Coastal Barrier Resources System unit or flood zones AE or VE - Sec. 6-100(a). After a declared hurricane emergency, demolition of storm-damaged seawalls may proceed without a permit for 90 days under a county commission resolution - Sec. 6-100(d)(3). Vertical seawalls only to stabilize severely eroding shorelines on manmade canals, channels or basins where vegetation or riprap and filter cloth is not feasible; no new seawalls on open water - LDC Sec. 118-12(k)(3). Lawfully existing, deteriorated seawalls may be repaired or replaced in the existing footprint to the maximum extent practicable, except on sea turtle nesting beaches - Sec. 118-12(k)(4). Land behind a bulkhead must be at least six inches lower than its top - Sec. 118-12(k)(2) | State :: Restoring a seawall at its previous location, upland of it, or within 18 inches waterward is exempt from a state environmental resource permit; the exemption does not replace permission to use state-owned submerged land or county and city requirements, and does not cover chapter 161 coastal permits - s. 403.813(1), (1)(e), F.S. | Federal :: A U.S. Army Corps of Engineers (Department of the Army) authorization is required for structures or work in or affecting navigable waters, unless exempt or covered by a nationwide or regional general permit - 33 CFR 322.3(a) (Rivers and Harbors Act s. 10)","Monroe County Code Sec. 6-100 (Supp. 33 Upd. 3); Monroe County LDC Sec. 118-12(k) (Supp. 17); s. 403.813(1)(e), F.S. (2026); 33 CFR 322.3(a)",https://library.municode.com/fl/monroe_county/codes/code_of_ordinances?nodeId=CH6BUCO_ARTIIBUCO_DIV3PEINCEOC_SDIIPE_S6-100PERE,2026-10,needs-review,"[first pass, superseded where vet_note differs] Unincorporated: governed by Monroe County. Sec. 6-100 and 118-12(k)(4) text from Municode search snippets (full 118-12 truncated by the API); the '(4)' marker and the open-water sentence's exact item number not confirmed. Do NOT state that the county requires FDEP/USACE approval before a seawall permit: the 'Notice to Proceed' clause in Sec. 118-12 read by the lead applies to beach berm/shoreline stabilization projects, not seawalls generally. No county seawall checklist or biologist-review rule found. State: Florida Keys waters - check whether the site is Outstanding Florida Waters; the 403.813(1)(e) text has no OFW carve-out. FAC 62-330.051 not read. Federal: specific NWP numbers not cited. ",HUMAN,"Second read 3 Oct 2026. Content verified: read Sec. 6-100 and LDC 118-12 in full (Municode API); (k)(2)-(4) markers confirmed; removed unsourced 'Monroe County Building Department' name and county-layer line. HUMAN only for uniqueness: Key Largo, Big Pine Key, Tavernier and Cudjoe Key rows are identical and will fail the doorway guard; needs a place-specific verified fact or a single unincorporated-Monroe page."
cudjoe-key,seawall-permit,Yes,county building permit,"Yes. In unincorporated Monroe County a separate county permit is required for each dock, seawall and riprap structure. A lawfully existing, deteriorated seawall can be repaired or replaced in its existing footprint as far as practicable, and no new seawalls or other hardened vertical structures are allowed on open water.","City :: Unincorporated - Monroe County permit. 'A separate permit shall be required for each principal structure and any dock, seawall, and riprap accessory structure' - Monroe County Code Sec. 6-100(b); the under-$2,500 minor-repair exception does not apply to work below base flood elevation or to structures in a Coastal Barrier Resources System unit or flood zones AE or VE - Sec. 6-100(a). After a declared hurricane emergency, demolition of storm-damaged seawalls may proceed without a permit for 90 days under a county commission resolution - Sec. 6-100(d)(3). Vertical seawalls only to stabilize severely eroding shorelines on manmade canals, channels or basins where vegetation or riprap and filter cloth is not feasible; no new seawalls on open water - LDC Sec. 118-12(k)(3). Lawfully existing, deteriorated seawalls may be repaired or replaced in the existing footprint to the maximum extent practicable, except on sea turtle nesting beaches - Sec. 118-12(k)(4). Land behind a bulkhead must be at least six inches lower than its top - Sec. 118-12(k)(2) | State :: Restoring a seawall at its previous location, upland of it, or within 18 inches waterward is exempt from a state environmental resource permit; the exemption does not replace permission to use state-owned submerged land or county and city requirements, and does not cover chapter 161 coastal permits - s. 403.813(1), (1)(e), F.S. | Federal :: A U.S. Army Corps of Engineers (Department of the Army) authorization is required for structures or work in or affecting navigable waters, unless exempt or covered by a nationwide or regional general permit - 33 CFR 322.3(a) (Rivers and Harbors Act s. 10)","Monroe County Code Sec. 6-100 (Supp. 33 Upd. 3); Monroe County LDC Sec. 118-12(k) (Supp. 17); s. 403.813(1)(e), F.S. (2026); 33 CFR 322.3(a)",https://library.municode.com/fl/monroe_county/codes/code_of_ordinances?nodeId=CH6BUCO_ARTIIBUCO_DIV3PEINCEOC_SDIIPE_S6-100PERE,2026-10,needs-review,"[first pass, superseded where vet_note differs] Unincorporated: governed by Monroe County. Sec. 6-100 and 118-12(k)(4) text from Municode search snippets (full 118-12 truncated by the API); the '(4)' marker and the open-water sentence's exact item number not confirmed. Do NOT state that the county requires FDEP/USACE approval before a seawall permit: the 'Notice to Proceed' clause in Sec. 118-12 read by the lead applies to beach berm/shoreline stabilization projects, not seawalls generally. No county seawall checklist or biologist-review rule found. State: Florida Keys waters - check whether the site is Outstanding Florida Waters; the 403.813(1)(e) text has no OFW carve-out. FAC 62-330.051 not read. Federal: specific NWP numbers not cited. ",HUMAN,"Second read 3 Oct 2026. Content verified: read Sec. 6-100 and LDC 118-12 in full (Municode API); (k)(2)-(4) markers confirmed; removed unsourced 'Monroe County Building Department' name and county-layer line. HUMAN only for uniqueness: Key Largo, Big Pine Key, Tavernier and Cudjoe Key rows are identical and will fail the doorway guard; needs a place-specific verified fact or a single unincorporated-Monroe page."
boca-raton,seawall-permit,Yes,permit + staged inspections,"Yes. Boca Raton requires a city permit to install or replace a seawall, and no bulkhead or retaining wall may be built in city waters until Development Services approves the plans. Before the cap is poured, a zoning location survey of the wall face, property line and piles must be inspected, and a final engineer's report with the cap elevation closes the job.","City :: Permits are required, beyond the Florida Building Code, to 'install or replace' docking facilities, groins, seawalls, jetties and piling - Code Sec. 19-66(4); no bulkhead or retaining wall in city waters or abutting land unless plans are approved by the Development Services Department for a permit - Sec. 22-31(4) | Plans :: Survey with the existing wet face or bulkhead line, property line and piles; section with the finished top-of-cap elevation (city Seawalls and Marine Structures page) | Inspections :: Zoning location survey inspected before the cap is installed and approved before structural cap and piling inspections; final engineer report with cap elevation, compliance with permit drawings and photos (same page) | Upkeep :: Letting a canal seawall deteriorate to an injurious or dangerous condition is unlawful; after a special magistrate order the city may abate and charge the owner - Sec. 22-35 | State (FDEP) :: Restoring a seawall in place or up to 18 in. waterward can be exempt from an Environmental Resource Permit where it was damaged within the last year by a discrete event or needs only minimal backfilling, and any chapter 161 permits are obtained (s. 403.813(1)(e) F.S.; r. 62-330.051(12)(b) F.A.C.); batter piles, king piles or a cap used only to stabilize and repair a wall are also exempt (r. 62-330.051(12)(d)) | State-owned bottom :: Exempt work on sovereign submerged land still needs separate authorization under chs. 253 and 258 F.S., which the Board of Trustees grants by rule for many exempt activities (r. 62-330.051 intro; r. 18-21.005(1)(b) F.A.C.) | County :: Palm Beach County ERM's Permitting and Regulation page lists no seawall or shoreline permit program among its topics (PBC ERM Permitting and Regulation page) | Ocean side :: Seaward of the Coastal Construction Control Line a wall needs a separate state coastal construction permit; the chapter 161 repair exemption expressly excludes seawalls (s. 161.053(2)(a), (11)(a) F.S.) | Small-job exemption :: The state's under-$7,500 single-family permit exemption does not cover structural work or property in a flood hazard area (s. 553.79(1)(g)2. F.S.) | Federal :: A U.S. Army Corps of Engineers (Department of the Army) authorization is required for structures or work in or affecting navigable waters, unless exempt or covered by a nationwide or regional general permit - 33 CFR 322.3(a) (Rivers and Harbors Act s. 10)","City of Boca Raton Code Secs. 19-66, 22-31, 22-35 (Supp. 72 Upd. 1); Seawalls and Marine Structures page; s. 403.813(1)(e), 161.053, 553.79 F.S. (2026); r. 62-330.051, 18-21.005 F.A.C.; 33 CFR 322.3(a); PBC ERM Permitting and Regulation page",https://www.myboca.us/2705/Seawalls-and-Marine-Structures,2026-10,verified,"[first pass, superseded where vet_note differs] Cross-check vs published page: consistent (staged inspections, Ch. 22, EDSM 7.7). New: Sec. 19-66(4) 'install or replace' wording (Code Supp. 72 Upd. 1, thru Ord. 5777). Sec. 22-31(5) says no bulkhead lower than '+5.00 feet' with no datum; EDSM 7.7 (published height page) says 4.0-6.0 ft NAVD88 - not reconciled, kept out of published fields. EDSM 7.7 PDF not re-read. No local 50% substantial-repair rule or minor-repair exemption found. Published page's bond line is generic, not Boca-sourced. State/federal/county rows read 3 Oct 2026 from: Online Sunshine 2026 F.S. 403.813, 161.053, 553.79; F.A.C. 62-330.051 (eff. 6/1/2018) and 18-21.005 (eff. 3/21/2019) via flrules.org / LII; Federal Register 2026-00121 (91 FR 768); PBC ERM Permitting and Regulation page. Corps row is conditional ('may qualify'); Jacksonville District regional conditions and any SPGP not checked.",FIX,"Second read 3 Oct 2026. Re-read 19-66, 22-31, 22-35 (Municode API) and the city page. City content confirmed; label fixed to City. Shared layers rewritten: Nationwide Permit numbers removed, Corps line now 33 CFR 322.3(a); 62-330.051(12)(b) conditions stated; all statutes/rules re-read 3 Oct 2026."
delray-beach,seawall-permit,Yes,"building permit, engineer-sealed","Yes. Delray Beach requires a building permit to build or alter a seawall, with plans sealed by a Florida engineer and approval from the other reviewing agencies before the permit issues. A substantial repair must meet the city's minimum elevation along the entire shoreline.","City :: 'The construction of a new seawall, or alteration of an existing seawall requires the issuance of a building permit'; the application needs a survey showing the wall's location and elevation, plans sealed by a Florida PE, and approval from the applicable reviewing agencies before the permit issues, which the applicant must obtain - LDR Sec. 7.1.7(E)(1)-(3) | Substantial repair :: Rip rap is not considered a seawall for this section - Sec. 7.1.7(C)(5); substantial repair is improvement to more than 50% of the length of the wall and cap, or an elevation change along more than 50% of it; the minimum then applies to the continuous seawall along the entire shoreline - Sec. 7.1.7(D)(6) | Elevation :: Minimum 4.2 ft NAVD88 in a floodplain with a BFE of 5.0 ft or more, maximum the property's BFE; walls built below 5 ft must be designed for a later extension to 5 ft NAVD88 - Sec. 7.1.7(D)(1) | Upkeep :: A cited owner must start repairs, such as hiring a contractor or submitting a building permit, show progress within 60 days and finish within 365 days - Code Sec. 100.04(C) (Ord. 23-21) | Disclosure :: The standard is sized for water levels through 2050, and sale contracts for tidally influenced property signed after 1 Feb 2022 must carry a 14-point bold disclosure - Sec. 7.1.7(A)(1), (D)(7). Failing to erect, maintain or repair a needed seawall is a public nuisance, including where it endangers swimming or other water sports or impedes navigability - Code Sec. 100.04(A), (B) | State (FDEP) :: Restoring a seawall in place or up to 18 in. waterward can be exempt from an Environmental Resource Permit where it was damaged within the last year by a discrete event or needs only minimal backfilling, and any chapter 161 permits are obtained (s. 403.813(1)(e) F.S.; r. 62-330.051(12)(b) F.A.C.); batter piles, king piles or a cap used only to stabilize and repair a wall are also exempt (r. 62-330.051(12)(d)) | State-owned bottom :: Exempt work on sovereign submerged land still needs separate authorization under chs. 253 and 258 F.S., which the Board of Trustees grants by rule for many exempt activities (r. 62-330.051 intro; r. 18-21.005(1)(b) F.A.C.) | County :: Palm Beach County ERM's Permitting and Regulation page lists no seawall or shoreline permit program among its topics (PBC ERM Permitting and Regulation page) | Ocean side :: Seaward of the Coastal Construction Control Line a wall needs a separate state coastal construction permit; the chapter 161 repair exemption expressly excludes seawalls (s. 161.053(2)(a), (11)(a) F.S.) | Small-job exemption :: The state's under-$7,500 single-family permit exemption does not cover structural work or property in a flood hazard area (s. 553.79(1)(g)2. F.S.) | Federal :: A U.S. Army Corps of Engineers (Department of the Army) authorization is required for structures or work in or affecting navigable waters, unless exempt or covered by a nationwide or regional general permit - 33 CFR 322.3(a) (Rivers and Harbors Act s. 10)","City of Delray Beach LDR Sec. 7.1.7 (Supp. 35); Code of Ordinances Sec. 100.04; s. 403.813(1)(e), 161.053, 553.79 F.S. (2026); r. 62-330.051, 18-21.005 F.A.C.; 33 CFR 322.3(a); PBC ERM Permitting and Regulation page",https://library.municode.com/fl/delray_beach/codes/land_development_regulations?nodeId=CH7BURE_ART7.1BURE_S7.1.7SE,2026-10,verified,"[first pass, superseded where vet_note differs] Cross-check vs published page: consistent. Published page says the minimum applies to 'the continuous seawall along the entire shoreline' - this pass did not re-read that phrase. Researcher's summary of Table 7.1.7(D) was garbled; 4.2 ft min matches the verified height page. 100.04 also sets a 365-day completion window (researcher quote). LDR Supp. 34 (thru Ord. 07-26); Code Supp. 51. No seawall-specific checklist; no minor-repair exemption found. LDR Art. 10.4 coastal construction carve-out for F.S. 161.041 work. State/federal/county rows read 3 Oct 2026 from: Online Sunshine 2026 F.S. 403.813, 161.053, 553.79; F.A.C. 62-330.051 (eff. 6/1/2018) and 18-21.005 (eff. 3/21/2019) via flrules.org / LII; Federal Register 2026-00121 (91 FR 768); PBC ERM Permitting and Regulation page. Corps row is conditional ('may qualify'); Jacksonville District regional conditions and any SPGP not checked.",FIX,Second read 3 Oct 2026. Read full 7.1.7 and 100.04 (Municode API). Entire-shoreline phrase confirmed. Table 7.1.7(D) is garbled online; 4.2 ft stated only for the BFE>=5.0 row. Shared layers rewritten (no NWP numbers).
jupiter,seawall-permit,Yes,building permit (Marine Structure),"Yes. Jupiter requires a town building permit for seawalls. A replacement may sit up to 18 in. waterward of the existing wall one time only, a replacement whose top is more than 3 ft above mean high water must be fully faced with riprap or mangroves, and the top may not exceed the property's FEMA base flood elevation.","Town :: Seawalls 'shall be installed under permit issued by the town building department' - Sec. 25-268 | Replacement location :: Within 18 in. waterward of an existing bulkhead, or landward; a waterward replacement is allowed only once as of 16 Jun 2015 - Sec. 27-2624(1)-(2) | Riprap :: A replacement of a permitted wall whose top is more than 3 ft above mean high water must be 100% faced with riprap or mangroves; replacing an unpermitted wall needs at least 50%; mapped canal-mouth lots are exempt - Sec. 27-2624(1)(c), (2)(c) | Height cap :: Top at or below the property's FEMA base flood elevation; properties east of the CCCL exempt - Sec. 27-2624(8) | Riprap rules :: Covering the bottom half of the wall at no steeper than 2:1 and no more than 8 ft waterward; mangroves on 10% of the faced shoreline within two years; waived where the canal would narrow below 40 ft or seagrasses would be destroyed (seagrass study under six months old) - Sec. 27-2624(5), (10), (11) | Checklist :: Signed and sealed survey with mean high water in NAVD88, PE-sealed plans, photos, FDEP exemption self-certification, Army Corps and SFWMD approvals where applicable (Marine Structure - Seawalls checklist, rev. Jan 2021) | State (FDEP) :: Restoring a seawall in place or up to 18 in. waterward can be exempt from an Environmental Resource Permit where it was damaged within the last year by a discrete event or needs only minimal backfilling, and any chapter 161 permits are obtained (s. 403.813(1)(e) F.S.; r. 62-330.051(12)(b) F.A.C.); batter piles, king piles or a cap used only to stabilize and repair a wall are also exempt (r. 62-330.051(12)(d)) | State-owned bottom :: Exempt work on sovereign submerged land still needs separate authorization under chs. 253 and 258 F.S., which the Board of Trustees grants by rule for many exempt activities (r. 62-330.051 intro; r. 18-21.005(1)(b) F.A.C.) | County :: Palm Beach County ERM's Permitting and Regulation page lists no seawall or shoreline permit program among its topics (PBC ERM Permitting and Regulation page) | Ocean side :: Seaward of the Coastal Construction Control Line a wall needs a separate state coastal construction permit; the chapter 161 repair exemption expressly excludes seawalls (s. 161.053(2)(a), (11)(a) F.S.) | Small-job exemption :: The state's under-$7,500 single-family permit exemption does not cover structural work or property in a flood hazard area (s. 553.79(1)(g)2. F.S.) | Federal :: A U.S. Army Corps of Engineers (Department of the Army) authorization is required for structures or work in or affecting navigable waters, unless exempt or covered by a nationwide or regional general permit - 33 CFR 322.3(a) (Rivers and Harbors Act s. 10)","Town of Jupiter Code Secs. 25-268, 27-2624 (Supp. 24); Marine Structure - Seawalls checklist; s. 403.813(1)(e), 161.053, 553.79 F.S. (2026); r. 62-330.051, 18-21.005 F.A.C.; 33 CFR 322.3(a); PBC ERM Permitting and Regulation page",https://www.jupiter.fl.us/DocumentCenter/View/30288/Marine-Structure---Seawalls,2026-10,verified,"[first pass, superseded where vet_note differs] Sec. 25-268 (1978) puts the wall face on the property line; Sec. 27-2624 and the checklist allow 18 in. waterward - newer section governs in practice, flagged. Checklist cites 'Sec. 27-262' (likely typo for 27-2624). Pre-12/20/2005 bulkhead riprap exemption condition text was cut off. Supp. 23 thru Ord. 27-26 (heights row cited Supp. 24 - check). Ch. 21 Art. V coastal construction code adopted by reference, not online. State/federal/county rows read 3 Oct 2026 from: Online Sunshine 2026 F.S. 403.813, 161.053, 553.79; F.A.C. 62-330.051 (eff. 6/1/2018) and 18-21.005 (eff. 3/21/2019) via flrules.org / LII; Federal Register 2026-00121 (91 FR 768); PBC ERM Permitting and Regulation page. Corps row is conditional ('may qualify'); Jacksonville District regional conditions and any SPGP not checked.",FIX,"Second read 3 Oct 2026. Read 25-268 and full 27-2624 (Municode API, Supp. 24) and the checklist PDF. City content confirmed; added unpermitted-wall 50% rule. 25-268 property-line face rule vs. 27-2624 18-in. rule still coexists - newer section governs in practice. Shared layers rewritten (no NWP numbers)."
west-palm-beach,seawall-permit,Yes,building permit,"Yes. West Palm Beach's building code chapter recognizes the Florida Building Code, which governs repair as well as construction of structures. City shoreline rules allow hardening only where erosion threatens life and property and vegetation has failed, and a replacement bulkhead must include sloping riprap or permeable material with vegetation.","City :: The Florida Building Code governs the 'design, construction, erection, alteration, modification, repair, and demolition' of buildings and structures - Sec. 18-31 | Hardening :: Shoreline hardening structures may be used only if erosion is a threat to life and property and vegetation has failed to stabilize the shoreline - Sec. 94-378(b)(3) | Replacement design :: 'New shoreline hardening structures or replacement of any existing bulkheads shall consist of or include sloping structures of rip-rap or permeable materials combined with vegetation' - Sec. 94-378(b)(4) | Flood zone V :: Seawalls only if also authorized by the appropriate federal, state or local authority, with a design-professional analysis - Sec. 18-296(g) | State (FDEP) :: Restoring a seawall in place or up to 18 in. waterward can be exempt from an Environmental Resource Permit where it was damaged within the last year by a discrete event or needs only minimal backfilling, and any chapter 161 permits are obtained (s. 403.813(1)(e) F.S.; r. 62-330.051(12)(b) F.A.C.); batter piles, king piles or a cap used only to stabilize and repair a wall are also exempt (r. 62-330.051(12)(d)) | State-owned bottom :: Exempt work on sovereign submerged land still needs separate authorization under chs. 253 and 258 F.S., which the Board of Trustees grants by rule for many exempt activities (r. 62-330.051 intro; r. 18-21.005(1)(b) F.A.C.) | County :: Palm Beach County ERM's Permitting and Regulation page lists no seawall or shoreline permit program among its topics (PBC ERM Permitting and Regulation page) | Small-job exemption :: The state's under-$7,500 single-family permit exemption does not cover structural work or property in a flood hazard area (s. 553.79(1)(g)2. F.S.) | Federal :: A U.S. Army Corps of Engineers (Department of the Army) authorization is required for structures or work in or affecting navigable waters, unless exempt or covered by a nationwide or regional general permit - 33 CFR 322.3(a) (Rivers and Harbors Act s. 10)","City of West Palm Beach Code Ch. 18 Secs. 18-31, 18-296; Ch. 94 Sec. 94-378 (enCodePlus); s. 403.813(1)(e), 161.053, 553.79 F.S. (2026); r. 62-330.051, 18-21.005 F.A.C.; 33 CFR 322.3(a); PBC ERM Permitting and Regulation page",https://online.encodeplus.com/regs/westpalmbeach-fl/doc-viewer.aspx?secid=685,2026-10,verified,"[first pass, superseded where vet_note differs] No seawall-specific permit section or checklist. City FBC amendments text not read (minor-repair exemption UNCONFIRMED). enCodePlus copy undated; Municode Supp. 76 thru Ord. 5145-25. No CCCL row: no ocean frontage referenced in code. State/federal/county rows read 3 Oct 2026 from: Online Sunshine 2026 F.S. 403.813, 161.053, 553.79; F.A.C. 62-330.051 (eff. 6/1/2018) and 18-21.005 (eff. 3/21/2019) via flrules.org / LII; Federal Register 2026-00121 (91 FR 768); PBC ERM Permitting and Regulation page. Corps row is conditional ('may qualify'); Jacksonville District regional conditions and any SPGP not checked.",FIX,"Second read 3 Oct 2026. Read 18-31, 18-296 and 94-378 on enCodePlus. Removed the 'Development Services, Building Division / Universal Building Permit Application' issuer line - no official page read. Added 94-378(b)(3). Shared layers rewritten."
north-palm-beach,seawall-permit,Yes,permit + village engineer review,"Yes. North Palm Beach requires a permit for seawall work, with building, zoning and village engineer review; the engineer reviews every repair or reconstruction application, which needs a soil boring report. Repairs under 50% of replacement cost escape only the design rules, not the permit.","Village :: The village engineer reviews all seawall permits for structural integrity in addition to building and zoning review - Sec. 5-73(1); the engineer reviews 'all applications for bulkhead or seawall repair or reconstruction' - Sec. 5-70 | Application :: PE-sealed plans, an SPT soil boring report and profile by a geotechnical engineer at least 5 ft below the deepest wall component, cross section, ACI 318 Exposure Class C2 concrete, coated tie rods, and the FDEP-permit pollution control plan - Sec. 5-73(1) | Under 50% :: Repairs under 50% of replacement cost are exempt from the Sec. 5-72 design rules only - Sec. 5-72 | Cap height :: At least 4 ft NAVD88; at least 5 ft NAVD88 on the Intracoastal, Lake Worth or Atlantic in a flood zone with a BFE (Ord. 2026-02) - Sec. 5-72(3) | Waterward :: Reconstruction up to 18 in. waterside of the property line; beyond that needs a village council fill permit - Sec. 5-72(1) | Inspections :: 48-hour notice before the first structural support, backfill, cast-in-place pours and the final cap - Sec. 5-73(2) | Checklist :: Any repair over $1,000 needs a permit; seawall submittal is an owner-signed application and a boundary survey with a sealed engineer overlay showing waterward extensions (Permit Submittal Requirements Checklists page) | State (FDEP) :: Restoring a seawall in place or up to 18 in. waterward can be exempt from an Environmental Resource Permit where it was damaged within the last year by a discrete event or needs only minimal backfilling, and any chapter 161 permits are obtained (s. 403.813(1)(e) F.S.; r. 62-330.051(12)(b) F.A.C.); batter piles, king piles or a cap used only to stabilize and repair a wall are also exempt (r. 62-330.051(12)(d)) | State-owned bottom :: Exempt work on sovereign submerged land still needs separate authorization under chs. 253 and 258 F.S., which the Board of Trustees grants by rule for many exempt activities (r. 62-330.051 intro; r. 18-21.005(1)(b) F.A.C.) | County :: Palm Beach County ERM's Permitting and Regulation page lists no seawall or shoreline permit program among its topics (PBC ERM Permitting and Regulation page) | Ocean side :: Seaward of the Coastal Construction Control Line a wall needs a separate state coastal construction permit; the chapter 161 repair exemption expressly excludes seawalls (s. 161.053(2)(a), (11)(a) F.S.) | Small-job exemption :: The state's under-$7,500 single-family permit exemption does not cover structural work or property in a flood hazard area (s. 553.79(1)(g)2. F.S.) | Federal :: A U.S. Army Corps of Engineers (Department of the Army) authorization is required for structures or work in or affecting navigable waters, unless exempt or covered by a nationwide or regional general permit - 33 CFR 322.3(a) (Rivers and Harbors Act s. 10)","Village of North Palm Beach Code Ch. 5 Art. III Div. 3 Secs. 5-70 to 5-73 (Supp. 93); Permit Submittal Requirements Checklists; s. 403.813(1)(e), 161.053, 553.79 F.S. (2026); r. 62-330.051, 18-21.005 F.A.C.; 33 CFR 322.3(a); PBC ERM Permitting and Regulation page",https://library.municode.com/fl/north_palm_beach/codes/code_of_ordinances?nodeId=PTIICOOR_CH5BODOWA_ARTIIICORE_DIV3BUSE_S5-73PEIN,2026-10,verified,"[first pass, superseded where vet_note differs] Checklist page: https://www.village-npb.org/882/Permit-Submittal-Requirements-Checklists. Sec. 5-94 limits new erosion control structures to waters other than the Atlantic. Supp. 93 thru Ord. 2026-04. Coastal construction code cross-ref (Sec. 6-151) existence UNCONFIRMED. State/federal/county rows read 3 Oct 2026 from: Online Sunshine 2026 F.S. 403.813, 161.053, 553.79; F.A.C. 62-330.051 (eff. 6/1/2018) and 18-21.005 (eff. 3/21/2019) via flrules.org / LII; Federal Register 2026-00121 (91 FR 768); PBC ERM Permitting and Regulation page. Corps row is conditional ('may qualify'); Jacksonville District regional conditions and any SPGP not checked.",FIX,Second read 3 Oct 2026. Read Div. 3 (5-69 to 5-73) via Municode API and the village checklist page. All city claims confirmed; added cap-height tiers (Ord. 2026-02) and boring detail. Label fixed to Village. Shared layers rewritten.
palm-beach,seawall-permit,Yes,building permit (Marine Structure),"Yes. The Town of Palm Beach's building official issues bulkhead and seawall permits, and building permits carry a condition that all state and federal permits be obtained before work starts. Oceanfront walls must reach 14.34 ft NGVD, lower walls must be raised when the property is developed, and every seawall needs an engineer's recertification every 15 years.","Town :: Bulkhead permits 'shall be issued by the building official' - Secs. 62-39 (Atlantic), 62-76 (Lake Worth); the permit application lists 'MAR Marine Structure (includes seawall)' (Application for Construction Permit, rev. 20260722) | Other agencies :: Building and floodplain permits are conditioned on all state and federal permits before work starts - Sec. 50-72 | Lake Worth walls :: Top set by sound engineering and approved by the town engineer; plans by a licensed civil engineer - Sec. 62-75(d), (l) | Ocean walls :: Top not lower than 14.34 ft NGVD 1929 - Sec. 62-38(b)(3); existing lower walls raised in conjunction with any development - Sec. 66-177(c); up to 18 in. seaward of the existing bulkhead, further only by Town Council variance - Sec. 62-37 | Certification :: Engineer condition survey and plans when a new building or renovation over 50% of the primary structure's value is proposed; engineer recertification every 15 years - Sec. 62-77 | State (FDEP) :: Restoring a seawall in place or up to 18 in. waterward can be exempt from an Environmental Resource Permit where it was damaged within the last year by a discrete event or needs only minimal backfilling, and any chapter 161 permits are obtained (s. 403.813(1)(e) F.S.; r. 62-330.051(12)(b) F.A.C.); batter piles, king piles or a cap used only to stabilize and repair a wall are also exempt (r. 62-330.051(12)(d)) | State-owned bottom :: Exempt work on sovereign submerged land still needs separate authorization under chs. 253 and 258 F.S., which the Board of Trustees grants by rule for many exempt activities (r. 62-330.051 intro; r. 18-21.005(1)(b) F.A.C.) | County :: Palm Beach County ERM's Permitting and Regulation page lists no seawall or shoreline permit program among its topics (PBC ERM Permitting and Regulation page) | Ocean side :: Seaward of the Coastal Construction Control Line a wall needs a separate state coastal construction permit; the chapter 161 repair exemption expressly excludes seawalls (s. 161.053(2)(a), (11)(a) F.S.) | Small-job exemption :: The state's under-$7,500 single-family permit exemption does not cover structural work or property in a flood hazard area (s. 553.79(1)(g)2. F.S.) | Federal :: A U.S. Army Corps of Engineers (Department of the Army) authorization is required for structures or work in or affecting navigable waters, unless exempt or covered by a nationwide or regional general permit - 33 CFR 322.3(a) (Rivers and Harbors Act s. 10)","Town of Palm Beach Code Secs. 50-72, 62-37 to 62-39, 62-75 to 62-77, 66-177 (Supp. 30 Upd. 1); Application for Construction Permit; s. 403.813(1)(e), 161.053, 553.79 F.S. (2026); r. 62-330.051, 18-21.005 F.A.C.; 33 CFR 322.3(a); PBC ERM Permitting and Regulation page",https://library.municode.com/fl/palm_beach/codes/code_of_ordinances?nodeId=PTIICOOR_CH62MAST_ARTIIIBUPILAWO_S62-77MACEALBUSE,2026-10,verified,"[first pass, superseded where vet_note differs] Researcher also read a 15-year recertification in 62-77 and a $200 ocean bulkhead fee (62-38(b)(15)) - kept out of published fields pending re-read. Application PDF: https://www.townofpalmbeach.com/DocumentCenter/View/361/Application-for-Construction-Permit- (rev. 20260722); separate floodplain permit in AE/VE. 62-37 flagged as recently amended (ordinance not identified). Supp. 30 Upd. 1 thru Ord. 11-2026; 4 uncodified ordinances not read. ARCOM/Landmarks applicability UNCONFIRMED. State/federal/county rows read 3 Oct 2026 from: Online Sunshine 2026 F.S. 403.813, 161.053, 553.79; F.A.C. 62-330.051 (eff. 6/1/2018) and 18-21.005 (eff. 3/21/2019) via flrules.org / LII; Federal Register 2026-00121 (91 FR 768); PBC ERM Permitting and Regulation page. Corps row is conditional ('may qualify'); Jacksonville District regional conditions and any SPGP not checked.",FIX,"Second read 3 Oct 2026. Read 50-72, 62-37 to 62-39, 62-75 to 62-77, 66-177 (Municode API) and the application PDF. 15-year recertification confirmed and published. 62-37 amended by Ord. 10-2026 (variance under 134-201). Shared layers rewritten."
palm-beach-gardens,seawall-permit,Yes,building permit,"Yes. Palm Beach Gardens' local Florida Building Code amendments require a permit to construct, alter or repair a structure, and the under-$1,000 repair exemption applies only to work that does not affect structural integrity. The city Building Division's dock and seawall checklist calls for sealed plans, a survey and Army Corps approval.","City :: Permit required to 'construct, enlarge, alter, repair' a building or structure - Sec. 86-27 Exh. A s. 105.1 | Exemption :: Repair under $1,000 exempt only if it will not adversely affect structural integrity - Sec. 86-27 Exh. A s. 105.2; a permit lapses if work does not begin within six months - s. 105.4.1; single-family permits are to issue within 30 working days unless unusual circumstances apply - s. 105.3.4 | Checklist :: The Building Division's Decking/Docks & Seawalls checklist (commercial version) requires the Universal Municipal Permit Application, digitally signed and sealed plans, Army Corps approval and a property survey, with review by Building, Development Compliance and Engineering | Flood zone V :: Seawalls need other-agency authorization plus design-professional analysis - Sec. 86-137 | State (FDEP) :: Restoring a seawall in place or up to 18 in. waterward can be exempt from an Environmental Resource Permit where it was damaged within the last year by a discrete event or needs only minimal backfilling, and any chapter 161 permits are obtained (s. 403.813(1)(e) F.S.; r. 62-330.051(12)(b) F.A.C.); batter piles, king piles or a cap used only to stabilize and repair a wall are also exempt (r. 62-330.051(12)(d)) | State-owned bottom :: Exempt work on sovereign submerged land still needs separate authorization under chs. 253 and 258 F.S., which the Board of Trustees grants by rule for many exempt activities (r. 62-330.051 intro; r. 18-21.005(1)(b) F.A.C.) | County :: Palm Beach County ERM's Permitting and Regulation page lists no seawall or shoreline permit program among its topics (PBC ERM Permitting and Regulation page) | Small-job exemption :: The state's under-$7,500 single-family permit exemption does not cover structural work or property in a flood hazard area (s. 553.79(1)(g)2. F.S.) | Federal :: A U.S. Army Corps of Engineers (Department of the Army) authorization is required for structures or work in or affecting navigable waters, unless exempt or covered by a nationwide or regional general permit - 33 CFR 322.3(a) (Rivers and Harbors Act s. 10)","City of Palm Beach Gardens Code Sec. 86-27 Exh. A s. 105, Sec. 86-137 (Supp. 53); Decking/Docks & Seawalls checklist; s. 403.813(1)(e), 161.053, 553.79 F.S. (2026); r. 62-330.051, 18-21.005 F.A.C.; 33 CFR 322.3(a); PBC ERM Permitting and Regulation page",https://library.municode.com/fl/palm_beach_gardens/codes/code_of_ordinances?nodeId=SPBLADERE_CH86BUBURE_ARTIIST_EXSE86-27_S105PE,2026-10,verified,"[first pass, superseded where vet_note differs] No seawall-specific code section. City checklist 'Decking, Docks and Seawalls' (https://www.pbgfl.gov/DocumentCenter/View/23403) known only from search snippet (sealed plans, Army Corps approval, survey) - PDF did not load; residential version unconfirmed. Supp. 53 thru Ord. 14, 2025. No CCCL row: no ocean seawall rules in code. State/federal/county rows read 3 Oct 2026 from: Online Sunshine 2026 F.S. 403.813, 161.053, 553.79; F.A.C. 62-330.051 (eff. 6/1/2018) and 18-21.005 (eff. 3/21/2019) via flrules.org / LII; Federal Register 2026-00121 (91 FR 768); PBC ERM Permitting and Regulation page. Corps row is conditional ('may qualify'); Jacksonville District regional conditions and any SPGP not checked.",FIX,"Second read 3 Oct 2026. Read 86-27 Exh. A s. 105, 86-137 (Municode API) and checklist PDF (DocumentCenter/View/23403 - commercial version; a residential version was not found). Building Division name confirmed from the checklist header. Shared layers rewritten."
boynton-beach,seawall-permit,Yes,permit,"Yes. Boynton Beach's land development regulations say seawalls along access waterways must be installed under a city permit, with the water-side face not over the property line. No wall may extend into Lake Worth past the 1956 bulkhead line, and marine structures may not take up more than a quarter of the waterway.","City :: 'Seawalls, bulkheads, piers and docks installed along access waterways shall be installed under a permit issued by the Boynton Beach Development Department' - LDR Ch. 3 Art. V Sec. 3.O | Placement :: Water-side face not to encroach over the property line; no bulkhead or seawall extending into Lake Worth past the bulkhead line on the 1956 map (Ordinance No. 289); docks, seawalls and similar structures no more than one-quarter of the waterway width - Sec. 3.O | Fill :: Land filling within the mapped area needs a fill permit under City Commission direction, with fill at least 6 ft above mean sea level and compliance with state and Army Corps rules - Sec. 3.O | State (FDEP) :: Restoring a seawall in place or up to 18 in. waterward can be exempt from an Environmental Resource Permit where it was damaged within the last year by a discrete event or needs only minimal backfilling, and any chapter 161 permits are obtained (s. 403.813(1)(e) F.S.; r. 62-330.051(12)(b) F.A.C.); batter piles, king piles or a cap used only to stabilize and repair a wall are also exempt (r. 62-330.051(12)(d)) | State-owned bottom :: Exempt work on sovereign submerged land still needs separate authorization under chs. 253 and 258 F.S., which the Board of Trustees grants by rule for many exempt activities (r. 62-330.051 intro; r. 18-21.005(1)(b) F.A.C.) | County :: Palm Beach County ERM's Permitting and Regulation page lists no seawall or shoreline permit program among its topics (PBC ERM Permitting and Regulation page) | Ocean side :: Seaward of the Coastal Construction Control Line a wall needs a separate state coastal construction permit; the chapter 161 repair exemption expressly excludes seawalls (s. 161.053(2)(a), (11)(a) F.S.) | Small-job exemption :: The state's under-$7,500 single-family permit exemption does not cover structural work or property in a flood hazard area (s. 553.79(1)(g)2. F.S.) | Federal :: A U.S. Army Corps of Engineers (Department of the Army) authorization is required for structures or work in or affecting navigable waters, unless exempt or covered by a nationwide or regional general permit - 33 CFR 322.3(a) (Rivers and Harbors Act s. 10)","City of Boynton Beach Land Development Regulations Ch. 3 Art. V Sec. 3.O (Gridics CodeHUB); s. 403.813(1)(e), 161.053, 553.79 F.S. (2026); r. 62-330.051, 18-21.005 F.A.C.; 33 CFR 322.3(a); PBC ERM Permitting and Regulation page",https://codehub.gridics.com/us/fl/boynton-beach#/b52a8681-8ec5-4491-a61e-6975897761fa,2026-10,verified,"[first pass, superseded where vet_note differs] LDR read via Gridics (Municode links out), revision 9176, no codified-through date. UNCONFIRMED: which office issues today (code says 'Development Department'); 2023 local FBC amendments (DocumentCenter/View/1277) not opened. No seawall checklist, cap-elevation, 50% or maintenance rule found. State/federal/county rows read 3 Oct 2026 from: Online Sunshine 2026 F.S. 403.813, 161.053, 553.79; F.A.C. 62-330.051 (eff. 6/1/2018) and 18-21.005 (eff. 3/21/2019) via flrules.org / LII; Federal Register 2026-00121 (91 FR 768); PBC ERM Permitting and Regulation page. Corps row is conditional ('may qualify'); Jacksonville District regional conditions and any SPGP not checked.",FIX,Second read 3 Oct 2026. Read Sec. 3.O on Gridics. Removed the Ch. 4 Art. X Sec. 5.7 V-zone line - the text exists but its exact citation could not be confirmed. Which office issues the permit today (code still says 'Development Department') not confirmed - quoted as code text only. Shared layers rewritten.
highland-beach,seawall-permit,Yes,planning board approval + building permit,"Yes. In Highland Beach, building a seawall needs approval by the town's consulting engineer, all federal, state and county agencies, and the Planning Board, which decides seawall applications as special exceptions after a public hearing. Seawalls west of A1A must be at or above the FEMA base flood elevation, and owners of non-compliant walls can be refused other town permits.","Town :: No seawall 'erected or constructed' until plans are approved by all federal, state and county agencies with jurisdiction, the planning board and the town consulting engineer; reviewed as special exceptions - Sec. 6-128(a); plans go to the building department - Sec. 6-127(a) | Approving body :: The Planning Board is the final authority on seawall applications after a public hearing (Town Commission if part of an application it must approve); applications are filed with the building official - Sec. 30-36(a)-(d) | Elevation :: Seawalls west of A1A at or above FEMA base flood elevation; combined cap and dock width no more than 8 ft; riprap at the base on the Intracoastal and Atlantic at the town engineer's discretion - Sec. 6-128(b) | Upkeep :: Walls must be kept in good repair - Sec. 6-130; non-compliant owners can be refused permits for constructing, enlarging or repairing - Sec. 6-131 | Ocean wall :: 16 ft above mean sea level, engineer drawings approved by the town engineer, and state and county approval before a building permit - Sec. 6-127(d)(4) | State (FDEP) :: Restoring a seawall in place or up to 18 in. waterward can be exempt from an Environmental Resource Permit where it was damaged within the last year by a discrete event or needs only minimal backfilling, and any chapter 161 permits are obtained (s. 403.813(1)(e) F.S.; r. 62-330.051(12)(b) F.A.C.); batter piles, king piles or a cap used only to stabilize and repair a wall are also exempt (r. 62-330.051(12)(d)) | State-owned bottom :: Exempt work on sovereign submerged land still needs separate authorization under chs. 253 and 258 F.S., which the Board of Trustees grants by rule for many exempt activities (r. 62-330.051 intro; r. 18-21.005(1)(b) F.A.C.) | County :: Palm Beach County ERM's Permitting and Regulation page lists no seawall or shoreline permit program among its topics (PBC ERM Permitting and Regulation page) | Ocean side :: Seaward of the Coastal Construction Control Line a wall needs a separate state coastal construction permit; the chapter 161 repair exemption expressly excludes seawalls (s. 161.053(2)(a), (11)(a) F.S.) | Small-job exemption :: The state's under-$7,500 single-family permit exemption does not cover structural work or property in a flood hazard area (s. 553.79(1)(g)2. F.S.) | Federal :: A U.S. Army Corps of Engineers (Department of the Army) authorization is required for structures or work in or affecting navigable waters, unless exempt or covered by a nationwide or regional general permit - 33 CFR 322.3(a) (Rivers and Harbors Act s. 10)","Town of Highland Beach Code Ch. 6 Art. V Secs. 6-127 to 6-131; Sec. 30-36 (Supp. 24); s. 403.813(1)(e), 161.053, 553.79 F.S. (2026); r. 62-330.051, 18-21.005 F.A.C.; 33 CFR 322.3(a); PBC ERM Permitting and Regulation page",https://library.municode.com/fl/highland_beach/codes/code_of_ordinances?nodeId=PTIICOOR_CH6BUST_ARTVSEBUREWA,2026-10,verified,"[first pass, superseded where vet_note differs] UNCONFIRMED: whether a like-for-like repair needs the special exception or only a building permit (code says 'erected or constructed'). Packet fee read as $2,500 - kept out of published field. Sec. 30-83(c)(1) lists USACE, FDEP and Palm Beach County approvals 'as applicable' for non-ocean walls. Supp. 24 thru Ord. 2026-001. Highland Beach also issues Gulf Stream's building permits. State/federal/county rows read 3 Oct 2026 from: Online Sunshine 2026 F.S. 403.813, 161.053, 553.79; F.A.C. 62-330.051 (eff. 6/1/2018) and 18-21.005 (eff. 3/21/2019) via flrules.org / LII; Federal Register 2026-00121 (91 FR 768); PBC ERM Permitting and Regulation page. Corps row is conditional ('may qualify'); Jacksonville District regional conditions and any SPGP not checked.",FIX,"Second read 3 Oct 2026. Read 6-26, 6-126 to 6-132 and 30-36 (Municode API). Removed Development Order packet line (not read). Whether a like-for-like repair needs the special exception or only a building permit is still not stated in code - qualifier now says 'building a seawall'."
ocean-ridge,seawall-permit,Yes,building permit,"Yes. Ocean Ridge requires a town building permit for seawalls, issued once all other agencies' permits are in hand. A substantial repair (over half the shoreline or of engineer-certified replacement cost) must bring the top to at least 5 ft NAVD88, and so must an existing wall when the house is substantially improved or damaged.","Town :: Seawalls 'shall require a building permit' - Sec. 64-77(g); new, substantially repaired or rehabilitated walls are built under a town building permit once all other agencies' permits are acquired - Sec. 64-82(d) | Substantial repair :: Modification along more than 50% of the shoreline, or over 50% of engineer-certified fair market replacement cost; docks and piles are not counted - Sec. 64-82(c)(5) | Minimum height :: Top including cap at least 5 ft NAVD88 - Sec. 64-82(a)(1); an existing wall must also comply when the principal house is substantially damaged or improved - Sec. 64-82(b); not applied to Atlantic Ocean frontage - Sec. 64-82(f) | Waterward :: A substantially repaired wall may project up to 18 in. waterward of the property line, no further; cap no wider than 2 ft - Sec. 64-82(a)(3)a., (a)(4) | Upkeep :: A wall that lets tidal water flow through is presumed in disrepair, a citable violation - Sec. 64-82(e) (Ord. 2025-03) | State (FDEP) :: Restoring a seawall in place or up to 18 in. waterward can be exempt from an Environmental Resource Permit where it was damaged within the last year by a discrete event or needs only minimal backfilling, and any chapter 161 permits are obtained (s. 403.813(1)(e) F.S.; r. 62-330.051(12)(b) F.A.C.); batter piles, king piles or a cap used only to stabilize and repair a wall are also exempt (r. 62-330.051(12)(d)) | State-owned bottom :: Exempt work on sovereign submerged land still needs separate authorization under chs. 253 and 258 F.S., which the Board of Trustees grants by rule for many exempt activities (r. 62-330.051 intro; r. 18-21.005(1)(b) F.A.C.) | County :: Palm Beach County ERM's Permitting and Regulation page lists no seawall or shoreline permit program among its topics (PBC ERM Permitting and Regulation page) | Ocean side :: Seaward of the Coastal Construction Control Line a wall needs a separate state coastal construction permit; the chapter 161 repair exemption expressly excludes seawalls (s. 161.053(2)(a), (11)(a) F.S.) | Small-job exemption :: The state's under-$7,500 single-family permit exemption does not cover structural work or property in a flood hazard area (s. 553.79(1)(g)2. F.S.) | Federal :: A U.S. Army Corps of Engineers (Department of the Army) authorization is required for structures or work in or affecting navigable waters, unless exempt or covered by a nationwide or regional general permit - 33 CFR 322.3(a) (Rivers and Harbors Act s. 10)","Town of Ocean Ridge Code Ch. 64 Secs. 64-77, 64-82 (Supp. 15); s. 403.813(1)(e), 161.053, 553.79 F.S. (2026); r. 62-330.051, 18-21.005 F.A.C.; 33 CFR 322.3(a); PBC ERM Permitting and Regulation page",https://library.municode.com/fl/ocean_ridge/codes/code_of_ordinances?nodeId=SPBLADECO_CH64ZO_ARTIVMADOBU_S64-82MIDERESESEMA,2026-10,verified,"[first pass, superseded where vet_note differs] 64-82(d) and 64-77(g) quotes re-verified by parent via Municode search API. UNCONFIRMED: issuing department name (no official town permit page found); 64-82(c)(5)c and 67-71 text not read. Supp. 15 thru Ord. 2025-07. State/federal/county rows read 3 Oct 2026 from: Online Sunshine 2026 F.S. 403.813, 161.053, 553.79; F.A.C. 62-330.051 (eff. 6/1/2018) and 18-21.005 (eff. 3/21/2019) via flrules.org / LII; Federal Register 2026-00121 (91 FR 768); PBC ERM Permitting and Regulation page. Corps row is conditional ('may qualify'); Jacksonville District regional conditions and any SPGP not checked.",FIX,"Second read 3 Oct 2026. Read full 64-82 and 64-77(g) (Municode API). Removed Sec. 64-117(4) line - 64-117 governs subdivision waterfront land, not seawall permits. Added 64-82(b) house-improvement trigger and cap width. Issuing department name still not confirmed - not published."
gulf-stream,seawall-permit,Yes,commission approval + building permit,"Yes. Gulf Stream's Town Commission approves all construction plans for seawalls, and every applicable regulatory agency must approve in writing first. Building permits are issued by Highland Beach under an interlocal agreement, after Gulf Stream's zoning sign-off, and the code requires Intracoastal-fronting owners to keep their seawalls structurally maintained.","Town :: 'All construction plans for seawalls or alternative shoreline protection methods shall be approved by the town commission'; no construction without prior written approval of all applicable regulatory agencies - Sec. 52-27 | Permit office :: Under an interlocal agreement the Town of Highland Beach issues building permits through its MGO portal; Gulf Stream keeps zoning authority, and its zoning requirements and fees must be met first (Gulf Stream Permits page) | Duty :: Owners on the Intracoastal or other tidal water must build seawalls or engineered alternatives along the entire exposed frontage and maintain them at their own expense; ocean frontage excluded - Sec. 52-26 | Height cap :: New or replacement seawall on Intracoastal-connected water no higher than 8 ft NGVD or its NAVD equivalent - Sec. 70-78 | During work :: Turbidity screens enclosing the site, kept 24 hours after work stops - Sec. 52-28 | State (FDEP) :: Restoring a seawall in place or up to 18 in. waterward can be exempt from an Environmental Resource Permit where it was damaged within the last year by a discrete event or needs only minimal backfilling, and any chapter 161 permits are obtained (s. 403.813(1)(e) F.S.; r. 62-330.051(12)(b) F.A.C.); batter piles, king piles or a cap used only to stabilize and repair a wall are also exempt (r. 62-330.051(12)(d)) | State-owned bottom :: Exempt work on sovereign submerged land still needs separate authorization under chs. 253 and 258 F.S., which the Board of Trustees grants by rule for many exempt activities (r. 62-330.051 intro; r. 18-21.005(1)(b) F.A.C.) | County :: Palm Beach County ERM's Permitting and Regulation page lists no seawall or shoreline permit program among its topics (PBC ERM Permitting and Regulation page) | Ocean side :: Seaward of the Coastal Construction Control Line a wall needs a separate state coastal construction permit; the chapter 161 repair exemption expressly excludes seawalls (s. 161.053(2)(a), (11)(a) F.S.) | Small-job exemption :: The state's under-$7,500 single-family permit exemption does not cover structural work or property in a flood hazard area (s. 553.79(1)(g)2. F.S.) | Federal :: A U.S. Army Corps of Engineers (Department of the Army) authorization is required for structures or work in or affecting navigable waters, unless exempt or covered by a nationwide or regional general permit - 33 CFR 322.3(a) (Rivers and Harbors Act s. 10)","Town of Gulf Stream Code Secs. 52-26 to 52-28, 70-78 (Supp. 4); Town Permits page; s. 403.813(1)(e), 161.053, 553.79 F.S. (2026); r. 62-330.051, 18-21.005 F.A.C.; 33 CFR 322.3(a); PBC ERM Permitting and Regulation page",https://library.municode.com/fl/gulf_stream/codes/code_of_ordinances?nodeId=PTIICOOR_CH52MAFASTPL_ARTIISEBUET_S52-27APCOPL,2026-10,verified,"[first pass, superseded where vet_note differs] UNCONFIRMED: whether 52-27 commission approval applies to repair vs new construction ('construction plans'). Interlocal: permits via Highland Beach MGO portal (https://www.gulf-stream.org/permits/). Sec. 42-26 adopts FBC with Highland Beach amendments. No seawall checklist found. Municode Supp. 4 (posted 9/15/2025), no codified-through banner. State/federal/county rows read 3 Oct 2026 from: Online Sunshine 2026 F.S. 403.813, 161.053, 553.79; F.A.C. 62-330.051 (eff. 6/1/2018) and 18-21.005 (eff. 3/21/2019) via flrules.org / LII; Federal Register 2026-00121 (91 FR 768); PBC ERM Permitting and Regulation page. Corps row is conditional ('may qualify'); Jacksonville District regional conditions and any SPGP not checked.",FIX,"Second read 3 Oct 2026. Read 52-26 to 52-28, 70-78 (Municode API) and gulf-stream.org/permits. Removed Sec. 22-31(20) nuisance line (not re-read). Whether 52-27 commission approval applies to like-for-like repair is not stated - qualifier says 'construction plans'."
manalapan,seawall-permit,Yes,building permit,"Yes. Manalapan's Building Department must issue a permit before a seawall is built on the ocean or the Intracoastal, and only after town, county, state and federal rules are met; a separate building-code permit is also required. Its checklist asks for sealed plans, a cost estimate and DEP approval.","Town :: No sea wall built 'unless and until a permit for such construction shall first be obtained from the Building Department' - Sec. 155.60; a separate building-code permit is also needed - Sec. 155.63; coastal structures are 'constructed, maintained and repaired' to applicable codes - Sec. 155.64(A) | Before issue :: Permit issued when town, county, state and federal regulations are met - Sec. 155.62; the application states whether those permits are granted and includes engineering drawings - Sec. 155.61 | Checklist :: Applications on the MGO platform with signed and sealed plans, DEP approval, a current survey and a contractor cost estimate (Dock/Seawall/Boat Lift Checklist, rev. 01/2025) | Lines :: Seawall construction east of the ocean seawall line prohibited - Sec. 155.45; a different line needs Town Commission approval, and the owner seeking it pays to connect to the neighboring wall - Sec. 155.46; framing designed for Florida Building Code Chapter 16 wind loads (checklist) | Upkeep :: Keep in good repair and impervious to sand - Sec. 155.64(A) | State (FDEP) :: Restoring a seawall in place or up to 18 in. waterward can be exempt from an Environmental Resource Permit where it was damaged within the last year by a discrete event or needs only minimal backfilling, and any chapter 161 permits are obtained (s. 403.813(1)(e) F.S.; r. 62-330.051(12)(b) F.A.C.); batter piles, king piles or a cap used only to stabilize and repair a wall are also exempt (r. 62-330.051(12)(d)) | State-owned bottom :: Exempt work on sovereign submerged land still needs separate authorization under chs. 253 and 258 F.S., which the Board of Trustees grants by rule for many exempt activities (r. 62-330.051 intro; r. 18-21.005(1)(b) F.A.C.) | County :: Palm Beach County ERM's Permitting and Regulation page lists no seawall or shoreline permit program among its topics (PBC ERM Permitting and Regulation page) | Ocean side :: Seaward of the Coastal Construction Control Line a wall needs a separate state coastal construction permit; the chapter 161 repair exemption expressly excludes seawalls (s. 161.053(2)(a), (11)(a) F.S.) | Small-job exemption :: The state's under-$7,500 single-family permit exemption does not cover structural work or property in a flood hazard area (s. 553.79(1)(g)2. F.S.) | Federal :: A U.S. Army Corps of Engineers (Department of the Army) authorization is required for structures or work in or affecting navigable waters, unless exempt or covered by a nationwide or regional general permit - 33 CFR 322.3(a) (Rivers and Harbors Act s. 10)","Town of Manalapan Code Title XV Ch. 155 Secs. 155.45-155.64 (Supp. 9); Dock/Seawall/Boat Lift Checklist; s. 403.813(1)(e), 161.053, 553.79 F.S. (2026); r. 62-330.051, 18-21.005 F.A.C.; 33 CFR 322.3(a); PBC ERM Permitting and Regulation page",https://library.municode.com/fl/manalapan/codes/code_of_ordinances?nodeId=TITXVLAUS_CH155BEWA_COASTAL_STRUCTURES_S155.60PERE,2026-10,verified,"[first pass, superseded where vet_note differs] Checklist URL: https://manalapan.org/wp-content/uploads/2025/08/Dock-Seawall-Boat-Lift-Application.pdf. UNCONFIRMED: whether ARCOM applies to seawalls. Supp. 9 thru Ord. 395. No cap-elevation or 50% rule. State/federal/county rows read 3 Oct 2026 from: Online Sunshine 2026 F.S. 403.813, 161.053, 553.79; F.A.C. 62-330.051 (eff. 6/1/2018) and 18-21.005 (eff. 3/21/2019) via flrules.org / LII; Federal Register 2026-00121 (91 FR 768); PBC ERM Permitting and Regulation page. Corps row is conditional ('may qualify'); Jacksonville District regional conditions and any SPGP not checked.",FIX,Second read 3 Oct 2026. Read 155.45 to 155.49 and 155.60 to 155.64 (Municode API) and checklist PDF. Added 155.63 second permit and MGO. ARCOM applicability still unconfirmed - not published.
tequesta,seawall-permit,Yes,building permit,Yes. Tequesta's Building Department reviews every seawall permit and requires plans sealed by a Florida engineer and 48-hour notice before key inspections. A new or replaced wall must be fully faced with riprap or mangroves unless the lot is on the exemption map.,"Village :: The building department reviews all seawall permits for structural integrity; applications include plans sealed by a Florida PE, a wall cross section, ACI 318 Exposure Class C2 concrete and the FDEP pollution control plan - Sec. 76-37(1) | Inspections :: 48-hour notice before the first king pile or sheet, backfilling, cast-in-place pours and the final cap, plus engineer pile-driving certifications - Sec. 76-37(2) | Under 50% :: Repairs under 50% of replacement cost are exempt from the Sec. 76-33 design rules only, measured against the community development director's per-foot cost list - Sec. 76-33, 76-33(7) | Minimum height :: Cap at least 4 ft NAVD88 - Sec. 76-33(3) | Riprap :: New or replaced walls 100% faced with riprap or mangroves; at least 10% of the shoreline in established mangroves within two years - Sec. 76-34 | Checklist :: Application, boundary survey and a wet-sealed engineer survey overlay at 1/8-inch scale or larger (Seawall Permit Submittal Requirements) | Neighbors :: A cap raised above the adjoining lot needs a matching return wall and a drainage plan showing no sheet flow onto the waterway or neighbors, finished at least to painted stucco where visible - Sec. 76-33(4), (5) | State (FDEP) :: Restoring a seawall in place or up to 18 in. waterward can be exempt from an Environmental Resource Permit where it was damaged within the last year by a discrete event or needs only minimal backfilling, and any chapter 161 permits are obtained (s. 403.813(1)(e) F.S.; r. 62-330.051(12)(b) F.A.C.); batter piles, king piles or a cap used only to stabilize and repair a wall are also exempt (r. 62-330.051(12)(d)) | State-owned bottom :: Exempt work on sovereign submerged land still needs separate authorization under chs. 253 and 258 F.S., which the Board of Trustees grants by rule for many exempt activities (r. 62-330.051 intro; r. 18-21.005(1)(b) F.A.C.) | County :: Palm Beach County ERM's Permitting and Regulation page lists no seawall or shoreline permit program among its topics (PBC ERM Permitting and Regulation page) | Small-job exemption :: The state's under-$7,500 single-family permit exemption does not cover structural work or property in a flood hazard area (s. 553.79(1)(g)2. F.S.) | Federal :: A U.S. Army Corps of Engineers (Department of the Army) authorization is required for structures or work in or affecting navigable waters, unless exempt or covered by a nationwide or regional general permit - 33 CFR 322.3(a) (Rivers and Harbors Act s. 10)","Village of Tequesta Code Ch. 76 Art. IV Secs. 76-33, 76-34, 76-37 (Supp. 41); Seawall Permit Submittal Requirements; s. 403.813(1)(e), 161.053, 553.79 F.S. (2026); r. 62-330.051, 18-21.005 F.A.C.; 33 CFR 322.3(a); PBC ERM Permitting and Regulation page",https://library.municode.com/fl/tequesta/codes/code_of_ordinances?nodeId=PTIICOOR_CH76WACO_ARTIVBUSE_S76-37PEIN,2026-10,verified,"[first pass, superseded where vet_note differs] Checklist: https://www.tequesta.org/DocumentCenter/View/13004/Seawall-Permit-Submittal-Requirements---ADA. Sec. 76-34 per Ord. 8-24 (11/14/2024). Sec. 14-32 lets the building official approve ordinary minor repairs without a permit, excluding structural work - not published. Supp. 41 thru Ord. 08-26. No CCCL row: no ocean seawall provisions. State/federal/county rows read 3 Oct 2026 from: Online Sunshine 2026 F.S. 403.813, 161.053, 553.79; F.A.C. 62-330.051 (eff. 6/1/2018) and 18-21.005 (eff. 3/21/2019) via flrules.org / LII; Federal Register 2026-00121 (91 FR 768); PBC ERM Permitting and Regulation page. Corps row is conditional ('may qualify'); Jacksonville District regional conditions and any SPGP not checked.",FIX,"Second read 3 Oct 2026. Read Art. IV (76-32 to 76-37) via Municode API and checklist PDF. Added inspection triggers, cost-list rule, mangrove target. Label fixed to Village. Shared layers rewritten."
juno-beach,seawall-permit,Yes,building / floodplain permit,"Yes. Juno Beach has no seawall-specific permit section, but it adopts the Florida Building Code, which requires a permit to repair a structure, and requires floodplain permits for development in flood hazard areas. The town Building Department handles all permitting through the MGOConnect portal, and no wall may be built east of the Coastal Construction Control Line.","Town :: Florida Building Code adopted as the town building code - Sec. 6-23; development in a flood hazard area needs permits from the floodplain administrator and building official - Sec. 7-4(a) | Issuer :: Building Department, 'responsible for all permitting efforts in the Town', with permits searched and filed through MGOConnect (town Building page) | Ocean :: No wall or structure east of the CCCL except dune walkovers and viewing platforms under 144 sq ft, and no soil, sand, rock or vegetation may be disturbed there except for dune restoration and limited trimming - Sec. 34-1124 | State exemption note :: The town's Building page says the state's under-$7,500 residential exemption, effective 1 Jul 2026, is not automatic and has limits | State (FDEP) :: Restoring a seawall in place or up to 18 in. waterward can be exempt from an Environmental Resource Permit where it was damaged within the last year by a discrete event or needs only minimal backfilling, and any chapter 161 permits are obtained (s. 403.813(1)(e) F.S.; r. 62-330.051(12)(b) F.A.C.); batter piles, king piles or a cap used only to stabilize and repair a wall are also exempt (r. 62-330.051(12)(d)) | State-owned bottom :: Exempt work on sovereign submerged land still needs separate authorization under chs. 253 and 258 F.S., which the Board of Trustees grants by rule for many exempt activities (r. 62-330.051 intro; r. 18-21.005(1)(b) F.A.C.) | County :: Palm Beach County ERM's Permitting and Regulation page lists no seawall or shoreline permit program among its topics (PBC ERM Permitting and Regulation page) | Ocean side :: Seaward of the Coastal Construction Control Line a wall needs a separate state coastal construction permit; the chapter 161 repair exemption expressly excludes seawalls (s. 161.053(2)(a), (11)(a) F.S.) | Small-job exemption :: The state's under-$7,500 single-family permit exemption does not cover structural work or property in a flood hazard area (s. 553.79(1)(g)2. F.S.) | Federal :: A U.S. Army Corps of Engineers (Department of the Army) authorization is required for structures or work in or affecting navigable waters, unless exempt or covered by a nationwide or regional general permit - 33 CFR 322.3(a) (Rivers and Harbors Act s. 10)","Town of Juno Beach Code Secs. 6-23, 7-4, 34-1124 (Supp. 34); town Building page; s. 403.813(1)(e), 161.053, 553.79 F.S. (2026); r. 62-330.051, 18-21.005 F.A.C.; 33 CFR 322.3(a); PBC ERM Permitting and Regulation page",https://library.municode.com/fl/juno_beach/codes/code_of_ordinances?nodeId=PTIICOOR_CH7FLRE_ARTIAD_S7-4PE,2026-10,verified,"[first pass, superseded where vet_note differs] Weakest row: researcher rated the town layer 'unclear' - no code section names seawall permits; 'Yes' rests on FBC adoption + floodplain development permit (7-4 applies only in flood hazard areas). Sec. 6-24 amendments read only to 105.4.1.5. Municode Supp. 34 thru Ord. 788 (June 2024), last online update Feb 2025 - may be stale. Town page: https://www.juno-beach.fl.us/1226/Building (also notes the 2026 state under-$7,500 exemption). State/federal/county rows read 3 Oct 2026 from: Online Sunshine 2026 F.S. 403.813, 161.053, 553.79; F.A.C. 62-330.051 (eff. 6/1/2018) and 18-21.005 (eff. 3/21/2019) via flrules.org / LII; Federal Register 2026-00121 (91 FR 768); PBC ERM Permitting and Regulation page. Corps row is conditional ('may qualify'); Jacksonville District regional conditions and any SPGP not checked.",FIX,"Second read 3 Oct 2026. Read 6-23, 7-4, 34-1124 (Municode API) and town Building page. 'Yes' rests on FBC adoption (6-23) plus FBC 105.1; removed 7-27 V-zone line (not re-read). Municode Supp. 34 thru Ord. 788 (2024) may lag later ordinances."
riviera-beach,seawall-permit,Yes,building permit,"Yes. Riviera Beach incorporates the Florida Building Code, plus city amendments recommended by the county advisory board, as its building code, so seawall repair needs a building permit. Since 1963 no fill may be placed channel-ward of the city's Lake Worth bulkhead lines.","City :: Florida Building Code incorporated as the city's building code, with the 'Riviera Beach Amendments to the Florida Building Code 7th Edition (2020)', as recommended by the Palm Beach County Building Code Advisory Board, kept on file at the building division - Sec. 22-31 | Bulkhead lines :: Since 27 Feb 1963 no fill or extension of land channel-ward of the bulkhead lines in Lake Worth - Secs. 22-61, 22-63; the line west of the Intracoastal runs from U.S. harbor line point no. 71 (approved 1926) north toward Blue Heron Boulevard - Sec. 22-61(a) | Docks :: Dock permits need PE-sealed plans showing the top-of-seawall elevation plus written DEP or SFWMD and Army Corps authorization (a DEP self-certification printout can suffice) - Sec. 31-557(f)(2) | State (FDEP) :: Restoring a seawall in place or up to 18 in. waterward can be exempt from an Environmental Resource Permit where it was damaged within the last year by a discrete event or needs only minimal backfilling, and any chapter 161 permits are obtained (s. 403.813(1)(e) F.S.; r. 62-330.051(12)(b) F.A.C.); batter piles, king piles or a cap used only to stabilize and repair a wall are also exempt (r. 62-330.051(12)(d)) | State-owned bottom :: Exempt work on sovereign submerged land still needs separate authorization under chs. 253 and 258 F.S., which the Board of Trustees grants by rule for many exempt activities (r. 62-330.051 intro; r. 18-21.005(1)(b) F.A.C.) | County :: Palm Beach County ERM's Permitting and Regulation page lists no seawall or shoreline permit program among its topics (PBC ERM Permitting and Regulation page) | Ocean side :: Seaward of the Coastal Construction Control Line a wall needs a separate state coastal construction permit; the chapter 161 repair exemption expressly excludes seawalls (s. 161.053(2)(a), (11)(a) F.S.) | Small-job exemption :: The state's under-$7,500 single-family permit exemption does not cover structural work or property in a flood hazard area (s. 553.79(1)(g)2. F.S.) | Federal :: A U.S. Army Corps of Engineers (Department of the Army) authorization is required for structures or work in or affecting navigable waters, unless exempt or covered by a nationwide or regional general permit - 33 CFR 322.3(a) (Rivers and Harbors Act s. 10)","City of Riviera Beach Code Ch. 22 Secs. 22-31, 22-61, 22-63; Sec. 31-557 (Supp. 65); s. 403.813(1)(e), 161.053, 553.79 F.S. (2026); r. 62-330.051, 18-21.005 F.A.C.; 33 CFR 322.3(a); PBC ERM Permitting and Regulation page",https://library.municode.com/fl/riviera_beach/codes/code_of_ordinances?nodeId=PTIICOOR_CH22BUBURE,2026-10,verified,"[first pass, superseded where vet_note differs] Local FBC Ch. 1 amendments repealed 2021, so the permit rule is state FBC 105.1 (not quoted here). Sec. 31-557(f)(1)b no-permit rule for nonstructural repairs covers docks/related marine facilities, which are not defined to include seawalls. Municode client 4094 (11473 stale). Supp. 65 thru Ord. 4298. City page: https://www.rivierabch.com/government/development/codes. State/federal/county rows read 3 Oct 2026 from: Online Sunshine 2026 F.S. 403.813, 161.053, 553.79; F.A.C. 62-330.051 (eff. 6/1/2018) and 18-21.005 (eff. 3/21/2019) via flrules.org / LII; Federal Register 2026-00121 (91 FR 768); PBC ERM Permitting and Regulation page. Corps row is conditional ('may qualify'); Jacksonville District regional conditions and any SPGP not checked.",FIX,"Second read 3 Oct 2026. Read 22-31, 22-61 to 22-68, 31-557 (Municode API). Correction: 22-31(b) still adopts Riviera Beach FBC amendments (Ord. 4162, 2021) - prior note said repealed. Removed 'Development Services, Building & Permits' issuer page (not read). Dock rule labeled as docks only."
lantana,seawall-permit,Yes,building permit,"Yes. Lantana's Building Division lists seawalls and structural repairs among projects that need a permit. Its checklist asks for engineer drawings, two copies of the DEP permit or self-certification, and a survey showing the seawall's location, depth and distance from the existing wall; fees are cash or check only.","Town :: Permit list includes 'Docks, boatlifts, seawalls, and other water-related development' and 'Structural repairs' (Building Permits page); Florida Building Code as adopted by Palm Beach County incorporated - Sec. 6-16 | Issuer :: Building Division of the Development Services Department; two paper copies plus a digital copy, cash or check only (Building Permits page) | Checklist :: Florida-registered engineer drawings; two copies of the DEP permit or self-certification; for seawalls, location, depth and distance from the existing seawall; a Notice of Commencement before inspection for permits over $2,500; dock rules in Sec. 23-134; no dredging for new docks, maintenance dredging allowed (Piers, Docks & Seawalls Checklist); applicants wanting expedited review under Chapter 553 must say so when they apply (Building Permits page) | Bulkhead line :: No building may be constructed or maintained beyond the bulkhead line - Sec. 5-52 | State (FDEP) :: Restoring a seawall in place or up to 18 in. waterward can be exempt from an Environmental Resource Permit where it was damaged within the last year by a discrete event or needs only minimal backfilling, and any chapter 161 permits are obtained (s. 403.813(1)(e) F.S.; r. 62-330.051(12)(b) F.A.C.); batter piles, king piles or a cap used only to stabilize and repair a wall are also exempt (r. 62-330.051(12)(d)) | State-owned bottom :: Exempt work on sovereign submerged land still needs separate authorization under chs. 253 and 258 F.S., which the Board of Trustees grants by rule for many exempt activities (r. 62-330.051 intro; r. 18-21.005(1)(b) F.A.C.) | County :: Palm Beach County ERM's Permitting and Regulation page lists no seawall or shoreline permit program among its topics (PBC ERM Permitting and Regulation page) | Ocean side :: Seaward of the Coastal Construction Control Line a wall needs a separate state coastal construction permit; the chapter 161 repair exemption expressly excludes seawalls (s. 161.053(2)(a), (11)(a) F.S.) | Small-job exemption :: The state's under-$7,500 single-family permit exemption does not cover structural work or property in a flood hazard area (s. 553.79(1)(g)2. F.S.) | Federal :: A U.S. Army Corps of Engineers (Department of the Army) authorization is required for structures or work in or affecting navigable waters, unless exempt or covered by a nationwide or regional general permit - 33 CFR 322.3(a) (Rivers and Harbors Act s. 10)","Town of Lantana Building Permits page; Piers, Docks & Seawalls Checklist; Code Secs. 5-52, 6-16 (Supp. 75); s. 403.813(1)(e), 161.053, 553.79 F.S. (2026); r. 62-330.051, 18-21.005 F.A.C.; 33 CFR 322.3(a); PBC ERM Permitting and Regulation page",https://www.lantana.org/158/Building-Permits,2026-10,verified,"[first pass, superseded where vet_note differs] Checklist: https://lantana.org/166/Piers-Docks-Seawalls-Checklist. No seawall section in code; permit duty sourced to the town page plus FBC adoption. Supp. 75 thru Ord. O-02-2026. CCCL row kept because Sec. 6-101 references CCCL 'if applicable' - confirm whether any Lantana seawall lies seaward of the CCCL. State/federal/county rows read 3 Oct 2026 from: Online Sunshine 2026 F.S. 403.813, 161.053, 553.79; F.A.C. 62-330.051 (eff. 6/1/2018) and 18-21.005 (eff. 3/21/2019) via flrules.org / LII; Federal Register 2026-00121 (91 FR 768); PBC ERM Permitting and Regulation page. Corps row is conditional ('may qualify'); Jacksonville District regional conditions and any SPGP not checked.",FIX,"Second read 3 Oct 2026. Read 5-52, 6-16 (Municode API), Building Permits page and checklist page. 5-52 does not mention Lake Worth - wording corrected. CCCL row kept: whether any Lantana seawall lies seaward of the CCCL not confirmed."
south-palm-beach,seawall-permit,Yes,"building permit, engineer-sealed","Yes. South Palm Beach requires a permit to build bulkheads or seawalls, with plans sealed by a Florida engineer who also certifies Army Corps and state DEP compliance. The building code administrator must be on site at the first king pile or sheet, and no tieback may be anchored to a building.","Town :: 'A permit to construct bulkheads or seawalls is required' - Sec. 26-835(a); a permit is needed to 'construct or alter any building or structure' - Sec. 10-61 | Plans :: Submitted and sealed by a Florida-registered engineer - Sec. 26-835(c); engineer certifies compliance with Army Corps and state DEP requirements; no tieback anchored to any building - Sec. 26-835(d) | Cap :: Match neighboring seawall caps insofar as possible - Sec. 26-835(d) | Inspections :: Building code administrator present at the first king pile or sheet and inspects before backfilling anchors, pours and the final cap; manufacturer certifications for all materials - Sec. 26-835(e) | Fee :: Set by the town's building permit fee schedule and payable when the application is submitted - Sec. 26-835(b); the division applies to all bulkheads and seawalls in the incorporated area - Sec. 26-834 | State (FDEP) :: Restoring a seawall in place or up to 18 in. waterward can be exempt from an Environmental Resource Permit where it was damaged within the last year by a discrete event or needs only minimal backfilling, and any chapter 161 permits are obtained (s. 403.813(1)(e) F.S.; r. 62-330.051(12)(b) F.A.C.); batter piles, king piles or a cap used only to stabilize and repair a wall are also exempt (r. 62-330.051(12)(d)) | State-owned bottom :: Exempt work on sovereign submerged land still needs separate authorization under chs. 253 and 258 F.S., which the Board of Trustees grants by rule for many exempt activities (r. 62-330.051 intro; r. 18-21.005(1)(b) F.A.C.) | County :: Palm Beach County ERM's Permitting and Regulation page lists no seawall or shoreline permit program among its topics (PBC ERM Permitting and Regulation page) | Ocean side :: Seaward of the Coastal Construction Control Line a wall needs a separate state coastal construction permit; the chapter 161 repair exemption expressly excludes seawalls (s. 161.053(2)(a), (11)(a) F.S.) | Small-job exemption :: The state's under-$7,500 single-family permit exemption does not cover structural work or property in a flood hazard area (s. 553.79(1)(g)2. F.S.) | Federal :: A U.S. Army Corps of Engineers (Department of the Army) authorization is required for structures or work in or affecting navigable waters, unless exempt or covered by a nationwide or regional general permit - 33 CFR 322.3(a) (Rivers and Harbors Act s. 10)","Town of South Palm Beach Code Ch. 26 Secs. 26-835; Sec. 10-61 (Supp. 4); s. 403.813(1)(e), 161.053, 553.79 F.S. (2026); r. 62-330.051, 18-21.005 F.A.C.; 33 CFR 322.3(a); PBC ERM Permitting and Regulation page",https://library.municode.com/fl/south_palm_beach/codes/code_of_ordinances?nodeId=PTIICOOR_CH26LADE_ARTIXMAST_DIV3BUSE_S26-835CO,2026-10,verified,"[first pass, superseded where vet_note differs] Supp. 4 thru Ord. 324. Ch. 10 Art. V coastal construction (Sec. 10-118 lists seawalls under F.S. 161.041) not fully read. Sec. 26-809 bulkhead map labeled 'Town of Lantana' - codification oddity. State/federal/county rows read 3 Oct 2026 from: Online Sunshine 2026 F.S. 403.813, 161.053, 553.79; F.A.C. 62-330.051 (eff. 6/1/2018) and 18-21.005 (eff. 3/21/2019) via flrules.org / LII; Federal Register 2026-00121 (91 FR 768); PBC ERM Permitting and Regulation page. Corps row is conditional ('may qualify'); Jacksonville District regional conditions and any SPGP not checked.",FIX,"Second read 3 Oct 2026. Read 26-835 and 10-61 (Municode API, Supp. 4 thru Ord. 324). Added tieback and materials certification rules. Ch. 10 coastal construction article not re-read - not published."
lake-worth-beach,seawall-permit,Yes,building permit,"Yes. Lake Worth Beach's development regulations bar anyone from constructing, altering or repairing a structure without a building permit from the building official. Since 1959 no fill may be placed on the channel side of the city's Lake Worth bulkhead line, and dredging or filling landward of it needs written approval.","City :: No one may 'construct, enlarge, alter, repair' a building or structure without applying to the building official and obtaining a permit - LDR Sec. 23.2-21 | Issuer :: The building division accepts applications and issues building permits; the building official implements the Florida Building Code - Sec. 23.2-5 | Bulkhead line :: Since 13 Aug 1959 no fill on the channel side of the bulkhead line; filling or dredging on the landward side needs formal written approval; new land or islands need a City Commission application with a plan showing the dredge source, judged on erosion, shoaling, stagnant water and harm to neighbors - Sec. 22-1(b), (c) | State (FDEP) :: Restoring a seawall in place or up to 18 in. waterward can be exempt from an Environmental Resource Permit where it was damaged within the last year by a discrete event or needs only minimal backfilling, and any chapter 161 permits are obtained (s. 403.813(1)(e) F.S.; r. 62-330.051(12)(b) F.A.C.); batter piles, king piles or a cap used only to stabilize and repair a wall are also exempt (r. 62-330.051(12)(d)) | State-owned bottom :: Exempt work on sovereign submerged land still needs separate authorization under chs. 253 and 258 F.S., which the Board of Trustees grants by rule for many exempt activities (r. 62-330.051 intro; r. 18-21.005(1)(b) F.A.C.) | County :: Palm Beach County ERM's Permitting and Regulation page lists no seawall or shoreline permit program among its topics (PBC ERM Permitting and Regulation page) | Ocean side :: Seaward of the Coastal Construction Control Line a wall needs a separate state coastal construction permit; the chapter 161 repair exemption expressly excludes seawalls (s. 161.053(2)(a), (11)(a) F.S.) | Small-job exemption :: The state's under-$7,500 single-family permit exemption does not cover structural work or property in a flood hazard area (s. 553.79(1)(g)2. F.S.) | Federal :: A U.S. Army Corps of Engineers (Department of the Army) authorization is required for structures or work in or affecting navigable waters, unless exempt or covered by a nationwide or regional general permit - 33 CFR 322.3(a) (Rivers and Harbors Act s. 10)","City of Lake Worth Beach Code Ch. 23 Secs. 23.2-5, 23.2-21; Ch. 22 Sec. 22-1 (Supp. 156); s. 403.813(1)(e), 161.053, 553.79 F.S. (2026); r. 62-330.051, 18-21.005 F.A.C.; 33 CFR 322.3(a); PBC ERM Permitting and Regulation page",https://library.municode.com/fl/lake_worth_beach/codes/code_of_ordinances?nodeId=PTIICOOR_CH23LADERE_ART2AD_DIV3PE_S23.2-21BUPE,2026-10,verified,"[first pass, superseded where vet_note differs] City page says repair under $1,000 that does not affect structural integrity needs no permit (cites 2020 amendments); not published - unclear if carried into Ord. 2024-04, and seawall work is structural. Supp. 156 thru Ord. 2026-08. CCCL appears only in floodplain Art. 7. State/federal/county rows read 3 Oct 2026 from: Online Sunshine 2026 F.S. 403.813, 161.053, 553.79; F.A.C. 62-330.051 (eff. 6/1/2018) and 18-21.005 (eff. 3/21/2019) via flrules.org / LII; Federal Register 2026-00121 (91 FR 768); PBC ERM Permitting and Regulation page. Corps row is conditional ('may qualify'); Jacksonville District regional conditions and any SPGP not checked.",FIX,"Second read 3 Oct 2026. Read 23.2-5, 23.2-21, 22-1 (Municode API). Removed Sec. 23.7-17 V-zone line (not re-read). Shared layers rewritten."
